account_age_months,avg_order_value,total_orders,days_since_last_purchase,discount_usage_rate,return_rate,customer_support_tickets,loyalty_member,browsing_frequency_per_week,cart_abandonment_rate,product_review_score_avg,engagement_score,satisfaction_score,price_sensitivity_index,churned,Orders_per_Month,total_customer_spend,inactivity_risk_score,frustration_index,discount_hunter
46,164.96,12,17,0.243,0.172,0,0,6.1,0.43,5.0,6.58,9.43,3.7,0,1.2608695652173914,1979.52,2.3943661971830985,0.0,0.8991
3,39.09,4,5,0.591,0.0808,1,0,4.1,0.183,4.44,6.25,8.5,6.9,0,2.333333333333333,156.36,0.9803921568627452,0.008505263157894736,4.0779
29,37.42,8,47,0.212,0.1424,0,0,1.2,0.426,3.87,3.32,8.4,4.3,0,1.2758620689655173,299.36,21.363636363636363,0.0,0.9116
35,62.64,9,3,0.699,0.0128,0,0,3.8,0.73,4.75,6.42,9.71,7.5,0,1.2571428571428571,563.76,0.625,0.0,5.2425
39,113.03,1,7,0.382,0.0232,0,0,5.4,0.613,5.0,6.48,9.92,5.0,0,1.0256410256410255,113.03,1.09375,0.0,1.9100000000000001
18,62.28,5,13,0.565,0.0544,2,0,0.0,0.68,3.3,4.52,6.79,6.6,0,1.2777777777777777,311.4,13.0,0.013966623876765083,3.7289999999999996
20,25.01,6,9,0.225,0.0528,1,0,1.1,0.492,4.51,5.12,8.67,4.4,0,1.3,150.06,4.285714285714286,0.005460186142709411,0.9900000000000001
43,50.97,11,116,0.095,0.0296,1,0,5.8,0.314,3.99,2.3,8.22,3.4,1,1.255813953488372,560.67,17.058823529411764,0.003210412147505423,0.323
60,164.73,31,1,0.19,0.0048,0,0,1.9,0.551,3.33,6.62,8.31,3.3,0,1.5166666666666666,5106.63,0.3448275862068966,0.0,0.627
58,65.91,15,4,0.341,0.0288,1,0,2.3,0.383,2.82,6.07,7.06,5.0,0,1.2586206896551724,988.65,1.2121212121212122,0.0035732009925558317,1.705
23,117.67,6,7,0.109,0.0256,0,0,4.1,0.748,3.58,6.22,8.49,3.1,0,1.2608695652173914,706.02,1.3725490196078431,0.0,0.33790000000000003
34,60.3,1,86,0.446,0.016,2,0,4.3,0.886,3.6,2.17,7.21,5.8,1,1.0294117647058822,60.3,16.22641509433962,0.0038976857490864796,2.5867999999999998
33,56.52,1,4,0.178,0.0456,0,1,6.3,0.343,4.28,6.93,9.13,3.9,0,1.0303030303030303,56.52,0.547945205479452,0.0,0.6941999999999999
50,102.46,26,33,0.199,0.052,0,0,5.4,0.158,4.15,6.02,8.98,3.8,0,1.52,2663.96,5.15625,0.0,0.7562
48,52.29,1,46,0.195,0.0096,0,0,0.3,0.951,3.17,2.83,8.14,4.1,0,1.0208333333333333,52.29,35.38461538461539,0.0,0.7995
10,48.47,1,46,0.146,0.1008,1,0,3.5,0.469,3.53,3.9,7.53,3.7,0,1.1,48.47,10.222222222222221,0.011817116060961311,0.5402
33,124.55,1,89,0.149,0.028,2,0,2.1,0.589,3.83,1.28,7.4,3.3,1,1.0303030303030303,124.55,28.709677419354836,0.006666666666666666,0.49169999999999997
47,84.6,1,71,0.308,0.0136,0,0,2.4,0.778,3.74,2.28,8.69,4.6,1,1.0212765957446808,84.6,20.88235294117647,0.0,1.4167999999999998
33,77.63,17,85,0.235,0.0008,1,1,2.9,0.599,3.16,2.28,7.49,4.2,1,1.5151515151515151,1319.71,21.794871794871796,9.422850412249706e-05,0.987
48,98.26,25,20,0.133,0.1912,1,0,1.1,0.708,4.86,5.2,8.56,3.3,0,1.5208333333333335,2456.5,9.523809523809524,0.02,0.4389
26,171.12,7,5,0.277,0.0536,2,0,4.2,0.646,4.53,6.38,8.02,3.9,0,1.2692307692307692,1197.8400000000001,0.9615384615384615,0.011884700665188472,1.0803
20,52.05,1,22,0.146,0.1399999999999999,1,0,2.6,0.37,4.11,4.8,7.98,3.7,0,1.05,52.05,6.111111111111111,0.015590200445434287,0.5402
15,111.27,4,33,0.19,0.12,1,0,3.0,0.324,4.94,4.48,8.87,3.7,0,1.2666666666666666,445.08,8.25,0.0121580547112462,0.7030000000000001
37,49.54,19,66,0.648,0.188,0,0,2.6,0.42,5.0,3.2,9.37,7.2,1,1.5135135135135136,941.26,18.333333333333332,0.0,4.6656
33,208.56,1,45,0.397,0.0632,0,0,3.9,0.5,4.49,4.08,9.28,4.5,0,1.0303030303030303,208.56,9.183673469387754,0.0,1.7865000000000002
17,74.25,1,76,0.41,0.0496,2,0,0.3,0.809,3.42,1.33,6.92,5.4,1,1.0588235294117647,74.25,58.46153846153846,0.012525252525252524,2.214
5,106.94,1,94,0.405,0.0104,1,0,3.4,0.759,4.12,1.47,8.42,5.2,1,1.2,106.94,21.363636363636363,0.0011040339702760086,2.1060000000000003
50,81.62,26,15,0.307,0.1152,3,0,4.6,0.692,3.43,6.65,6.05,4.7,0,1.52,2122.12,2.678571428571429,0.049021276595744685,1.4429
56,58.56,15,8,0.396,0.0296,0,1,4.3,0.667,4.65,6.53,9.55,5.4,0,1.2678571428571428,878.4000000000001,1.509433962264151,0.0,2.1384000000000003
4,202.1,2,8,0.13,0.032,0,0,3.1,0.493,3.16,5.7,8.05,2.7,0,1.5,404.2,1.9512195121951221,0.0,0.35100000000000003
3,38.33,1,31,0.341,0.0736,0,0,6.2,0.668,3.98,5.55,8.73,5.2,0,1.3333333333333333,38.33,4.305555555555555,0.0,1.7732
21,55.92,6,23,0.1,0.124,0,0,4.8,0.633,3.5,5.65,8.09,3.4,0,1.2857142857142856,335.52,3.9655172413793105,0.0,0.34
40,308.43,31,5,0.267,0.0928,0,0,1.3,0.136,4.56,6.22,9.25,3.0,0,1.775,9561.33,2.173913043478261,0.0,0.801
3,45.29,1,28,0.152,0.1048,3,0,3.7,0.536,4.47,4.87,7.12,3.8,0,1.3333333333333333,45.29,5.957446808510638,0.038719211822660096,0.5776
21,26.16,16,1,0.151,0.0384,1,0,3.1,0.214,4.58,6.52,8.79,3.9,0,1.7619047619047619,418.56,0.24390243902439027,0.003922369765066394,0.5889
48,110.45,13,3,0.437,0.0624,0,0,5.5,0.533,4.27,7.12,9.06,5.4,0,1.2708333333333333,1435.8500000000001,0.46153846153846156,0.0,2.3598000000000003
57,74.55,15,49,0.072,0.0088,0,1,4.7,0.628,5.0,4.62,9.97,3.1,0,1.263157894736842,1118.25,8.596491228070175,0.0,0.22319999999999998
49,113.09,1,58,0.146,0.0208,0,0,4.0,0.81,4.89,3.47,9.82,3.3,0,1.0204081632653061,113.09,11.6,0.0,0.48179999999999995
8,59.46,1,41,0.15,0.1656,2,0,4.8,0.656,3.55,4.58,6.66,3.7,0,1.125,59.46,7.06896551724138,0.04323759791122715,0.555
42,44.75,11,28,0.132,0.0808,3,0,2.7,0.589,3.63,4.87,6.36,3.7,0,1.2619047619047619,492.25,7.5675675675675675,0.03293478260869565,0.48840000000000006
36,28.16,10,8,0.063,0.0064,0,0,3.0,0.833,4.32,5.93,9.3,3.3,0,1.2777777777777777,281.6,2.0,0.0,0.2079
29,55.54,1,7,0.232,0.1448,0,0,4.9,0.607,4.35,6.32,8.87,4.3,0,1.0344827586206897,55.54,1.1864406779661016,0.0,0.9976
53,92.51,1,9,0.15,0.0816,0,0,0.0,0.561,2.85,4.58,7.58,3.5,0,1.0188679245283019,92.51,9.0,0.0,0.525
39,57.0,10,5,0.269,0.0152,1,0,7.3,0.427,5.0,7.52,9.28,4.5,0,1.2564102564102564,570.0,0.6024096385542168,0.0014785992217898833,1.2105000000000001
34,70.37,26,10,0.227,0.0208,1,0,4.0,0.806,3.94,6.7,8.2,4.2,0,1.7647058823529411,1829.6200000000001,2.0,0.0022608695652173915,0.9534
22,46.9,1,15,0.256,0.0432,0,0,1.9,0.637,2.91,4.92,7.77,4.5,0,1.0454545454545454,46.9,5.172413793103448,0.0,1.1520000000000001
55,27.63,28,24,0.309,0.02,0,1,3.8,0.891,4.33,6.0,9.26,5.0,0,1.509090909090909,773.64,5.0,0.0,1.545
31,190.85,1,25,0.218,0.028,1,0,5.7,0.587,5.0,5.68,9.24,3.4,0,1.032258064516129,190.85,3.7313432835820897,0.002734375,0.7412
28,46.14,22,45,0.385,0.3016,1,0,7.6,0.999,3.8,6.02,7.13,5.4,0,1.7857142857142856,1015.08,5.232558139534884,0.03709717097170972,2.079
35,131.91,18,27,0.034,0.0128,1,0,4.1,0.27,3.11,5.62,7.4,2.4,0,1.5142857142857142,2374.38,5.294117647058824,0.0015238095238095239,0.0816
34,26.17,1,5,0.199,0.1504,2,0,0.3,0.678,3.18,4.88,6.35,4.2,0,1.0294117647058822,26.17,3.846153846153846,0.04092517006802721,0.8358000000000001
13,28.19,7,21,0.415,0.024,0,0,3.7,0.224,5.0,5.42,9.92,5.7,0,1.5384615384615383,197.33,4.468085106382978,0.0,2.3655
41,54.45,21,22,0.194,0.0376,0,0,0.0,0.715,3.98,4.6,8.85,4.0,0,1.5121951219512195,1143.45,22.0,0.0,0.776
4,53.79,2,35,0.255,0.2704,1,0,0.3,0.737,3.46,3.42,6.89,4.5,0,1.5,107.58,26.923076923076923,0.03427122940430925,1.1475
43,78.45,22,129,0.399,0.0576,1,1,0.7,0.54,4.43,1.0,8.57,5.3,1,1.5116279069767442,1725.9,75.88235294117648,0.006018808777429467,2.1147
6,31.99,1,33,0.171,0.044,1,0,0.3,0.414,2.94,3.48,7.13,4.0,1,1.1666666666666667,31.99,25.384615384615383,0.005412054120541206,0.684
1,67.75,1,13,0.221,0.1752,2,0,0.6,0.285,3.43,4.58,6.51,4.1,0,2.0,67.75,8.125,0.0466577896138482,0.9060999999999999
12,108.72,10,33,0.319,0.1528,2,0,7.4,0.631,3.03,6.15,6.19,4.6,0,1.8333333333333335,1087.2,3.9285714285714284,0.042503477051460355,1.4673999999999998
35,180.54,27,46,0.25,0.0152,0,1,1.1,0.877,4.14,3.97,9.09,3.7,0,1.7714285714285714,4874.58,21.904761904761905,0.0,0.925
59,69.19,1,11,0.182,0.0272,2,0,5.1,0.668,4.24,6.18,7.82,3.9,0,1.0169491525423728,69.19,1.8032786885245902,0.006167800453514739,0.7098
11,68.17,9,15,0.267,0.0712,3,0,5.2,0.771,3.18,6.28,5.94,4.5,0,1.8181818181818183,613.53,2.4193548387096775,0.030778097982708932,1.2015
23,45.74,18,20,0.15,0.2376,3,1,5.5,0.706,2.38,6.43,4.59,3.8,0,1.7826086956521738,823.32,3.076923076923077,0.1275134168157424,0.57
14,44.14,1,51,0.396,0.092,2,1,6.3,0.737,3.68,4.58,7.04,5.5,0,1.0714285714285714,44.14,6.986301369863014,0.022885572139303485,2.178
19,122.82,5,6,0.207,0.0048,1,0,2.3,0.596,5.0,5.63,9.32,3.7,0,1.263157894736842,614.0999999999999,1.8181818181818183,0.0004651162790697674,0.7659
37,53.95,10,10,0.408,0.0896,1,0,3.1,0.564,3.09,5.87,7.12,5.5,0,1.2702702702702702,539.5,2.439024390243903,0.011034482758620689,2.2439999999999998
16,58.22,5,39,0.156,0.0056,0,0,1.3,0.54,4.96,3.65,9.94,3.7,0,1.3125,291.1,16.956521739130437,0.0,0.5772
44,96.81,12,21,0.193,0.0016,0,0,9.0,0.68,4.18,7.35,9.17,3.8,0,1.2727272727272727,1161.72,2.1,0.0,0.7333999999999999
28,189.07,1,51,0.317,0.0672,3,0,0.0,0.455,4.17,2.48,6.95,4.1,1,1.0357142857142858,189.07,51.0,0.025358490566037735,1.2996999999999999
45,166.89,1,11,0.424,0.044,0,1,0.1,0.653,3.76,4.52,8.61,5.0,0,1.0222222222222221,166.89,10.0,0.0,2.12
31,92.74,24,17,0.56,0.0392,1,0,2.9,0.376,4.93,5.92,9.13,6.4,0,1.7741935483870968,2225.7599999999998,4.3589743589743595,0.0038696939782823293,3.5840000000000005
53,54.75,14,12,0.336,0.0312,0,1,0.0,0.347,3.86,4.87,8.76,5.0,0,1.2641509433962264,766.5,12.0,0.0,1.6800000000000002
7,137.94,1,5,0.463,0.1848,1,0,3.2,0.9,5.0,5.85,8.72,5.4,0,1.1428571428571428,137.94,1.1904761904761905,0.019012345679012343,2.5002000000000004
46,33.27,1,1,0.339,0.1112,3,0,3.8,0.633,2.19,6.25,4.82,5.2,0,1.0217391304347827,33.27,0.20833333333333334,0.05731958762886598,1.7628000000000001
52,44.42,27,47,0.07,0.0728,1,0,5.0,0.611,4.53,5.22,8.62,3.2,0,1.5192307692307692,1199.3400000000001,7.833333333333333,0.007567567567567568,0.22400000000000003
27,51.38,1,40,0.313,0.1,0,0,5.1,0.476,3.36,4.73,8.03,4.9,0,1.037037037037037,51.38,6.557377049180328,0.0,1.5337
17,103.54,9,8,0.6,0.0016,1,0,0.5,0.666,4.23,5.07,8.56,6.6,0,1.5294117647058822,931.86,5.333333333333333,0.00016736401673640169,3.9599999999999995
7,137.76,2,164,0.136,0.0704,3,0,0.0,0.355,3.32,1.0,6.09,3.1,1,1.2857142857142856,275.52,164.0,0.02978843441466855,0.42160000000000003
15,19.32,1,11,0.309,0.0752,0,0,3.5,0.587,3.88,5.65,8.63,5.0,0,1.0666666666666667,19.32,2.4444444444444446,0.0,1.545
53,49.37,27,50,0.033,0.1376,1,0,4.7,0.925,2.97,4.97,6.84,2.9,0,1.509433962264151,1332.99,8.771929824561402,0.017551020408163264,0.09570000000000001
40,89.13,11,13,0.522,0.0632,0,0,3.3,0.617,3.01,5.82,7.8,6.1,0,1.275,980.43,3.0232558139534884,0.0,3.1842
12,48.31,7,16,0.351,0.1399999999999999,1,0,4.6,0.677,3.39,5.97,7.26,5.2,0,1.5833333333333335,338.17,2.857142857142857,0.01694915254237287,1.8252
55,23.35,28,4,0.068,0.0136,1,0,3.3,0.663,2.57,6.83,6.86,3.3,0,1.509090909090909,653.8000000000001,0.9302325581395349,0.0017302798982188293,0.22440000000000002
8,26.65,7,100,0.196,0.0048,0,0,4.2,0.776,4.35,1.63,9.33,4.2,1,1.875,186.54999999999998,19.23076923076923,0.0,0.8232
2,75.57,1,1,0.125,0.004,1,0,3.8,0.564,3.7,6.25,8.02,3.4,0,1.5,75.57,0.20833333333333334,0.00044345898004434595,0.425
44,44.41,1,19,0.077,0.2704,1,0,0.0,0.528,3.83,4.08,7.26,3.3,0,1.0227272727272727,44.41,19.0,0.03273607748184019,0.2541
59,62.68,15,61,0.491,0.0688,1,0,1.5,0.396,2.71,2.95,6.81,6.1,1,1.2542372881355932,940.2,24.4,0.008809218950064021,2.9951
38,58.91,1,43,0.179,0.0567999999999999,1,0,2.5,0.946,3.64,3.72,7.78,3.9,0,1.0263157894736843,58.91,12.285714285714286,0.006469248291571742,0.6980999999999999
56,42.62,1,16,0.33,0.0224,0,0,2.7,0.867,4.96,5.13,9.89,5.1,0,1.0178571428571428,42.62,4.324324324324324,0.0,1.683
26,42.21,20,8,0.245,0.0312,1,1,3.8,0.574,4.44,6.53,8.67,4.5,0,1.7692307692307692,844.2,1.6666666666666667,0.003226473629782833,1.1025
51,34.73,1,32,0.45,0.0736,1,0,2.7,0.535,4.61,4.33,8.7,5.9,0,1.0196078431372548,34.73,8.648648648648647,0.007587628865979382,2.6550000000000002
21,34.77,1,43,0.224,0.0624,2,0,1.6,0.761,4.0,3.42,7.46,4.4,1,1.0476190476190477,34.77,16.538461538461537,0.014751773049645388,0.9856000000000001
57,112.04,15,54,0.297,0.036,0,0,1.1,0.748,3.72,3.17,8.6,4.4,1,1.263157894736842,1680.6000000000001,25.71428571428571,0.0,1.3068
50,56.49,13,3,0.075,0.004,0,1,2.7,0.827,4.84,6.18,9.83,3.2,0,1.26,734.37,0.8108108108108107,0.0,0.24
13,50.97,4,47,0.365,0.084,0,0,1.5,0.372,4.11,3.28,8.83,5.2,0,1.3076923076923077,203.88,18.8,0.0,1.898
19,53.44,15,31,0.412,0.148,2,0,4.2,0.313,3.4,5.35,6.57,5.6,0,1.7894736842105263,801.5999999999999,5.961538461538462,0.03910171730515191,2.3072
18,43.51,1,7,0.452,0.0192,0,1,3.3,0.721,4.75,5.78,9.69,5.9,0,1.0555555555555556,43.51,1.627906976744186,0.0,2.6668000000000003
2,79.69,1,29,0.313,0.0744,1,0,2.9,0.812,4.19,4.55,8.28,4.7,0,1.5,79.69,7.435897435897436,0.008017241379310345,1.4711
52,94.23,40,6,0.119,0.1048,0,1,2.3,0.615,3.41,6.8,8.06,3.3,0,1.7692307692307692,3769.2000000000003,1.8181818181818183,0.0,0.39269999999999994
45,13.06,12,69,0.248,0.224,2,1,2.2,0.632,4.0,2.68,6.92,4.7,1,1.2666666666666666,156.72,21.5625,0.05656565656565657,1.1656
54,49.11,28,30,0.537,0.0464,2,0,5.1,0.521,3.8,6.13,7.31,6.5,0,1.5185185185185186,1375.08,4.918032786885246,0.011167268351383876,3.4905000000000004
42,56.52,1,32,0.143,0.1192,3,0,0.0,0.674,3.21,3.43,5.81,3.7,1,1.0238095238095237,56.52,32.0,0.05251101321585904,0.5291
49,70.11,13,10,0.692,0.124,1,0,0.5,0.544,3.91,5.1,7.83,7.4,0,1.2653061224489797,911.43,6.666666666666667,0.01404303510758777,5.1208
57,75.37,1,16,0.218,0.1824,1,0,2.6,0.927,3.15,5.1,6.88,4.1,0,1.0175438596491229,75.37,4.444444444444445,0.02314720812182741,0.8937999999999999
28,140.37,8,47,0.176,0.064,0,0,6.7,0.657,3.71,5.15,8.5,3.4,0,1.2857142857142856,1122.96,6.103896103896104,0.0,0.5983999999999999
50,209.63,1,15,0.337,0.0944,1,0,3.7,0.492,5.0,5.52,9.02,4.1,0,1.02,209.63,3.1914893617021276,0.009421157684630739,1.3817
23,155.21,6,22,0.252,0.0248,1,0,6.9,0.353,2.87,6.4,7.12,3.8,0,1.2608695652173914,931.26,2.7848101265822782,0.003054187192118226,0.9576
4,50.81,2,33,0.259,0.0776,0,0,5.7,0.244,4.66,5.32,9.4,4.5,0,1.5,101.62,4.925373134328358,0.0,1.1655
4,60.81,1,18,0.085,0.0096,1,0,2.9,0.791,4.27,5.1,8.57,3.2,0,1.25,60.81,4.615384615384616,0.0010031347962382443,0.272
12,95.42,1,9,0.191,0.084,0,0,3.0,0.537,3.46,5.58,8.18,3.8,0,1.0833333333333333,95.42,2.25,0.0,0.7258
22,41.21,6,30,0.731,0.0072,1,0,2.5,0.503,3.59,4.53,7.9,7.9,0,1.2727272727272727,247.26,8.571428571428571,0.0008089887640449438,5.7749
26,210.31,1,46,0.177,0.0992,1,0,5.4,0.628,4.6,4.53,8.6,3.0,0,1.0384615384615385,210.31,7.1875,0.010333333333333333,0.5309999999999999
40,46.37,21,1,0.147,0.0952,2,0,3.9,0.971,3.01,6.95,6.36,3.8,0,1.525,973.77,0.2040816326530612,0.025869565217391303,0.5586
42,50.5,1,152,0.295,0.0567999999999999,1,0,4.6,0.625,4.14,1.57,8.28,4.8,1,1.0238095238095237,50.5,27.142857142857146,0.006120689655172404,1.416
35,332.24,9,26,0.477,0.0888,1,1,2.0,0.837,4.49,4.67,8.53,4.3,0,1.2571428571428571,2990.16,8.666666666666666,0.009317943336831062,2.0511
4,121.05,3,24,0.201,0.0592,2,1,3.0,0.926,3.68,4.9,7.15,3.7,0,1.75,363.15,6.0,0.01452760736196319,0.7437
12,54.42,4,12,0.063,0.036,2,0,4.3,0.731,3.44,5.97,6.99,3.1,0,1.3333333333333333,217.68,2.2641509433962264,0.009011264080100124,0.1953
4,52.08,2,45,0.315,0.0056,1,0,3.0,0.603,3.52,3.82,7.83,4.9,0,1.5,104.16,11.25,0.0006342015855039637,1.5435
52,167.23,1,47,0.292,0.0312,2,0,5.1,0.844,3.85,4.38,7.41,4.0,0,1.0192307692307692,167.23,7.704918032786885,0.007419738406658739,1.168
57,131.56,1,28,0.292,0.0312,0,0,0.7,0.569,4.28,3.87,9.18,4.3,0,1.0175438596491229,131.56,16.47058823529412,0.0,1.2555999999999998
31,64.5,8,0,0.113,0.0032,0,0,0.0,0.548,4.69,5.27,9.68,3.4,0,1.2580645161290323,516.0,0.0,0.0,0.3842
7,89.03,1,16,0.414,0.1872,0,0,3.6,0.765,5.0,5.43,9.38,5.4,0,1.1428571428571428,89.03,3.4782608695652177,0.0,2.2356000000000003
10,350.17,3,68,0.208,0.2728,3,0,3.1,0.83,3.73,2.73,5.82,2.4,1,1.3,1050.51,16.585365853658537,0.12,0.4992
24,35.3,13,26,0.043,0.0368,0,0,4.7,0.344,4.97,5.7,9.85,3.1,0,1.5416666666666665,458.9,4.56140350877193,0.0,0.1333
15,74.17,4,47,0.269,0.0296,0,0,3.2,0.713,4.16,3.85,9.06,4.4,0,1.2666666666666666,296.68,11.19047619047619,0.0,1.1836000000000002
39,110.51,10,50,0.331,0.052,0,0,5.1,0.182,3.74,4.53,8.57,4.7,0,1.2564102564102564,1105.1000000000001,8.196721311475411,0.0,1.5557
20,43.64,1,17,0.089,0.0072,1,0,6.4,0.473,3.03,6.32,7.34,3.4,0,1.05,43.64,2.2972972972972974,0.0008633093525179857,0.3026
58,87.66,1,10,0.421,0.0112,4,0,1.5,0.532,3.51,5.03,5.81,5.4,0,1.0172413793103448,87.66,4.0,0.00657856093979442,2.2734
7,67.17,1,59,0.06,0.0408,1,1,4.0,0.355,3.93,3.42,8.13,3.0,0,1.1428571428571428,67.17,11.8,0.004468784227820373,0.18
13,84.32,4,10,0.115,0.108,1,0,3.8,0.298,4.06,5.9,8.03,3.3,0,1.3076923076923077,337.28,2.0833333333333335,0.01196013289036545,0.3795
55,24.85,1,1,0.119,0.0424,1,0,2.8,0.794,2.38,5.92,6.57,3.7,0,1.018181818181818,24.85,0.2631578947368421,0.00560105680317041,0.4403
28,151.35,1,34,0.556,0.0192,0,0,4.3,0.597,4.84,4.77,9.78,6.0,0,1.0357142857142858,151.35,6.415094339622642,0.0,3.3360000000000003
39,169.91,10,13,0.416,0.0248,0,1,1.6,0.514,5.0,5.22,9.92,4.9,0,1.2564102564102564,1699.1,5.0,0.0,2.0384
18,100.68,14,23,0.143,0.1104,1,1,5.3,0.303,4.41,6.08,8.38,3.4,0,1.7777777777777777,1409.52,3.6507936507936507,0.011769722814498933,0.48619999999999997
47,56.4,12,36,0.268,0.0672,0,1,3.4,0.843,5.0,4.73,9.78,4.5,0,1.2553191489361701,676.8,8.181818181818182,0.0,1.206
11,22.4,3,31,0.436,0.02,2,0,7.7,0.749,3.28,6.12,6.88,5.9,0,1.2727272727272727,67.19999999999999,3.563218390804598,0.005076142131979696,2.5724
36,151.31,28,82,0.635,0.1952,1,0,3.7,0.885,4.35,3.07,8.03,6.5,1,1.7777777777777777,4236.68,17.4468085106383,0.02161683277962348,4.1275
53,74.11,1,82,0.344,0.22,0,0,3.5,0.747,2.89,2.1,7.16,5.0,1,1.0188679245283019,74.11,18.22222222222222,0.0,1.7199999999999998
36,28.23,10,116,0.126,0.0024,0,0,3.5,0.618,4.49,1.5,9.48,3.7,1,1.2777777777777777,282.3,25.77777777777778,0.0,0.4662
2,41.47,1,26,0.334,0.016,0,0,5.5,0.446,5.0,5.57,9.95,5.1,0,1.5,41.47,4.0,0.0,1.7034
48,93.51,25,5,0.275,0.052,0,0,4.7,0.627,3.52,7.15,8.35,4.4,0,1.5208333333333335,2337.75,0.8771929824561403,0.0,1.2100000000000002
46,24.23,12,30,0.639,0.0656,0,0,4.5,0.537,3.86,5.4,8.64,7.3,0,1.2608695652173914,290.76,5.454545454545454,0.0,4.6647
17,27.45,9,35,0.185,0.0696,0,0,4.3,0.747,3.05,4.98,7.82,4.1,0,1.5294117647058822,247.04999999999998,6.60377358490566,0.0,0.7585
6,29.07,2,8,0.356,0.0368,2,0,4.2,0.394,5.0,6.07,8.54,5.3,0,1.3333333333333333,58.14,1.5384615384615383,0.007714884696016772,1.8867999999999998
41,69.44,21,18,0.346,0.0496,1,0,4.2,0.471,4.1,6.2,8.27,5.0,0,1.5121951219512195,1458.24,3.4615384615384612,0.00535059331175836,1.73
46,87.69,12,4,0.15,0.064,0,1,4.6,0.438,4.86,6.73,9.65,3.5,0,1.2608695652173914,1052.28,0.7142857142857143,0.0,0.525
23,110.46,12,16,0.353,0.1096,4,0,3.7,0.762,2.86,5.83,4.83,4.8,0,1.5217391304347827,1325.52,3.404255319148936,0.07519725557461407,1.6944
47,129.76,1,8,0.161,0.0048,1,0,3.9,0.378,3.91,5.93,8.23,3.3,0,1.0212765957446808,129.76,1.6326530612244896,0.0005200433369447453,0.5313
16,142.6,1,254,0.666,0.0488,0,0,3.0,0.62,5.0,1.03,9.84,6.8,1,1.0625,142.6,63.5,0.0,4.5288
60,125.51,1,33,0.401,0.0504,2,0,0.3,0.246,3.69,3.48,7.19,5.1,0,1.0166666666666666,125.51,25.384615384615383,0.012307692307692306,2.0451
41,102.8,11,5,0.45,0.0912,0,0,3.0,0.711,4.79,6.12,9.49,5.5,0,1.2682926829268293,1130.8,1.25,0.0,2.475
26,103.2,14,118,0.314,0.0376,0,0,4.8,0.644,2.16,2.07,7.03,4.6,1,1.5384615384615383,1444.8,20.344827586206897,0.0,1.4444
46,128.71,24,5,0.346,0.0088,0,0,4.6,0.513,3.89,7.08,8.86,4.6,0,1.5217391304347827,3089.04,0.8928571428571429,0.0,1.5915999999999997
50,78.52,13,28,0.443,0.0104,1,0,4.6,0.718,5.0,5.57,9.3,5.6,0,1.26,1020.76,5.0,0.0010097087378640776,2.4808
1,35.77,1,17,0.334,0.1552,0,0,6.6,0.209,4.59,6.38,9.07,5.1,0,2.0,35.77,2.236842105263158,0.0,1.7034
36,28.88,19,25,0.146,0.0488,1,1,2.4,0.608,2.87,5.18,7.04,3.8,0,1.5277777777777777,548.72,7.352941176470589,0.006069651741293533,0.5548
30,62.7,8,28,0.038,0.112,0,0,9.1,0.89,4.98,6.9,9.61,2.9,0,1.2666666666666666,501.6,2.7722772277227725,0.0,0.11019999999999999
2,27.74,1,4,0.087,0.0176,1,0,4.3,0.487,4.2,6.27,8.47,3.4,0,1.5,27.74,0.7547169811320755,0.0018585005279831046,0.29579999999999995
20,21.59,21,16,0.172,0.0472,0,0,5.2,0.796,3.49,6.63,8.33,4.1,0,2.05,453.39,2.5806451612903225,0.0,0.7051999999999998
5,27.74,1,5,0.133,0.0256,1,0,0.0,0.756,4.36,4.78,8.61,3.8,0,1.2,27.74,5.0,0.002663891779396462,0.5054
31,29.51,8,6,0.396,0.0384,1,0,3.8,0.518,2.62,6.23,6.83,5.6,0,1.2580645161290323,236.08,1.25,0.004904214559386973,2.2176
8,57.57,3,21,0.33,0.044,0,0,0.6,0.223,5.0,4.25,9.85,5.0,0,1.375,172.71,13.125,0.0,1.6500000000000001
30,56.78,1,2,0.607,0.1072,1,0,4.5,0.712,4.12,6.43,8.1,6.9,0,1.0333333333333334,56.78,0.36363636363636365,0.011780219780219781,4.1883
39,47.64,1,5,0.2,0.0632,0,0,3.4,0.374,4.03,5.92,8.82,4.1,0,1.0256410256410255,47.64,1.1363636363636362,0.0,0.82
2,43.25,1,21,0.328,0.0384,1,0,0.0,0.471,3.9,3.98,8.11,5.0,0,1.5,43.25,21.0,0.004215148188803513,1.6400000000000001
53,16.43,14,37,0.137,0.06,2,0,6.3,0.436,2.57,5.72,6.04,3.9,0,1.2641509433962264,230.01999999999998,5.068493150684931,0.017045454545454544,0.5343
13,60.28,7,64,0.305,0.0792,1,1,4.9,0.75,3.64,3.67,7.71,4.8,0,1.5384615384615383,421.96000000000004,10.847457627118644,0.009092996555683124,1.464
4,128.08,2,24,0.181,0.0008,0,0,2.3,0.748,2.68,4.63,7.68,3.5,0,1.5,256.16,7.272727272727273,0.0,0.6335
45,51.7,1,7,0.056,0.2224,1,0,0.1,0.695,4.1,4.72,7.69,3.1,0,1.0222222222222221,51.7,6.363636363636363,0.025592635212888373,0.1736
52,80.67,14,42,0.215,0.0264,1,0,5.7,0.296,4.96,5.27,9.21,4.0,0,1.2692307692307692,1129.38,6.26865671641791,0.0025857002938295785,0.86
8,132.67,1,24,0.554,0.0056,1,0,4.9,0.7,3.16,5.47,7.47,6.1,0,1.125,132.67,4.067796610169491,0.0006611570247933885,3.3794
39,62.2,10,4,0.294,0.0728,0,0,3.1,0.774,3.13,6.17,7.89,4.7,0,1.2564102564102564,622.0,0.9756097560975611,0.0,1.3818
25,56.8,7,16,0.182,0.0232,2,0,0.0,0.285,3.89,4.43,7.48,3.9,0,1.28,397.59999999999997,16.0,0.005471698113207546,0.7098
7,39.43,1,106,0.312,0.0464,1,0,2.8,0.747,4.03,1.0,8.21,4.9,1,1.1428571428571428,39.43,27.894736842105264,0.005038002171552659,1.5288000000000002
14,96.31,4,50,0.322,0.1056,0,0,4.0,0.848,4.44,3.97,9.09,4.7,0,1.2857142857142856,385.24,10.0,0.0,1.5134
29,34.75,15,32,0.198,0.2392,2,1,0.0,0.597,2.81,3.9,5.68,4.2,0,1.5172413793103448,521.25,32.0,0.07161676646706587,0.8316000000000001
45,25.44,1,26,0.24,0.0024,2,0,3.9,0.546,2.98,5.03,6.64,4.5,0,1.0222222222222221,25.44,5.3061224489795915,0.0006282722513089005,1.08
21,29.86,6,21,0.504,0.0296,2,0,3.8,0.436,3.25,5.42,6.82,6.3,0,1.2857142857142856,179.16,4.375,0.0075703324808184145,3.1752
37,102.79,1,81,0.448,0.096,0,0,3.1,0.517,4.93,2.02,9.61,5.5,1,1.027027027027027,102.79,19.75609756097561,0.0,2.464
56,51.42,29,25,0.263,0.036,1,0,1.6,0.333,3.85,5.25,8.06,4.5,0,1.5178571428571428,1491.18,9.615384615384615,0.0039735099337748336,1.1835
49,114.32,37,14,0.07,0.0136,0,1,4.1,0.599,3.58,6.9,8.53,2.8,0,1.7551020408163265,4229.84,2.7450980392156863,0.0,0.196
33,66.51,1,12,0.204,0.0168,1,0,0.0,0.657,3.57,4.43,7.85,4.0,0,1.0303030303030303,66.51,12.0,0.0018983050847457626,0.816
58,64.34,1,96,0.134,0.1056,1,0,3.8,0.456,4.69,1.5,8.67,3.6,1,1.0172413793103448,64.34,20.0,0.010920372285418822,0.48240000000000005
41,38.02,11,2,0.41,0.12,1,1,0.3,0.658,5.0,5.37,8.93,5.6,0,1.2682926829268293,418.22,1.5384615384615383,0.012084592145015106,2.296
25,84.16,7,6,0.147,0.0488,0,0,3.5,0.481,4.62,6.1,9.46,3.5,0,1.28,589.12,1.3333333333333333,0.0,0.5145
53,46.7,14,59,0.451,0.0712,0,0,3.2,0.358,5.0,3.58,9.76,5.9,0,1.2641509433962264,653.8000000000001,14.047619047619047,0.0,2.6609000000000003
59,105.75,15,1,0.513,0.068,1,0,3.5,0.334,2.96,6.62,7.07,6.0,0,1.2542372881355932,1586.25,0.2222222222222222,0.00842627013630731,3.0780000000000003
59,102.8,15,25,0.26,0.1816,4,1,1.8,0.564,2.58,4.85,4.31,4.2,0,1.2542372881355932,1542.0,8.928571428571429,0.13679849340866293,1.092
46,62.2,12,47,0.092,0.056,0,0,0.4,0.598,3.87,3.18,8.68,3.3,0,1.2608695652173914,746.4000000000001,33.57142857142858,0.0,0.3036
14,46.58,1,31,0.194,0.0688,1,0,2.4,0.682,3.72,4.28,7.82,4.1,0,1.0714285714285714,46.58,9.117647058823529,0.007800453514739228,0.7954
9,66.71,1,14,0.175,0.032,1,0,0.5,0.61,3.95,4.5,8.18,3.8,0,1.1111111111111112,66.71,9.333333333333334,0.0034858387799564274,0.6649999999999999
15,79.68,4,33,0.083,0.0368,0,0,1.4,0.903,4.96,3.95,9.84,3.1,0,1.2666666666666666,318.72,13.75,0.0,0.25730000000000003
7,95.81,1,80,0.441,0.272,1,0,6.1,0.499,5.0,3.07,8.43,5.5,1,1.1428571428571428,95.81,11.267605633802818,0.028844114528101806,2.4255
2,60.29,1,6,0.394,0.1944,1,1,4.2,0.704,5.0,6.13,8.69,5.4,0,1.5,60.29,1.1538461538461537,0.020061919504643963,2.1276
31,114.84,16,36,0.148,0.0528,0,0,2.5,0.655,3.78,4.57,8.6,3.3,0,1.5161290322580645,1837.44,10.285714285714286,0.0,0.48839999999999995
7,88.09,2,28,0.385,0.0592,0,0,0.5,0.499,4.82,3.83,9.62,5.2,0,1.2857142857142856,176.18,18.666666666666668,0.0,2.0020000000000002
41,83.7,1,7,0.233,0.1192,2,0,0.0,0.902,4.48,4.68,7.75,4.1,0,1.024390243902439,83.7,7.0,0.027245714285714286,0.9552999999999999
56,110.26,29,41,0.134,0.0936,1,1,0.2,0.249,3.27,3.98,7.29,3.3,0,1.5178571428571428,3197.54,34.16666666666667,0.011290711700844393,0.4422
11,98.64,1,14,0.149,0.1792,0,0,1.3,0.977,3.93,4.77,8.33,3.5,0,1.0909090909090908,98.64,6.086956521739131,0.0,0.5215
13,21.71,1,49,0.27,0.0016,1,0,4.2,0.752,5.0,3.98,9.33,4.8,0,1.0769230769230769,21.71,9.423076923076923,0.0001548886737657309,1.296
13,154.19,1,6,0.313,0.144,1,0,5.0,0.335,4.39,6.4,8.24,4.3,0,1.0769230769230769,154.19,1.0,0.015584415584415583,1.3458999999999999
26,31.43,7,11,0.34,0.04,5,0,0.5,0.593,2.86,4.85,4.39,5.2,0,1.2692307692307692,220.01,7.333333333333333,0.03710575139146568,1.7680000000000002
43,117.55,11,47,0.182,0.0008,0,0,2.9,0.787,4.3,3.98,9.3,3.6,0,1.255813953488372,1293.05,12.051282051282051,0.0,0.6552
60,46.34,16,4,0.34,0.016,0,1,5.8,0.277,3.74,7.27,8.69,5.1,0,1.2666666666666666,741.44,0.5882352941176471,0.0,1.734
50,97.98,13,31,0.143,0.1096,1,0,2.5,0.437,2.77,4.72,6.74,3.4,0,1.26,1273.74,8.857142857142858,0.014160206718346254,0.48619999999999997
8,31.75,1,8,0.484,0.0992,1,0,4.6,0.898,4.45,6.17,8.45,6.2,0,1.125,31.75,1.4285714285714286,0.010497354497354498,3.0008
14,53.49,8,108,0.09,0.0632,1,0,2.4,0.708,3.48,1.07,7.6,3.3,1,1.5714285714285714,427.92,31.764705882352942,0.007348837209302327,0.297
45,314.93,1,10,0.552,0.004,1,0,8.6,0.54,4.15,7.4,8.47,5.0,0,1.0222222222222221,314.93,1.0416666666666667,0.00042238648363252375,2.7600000000000002
60,95.13,16,51,0.451,0.0512,0,1,2.6,0.527,4.93,3.85,9.76,5.6,0,1.2666666666666666,1522.08,14.166666666666666,0.0,2.5256
2,42.22,1,32,0.573,0.0448,0,0,5.3,0.632,4.12,5.2,8.97,6.8,0,1.5,42.22,5.079365079365079,0.0,3.8963999999999994
56,88.99,29,5,0.345,0.212,3,1,0.0,0.848,3.0,5.72,5.29,4.9,0,1.5178571428571428,2580.71,5.0,0.10111287758346582,1.6905
42,47.79,11,10,0.166,0.0056,2,0,1.1,0.494,2.65,5.23,6.3,3.9,0,1.2619047619047619,525.6899999999999,4.761904761904762,0.0015342465753424657,0.6474
15,153.63,16,45,0.137,0.0648,1,0,3.9,0.573,3.72,4.58,7.84,3.0,0,2.0666666666666664,2458.08,9.183673469387754,0.007330316742081447,0.41100000000000003
57,37.11,15,4,0.285,0.0224,0,0,4.2,0.892,4.17,6.7,9.1,4.8,0,1.263157894736842,556.65,0.7692307692307692,0.0,1.3679999999999999
24,91.29,1,40,0.055,0.0088,0,0,4.9,0.736,5.0,4.67,9.97,2.8,0,1.0416666666666667,91.29,6.779661016949152,0.0,0.154
34,41.46,1,3,0.069,0.0936,3,0,2.6,0.812,2.44,5.75,5.13,3.2,0,1.0294117647058822,41.46,0.8333333333333333,0.045807504078303425,0.22080000000000002
4,50.0,2,19,0.279,0.084,0,0,5.8,0.716,4.08,6.05,8.8,4.7,0,1.5,100.0,2.794117647058824,0.0,1.3113000000000001
18,84.13,5,108,0.127,0.0512,1,0,3.9,0.877,2.73,1.47,6.89,3.4,1,1.2777777777777777,420.65,22.04081632653061,0.006489226869455007,0.4318
25,60.92,1,13,0.124,0.0704,0,0,3.3,0.984,2.95,5.48,7.72,3.5,0,1.04,60.92,3.0232558139534884,0.0,0.434
47,46.08,12,115,0.435,0.052,0,0,3.2,0.669,4.58,1.47,9.41,5.8,1,1.2553191489361701,552.96,27.38095238095238,0.0,2.523
24,48.65,13,15,0.281,0.0064,0,1,3.7,0.548,3.72,5.92,8.7,4.7,0,1.5416666666666665,632.4499999999999,3.1914893617021276,0.0,1.3207000000000002
6,86.11,1,2,0.764,0.0088,0,0,2.0,0.404,3.23,5.6,8.2,7.8,0,1.1666666666666667,86.11,0.6666666666666666,0.0,5.9592
34,43.62,1,4,0.183,0.0352,2,0,0.0,0.682,2.8,4.83,6.35,4.0,0,1.0294117647058822,43.62,4.0,0.009578231292517008,0.732
51,153.71,13,30,0.094,0.048,1,0,2.3,0.815,5.0,4.7,9.17,2.7,0,1.2549019607843137,1998.23,9.090909090909092,0.00471976401179941,0.2538
38,96.15,1,14,0.381,0.0496,0,1,2.1,0.462,4.05,5.03,8.88,5.1,0,1.0263157894736843,96.15,4.516129032258064,0.0,1.9430999999999998
3,214.03,1,21,0.316,0.0176,0,0,2.5,0.278,3.21,4.82,8.15,3.9,0,1.3333333333333333,214.03,6.0,0.0,1.2324
19,57.84,1,70,0.271,0.0272,0,0,0.0,0.646,3.71,1.53,8.62,4.5,1,1.0526315789473684,57.84,70.0,0.0,1.2195
47,84.14,48,6,0.4,0.1176,1,1,0.0,0.951,2.88,6.3,6.82,5.3,0,2.0212765957446805,4038.7200000000003,6.0,0.015038363171355498,2.12
46,108.5,12,74,0.158,0.1944,3,1,0.5,0.922,2.15,1.87,4.5,3.5,1,1.2608695652173914,1302.0,49.333333333333336,0.10603636363636362,0.553
58,27.85,15,7,0.258,0.0024,0,1,0.0,0.568,5.0,5.15,9.99,4.6,0,1.2586206896551724,417.75,7.0,0.0,1.1867999999999999
36,95.04,1,20,0.331,0.0408,1,1,3.6,0.846,4.27,5.23,8.47,4.7,0,1.0277777777777777,95.04,4.347826086956522,0.004308342133051742,1.5557
19,71.83,1,11,0.562,0.0408,0,0,4.5,0.357,4.66,5.98,9.52,6.5,0,1.0526315789473684,71.83,2.0,0.0,3.6530000000000005
28,76.58,1,27,0.4,0.2008,1,0,2.0,0.174,3.16,4.35,6.82,5.3,0,1.0357142857142858,76.58,9.0,0.02567774936061381,2.12
47,140.58,36,13,0.073,0.0128,0,0,1.3,0.203,5.0,5.98,9.96,2.7,0,1.7659574468085106,5060.88,5.6521739130434785,0.0,0.1971
55,46.06,14,14,0.422,0.0256,1,0,2.1,0.417,2.79,5.47,7.04,5.7,0,1.2545454545454544,644.84,4.516129032258064,0.00318407960199005,2.4054
56,72.63,15,119,0.187,0.1352,0,0,5.2,0.39,3.32,2.23,7.87,3.9,1,1.2678571428571428,1089.4499999999998,19.193548387096772,0.0,0.7293
10,71.22,6,46,0.577,0.0328,2,0,1.3,0.677,4.51,3.33,8.07,6.6,1,1.6,427.32,20.0,0.007232635060639471,3.8081999999999994
18,86.59,5,21,0.544,0.0384,0,0,4.1,0.512,3.31,5.48,8.18,6.3,0,1.2777777777777777,432.95000000000005,4.11764705882353,0.0,3.4272
4,98.48,1,97,0.22,0.0016,1,0,2.5,0.554,4.54,1.02,8.87,3.9,1,1.25,98.48,27.714285714285715,0.00016210739614994936,0.858
12,64.13,4,58,0.415,0.1024,0,0,4.4,0.375,3.07,3.7,7.73,5.5,1,1.3333333333333333,256.52,10.74074074074074,0.0,2.2824999999999998
27,86.53,7,16,0.291,0.052,1,1,7.0,0.684,5.0,6.77,9.16,4.5,0,1.2592592592592593,605.71,2.0,0.005118110236220472,1.3094999999999999
29,36.7,8,30,0.231,0.128,1,1,1.7,0.752,3.33,4.33,7.24,4.4,0,1.2758620689655173,293.6,11.11111111111111,0.015533980582524271,1.0164000000000002
57,150.98,29,7,0.414,0.0296,0,1,3.4,0.526,3.53,6.75,8.43,5.0,0,1.5087719298245614,4378.42,1.5909090909090908,0.0,2.07
12,138.16,1,27,0.168,0.0136,0,0,2.0,0.742,5.0,4.35,9.95,3.3,0,1.0833333333333333,138.16,9.0,0.0,0.5544
11,20.62,1,64,0.552,0.0064,0,0,4.1,0.292,3.54,3.2,8.52,6.7,1,1.0909090909090908,20.62,12.549019607843139,0.0,3.6984000000000004
4,31.73,2,5,0.13,0.3576,1,0,1.0,0.315,3.24,5.15,6.38,3.7,0,1.5,63.46,2.5,0.04845528455284553,0.48100000000000004
46,29.31,12,4,0.264,0.1096,2,1,5.9,0.48,3.47,7.17,6.77,4.7,0,1.2608695652173914,351.71999999999997,0.5797101449275363,0.028211068211068214,1.2408000000000001
59,107.3,1,23,0.174,0.0392,0,1,3.5,0.596,3.46,5.05,8.33,3.6,0,1.0169491525423728,107.3,5.111111111111111,0.0,0.6264
59,314.02,15,14,0.211,0.2464,3,0,1.2,0.58,2.26,5.2,4.44,2.6,0,1.2542372881355932,4710.299999999999,6.363636363636363,0.13588235294117648,0.5486
60,167.01,16,13,0.194,0.0248,0,0,2.2,0.485,4.25,5.62,9.17,3.4,0,1.2666666666666666,2672.16,4.0625,0.0,0.6596
24,27.88,1,9,0.348,0.0464,1,0,3.3,0.955,4.19,5.68,8.37,5.3,0,1.0416666666666667,27.88,2.0930232558139537,0.004951974386339381,1.8443999999999998
26,46.86,1,46,0.033,0.0016,0,0,0.0,0.897,3.71,2.73,8.7,2.9,0,1.0384615384615385,46.86,46.0,0.0,0.09570000000000001
28,86.7,1,43,0.431,0.0008,1,0,5.6,0.186,3.49,4.75,7.82,5.5,0,1.0357142857142858,86.7,6.515151515151516,9.070294784580499e-05,2.3705
58,113.86,1,17,0.159,0.0144,0,0,5.8,0.591,4.07,6.12,9.02,3.4,0,1.0172413793103448,113.86,2.5,0.0,0.5406
47,22.38,1,27,0.199,0.0376,0,0,4.2,0.69,4.69,5.08,9.56,4.3,0,1.0212765957446808,22.38,5.1923076923076925,0.0,0.8557
60,81.39,46,2,0.199,0.0632,1,1,4.1,0.501,4.19,7.8,8.31,3.9,0,1.7666666666666666,3743.94,0.3921568627450981,0.006788399570354458,0.7761
4,23.85,1,58,0.271,0.1384,4,0,2.1,0.259,1.64,2.83,3.51,4.8,1,1.25,23.85,18.70967741935484,0.12274944567627495,1.3008
36,47.74,1,33,0.201,0.0744,1,0,4.8,0.339,4.78,4.98,8.87,4.1,0,1.0277777777777777,47.74,5.689655172413794,0.007537993920972644,0.8240999999999999
15,54.44,8,27,0.459,0.0112,0,0,1.0,0.331,4.81,4.25,9.77,5.9,0,1.5333333333333332,435.52,13.5,0.0,2.7081000000000004
22,103.3,1,14,0.343,0.0408,0,0,3.1,0.699,2.74,5.37,7.6,4.8,0,1.0454545454545454,103.3,3.414634146341464,0.0,1.6464
60,127.37,16,35,0.156,0.0128,0,1,4.3,0.658,3.99,5.22,8.95,3.3,0,1.2666666666666666,2037.92,6.60377358490566,0.0,0.5147999999999999
55,53.22,14,30,0.52,0.008,1,0,3.1,0.327,3.18,5.0,7.49,6.3,0,1.2545454545454544,745.0799999999999,7.317073170731708,0.0009422850412249705,3.276
49,118.06,13,22,0.173,0.0424,0,0,1.5,0.739,4.95,4.83,9.81,3.5,0,1.2653061224489797,1534.78,8.8,0.0,0.6054999999999999
57,177.3,43,2,0.205,0.1672,3,0,3.8,0.628,4.25,7.6,6.69,3.4,0,1.7543859649122808,7623.900000000001,0.4166666666666667,0.06522756827048114,0.697
24,51.4,19,28,0.325,0.0216,0,0,2.9,0.802,3.05,5.2,7.98,5.0,0,1.7916666666666665,976.6,7.17948717948718,0.0,1.625
24,157.9,13,32,0.186,0.0992,0,0,3.7,0.403,3.88,5.07,8.55,3.4,0,1.5416666666666665,2052.7000000000003,6.808510638297872,0.0,0.6324
37,39.18,19,21,0.228,0.024,0,0,4.2,0.622,4.63,5.98,9.55,4.4,0,1.5135135135135136,744.42,4.038461538461538,0.0,1.0032
5,39.78,2,125,0.115,0.0976,1,0,4.2,0.985,3.73,1.47,7.74,3.6,1,1.4,79.56,24.038461538461537,0.01116704805491991,0.41400000000000003
6,121.72,1,10,0.408,0.0712,0,0,7.4,0.412,4.15,7.0,8.91,5.1,0,1.1666666666666667,121.72,1.1904761904761905,0.0,2.0807999999999995
49,85.86,13,11,0.204,0.1392,0,0,5.2,0.891,3.92,6.62,8.46,3.9,0,1.2653061224489797,1116.18,1.7741935483870968,0.0,0.7956
57,38.69,29,25,0.562,0.0224,0,1,4.0,0.732,5.0,6.05,9.93,6.7,0,1.5087719298245614,1122.01,5.0,0.0,3.7654000000000005
10,130.82,1,60,0.797,0.0567999999999999,1,0,2.4,0.591,3.99,2.83,8.13,7.8,1,1.1,130.82,17.647058823529413,0.006221248630887174,6.216600000000001
3,97.31,1,127,0.607,0.0552,4,0,1.5,0.372,3.75,1.0,5.9,6.7,1,1.3333333333333333,97.31,50.8,0.032,4.0669
38,140.74,1,169,0.286,0.0567999999999999,2,0,3.7,0.767,3.5,1.27,6.98,4.2,1,1.0263157894736843,140.74,35.95744680851064,0.014235588972431051,1.2012
34,129.75,9,12,0.157,0.0712,1,0,0.9,0.452,4.23,5.0,8.33,3.3,0,1.2647058823529411,1167.75,6.315789473684211,0.007631296891747052,0.5181
6,50.14,1,18,0.502,0.0144,0,0,4.2,0.836,4.57,5.53,9.52,6.2,0,1.1666666666666667,50.14,3.4615384615384612,0.0,3.1124
10,389.61,1,43,0.188,0.2336,0,0,3.8,0.183,3.75,4.15,7.97,2.0,0,1.1,389.61,8.958333333333334,0.0,0.376
16,20.38,9,117,0.138,0.0376,0,1,3.2,0.76,4.72,1.37,9.59,3.8,1,1.5625,183.42,27.857142857142858,0.0,0.5244
60,154.25,16,14,0.636,0.0064,0,0,4.2,0.402,3.45,6.23,8.43,6.5,0,1.2666666666666666,2468.0,2.692307692307692,0.0,4.134
29,97.62,8,47,0.395,0.0368,0,0,6.9,0.432,4.22,5.22,9.1,5.2,0,1.2758620689655173,780.96,5.949367088607595,0.0,2.0540000000000003
3,68.53,2,27,0.399,0.1192,0,0,3.0,0.696,3.27,4.72,7.87,5.4,0,1.6666666666666665,137.06,6.75,0.0,2.1546000000000003
11,227.05,3,13,0.166,0.2096,1,0,0.0,0.557,4.65,4.45,8.28,2.8,0,1.2727272727272727,681.1500000000001,13.0,0.022586206896551726,0.4648
37,24.44,19,15,0.388,0.22,0,0,0.0,0.94,3.56,4.88,7.83,5.6,0,1.5135135135135136,464.36,15.0,0.0,2.1728
4,120.77,2,63,0.26,0.0504,2,0,1.9,0.409,3.25,2.55,6.75,4.1,1,1.5,241.54,21.724137931034484,0.013006451612903225,1.0659999999999998
49,59.45,1,15,0.175,0.0832,1,0,3.0,0.739,3.88,5.28,7.94,3.9,0,1.0204081632653061,59.45,3.75,0.00930648769574944,0.6825
4,33.7,2,3,0.233,0.0704,0,0,1.8,0.479,5.0,5.52,9.77,4.4,0,1.5,67.4,1.0714285714285714,0.0,1.0252000000000001
24,15.17,7,30,0.27,0.0136,1,0,4.0,0.911,5.0,5.07,9.29,4.8,0,1.2916666666666667,106.19,6.0,0.0013216715257531584,1.296
28,74.27,8,15,0.197,0.0304,0,0,0.4,0.317,4.73,4.65,9.63,3.9,0,1.2857142857142856,594.16,10.714285714285715,0.0,0.7683
56,12.84,1,9,0.068,0.0448,2,1,1.0,0.635,1.98,4.92,5.5,3.4,0,1.0178571428571428,12.84,4.5,0.013784615384615385,0.23120000000000002
35,86.88,27,3,0.507,0.0344,0,1,5.0,0.498,4.83,7.42,9.72,6.0,0,1.7714285714285714,2345.7599999999998,0.5,0.0,3.042
38,94.86,10,3,0.285,0.0376,0,0,4.4,0.674,5.0,6.65,9.87,4.4,0,1.263157894736842,948.6,0.5555555555555555,0.0,1.254
50,105.96,1,30,0.262,0.0776,0,0,0.7,0.658,5.0,3.77,9.74,4.2,0,1.02,105.96,17.647058823529413,0.0,1.1004
24,157.6,13,22,0.209,0.2672,0,0,6.3,0.797,5.0,6.43,9.11,3.5,0,1.5416666666666665,2048.7999999999997,3.0136986301369864,0.0,0.7314999999999999
22,161.71,1,55,0.462,0.052,0,0,2.1,0.518,3.94,2.98,8.77,5.3,0,1.0454545454545454,161.71,17.741935483870968,0.0,2.4486
26,67.98,7,10,0.522,0.1128,0,0,3.9,0.556,3.13,6.03,7.75,6.2,0,1.2692307692307692,475.86,2.0408163265306123,0.0,3.2364
18,102.05,10,11,0.12,0.036,1,0,4.1,0.657,2.63,6.15,6.84,3.2,0,1.5555555555555556,1020.5,2.1568627450980395,0.004591836734693877,0.384
59,135.64,15,43,0.2,0.0336,2,0,3.6,0.675,3.7,4.55,7.25,3.6,0,1.2542372881355932,2034.6,9.347826086956523,0.008145454545454544,0.7200000000000001
3,48.69,1,42,0.266,0.0288,1,0,2.8,0.631,3.77,3.87,8.01,4.6,0,1.3333333333333333,48.69,11.052631578947368,0.0031964483906770256,1.2236
46,18.07,12,9,0.265,0.0424,1,0,6.0,0.852,3.91,6.95,8.1,4.7,0,1.2608695652173914,216.84,1.2857142857142858,0.00465934065934066,1.2455
11,239.53,3,16,0.418,0.0136,0,0,6.5,0.461,3.98,6.47,8.93,4.5,0,1.2727272727272727,718.59,2.1333333333333333,0.0,1.881
9,75.07,5,11,0.126,0.0184,2,0,2.6,0.831,3.41,5.48,7.02,3.4,0,1.5555555555555556,375.34999999999997,3.0555555555555554,0.00458852867830424,0.4284
54,71.95,28,5,0.33,0.0248,0,1,4.1,0.842,5.0,7.05,9.92,4.9,0,1.5185185185185186,2014.6000000000001,0.9803921568627452,0.0,1.6170000000000002
33,79.55,1,3,0.469,0.1488,3,0,0.0,0.465,3.03,4.88,5.53,5.8,0,1.0303030303030303,79.55,3.0,0.06836140888208268,2.7201999999999997
26,154.59,14,60,0.414,0.0104,0,0,0.6,0.371,5.0,2.67,9.97,5.0,1,1.5384615384615383,2164.26,37.5,0.0,2.07
36,53.49,1,11,0.347,0.028,0,0,1.7,0.428,3.49,5.05,8.4,5.1,0,1.0277777777777777,53.49,4.0740740740740735,0.0,1.7696999999999998
4,47.51,2,261,0.094,0.144,2,0,4.1,0.478,4.04,1.43,7.23,3.4,1,1.5,95.02,51.1764705882353,0.034993924665856616,0.3196
52,45.44,1,18,0.057,0.12,1,0,4.2,0.861,5.0,5.53,8.93,3.1,0,1.0192307692307692,45.44,3.4615384615384612,0.012084592145015106,0.17670000000000002
2,64.0,1,33,0.188,0.0184,0,0,4.4,0.882,3.77,4.85,8.71,3.9,0,1.5,64.0,6.111111111111111,0.0,0.7332
8,90.38,3,6,0.208,0.024,0,1,5.3,0.803,4.27,6.57,9.19,3.9,0,1.375,271.14,0.9523809523809524,0.0,0.8111999999999999
7,92.39,4,93,0.201,0.0336,0,0,4.1,0.468,2.51,1.85,7.4,3.9,1,1.5714285714285714,369.56,18.23529411764706,0.0,0.7839
36,41.97,1,23,0.45,0.0224,1,0,2.0,0.508,4.37,4.55,8.63,5.9,0,1.0277777777777777,41.97,7.666666666666667,0.002326064382139148,2.6550000000000002
34,98.41,18,5,0.078,0.0296,0,0,3.3,0.805,4.13,6.45,9.03,3.0,0,1.5294117647058822,1771.3799999999999,1.1627906976744187,0.0,0.23399999999999999
40,54.77,11,15,0.054,0.0624,0,0,5.1,0.615,4.09,6.32,8.88,3.0,0,1.275,602.47,2.459016393442623,0.0,0.162
19,54.45,1,13,0.309,0.1792,0,0,7.2,0.777,5.0,6.78,9.4,4.8,0,1.0526315789473684,54.45,1.5853658536585367,0.0,1.4831999999999999
29,51.27,30,10,0.657,0.1184,1,0,0.4,0.412,2.66,5.63,6.6,7.3,0,2.0344827586206895,1538.1000000000001,7.142857142857143,0.015578947368421053,4.7961
39,52.33,1,16,0.07,0.0304,1,0,3.9,0.431,4.7,5.53,8.93,3.2,0,1.0256410256410255,52.33,3.265306122448979,0.0030614300100704935,0.22400000000000003
6,69.36,2,42,0.422,0.0968,1,0,0.2,0.701,3.35,3.03,7.36,5.5,1,1.3333333333333333,138.72,35.0,0.011578947368421053,2.3209999999999997
10,21.99,6,63,0.265,0.144,1,0,5.4,0.643,5.0,3.85,8.85,4.7,0,1.6,131.94,9.84375,0.014619289340101522,1.2455
41,95.73,21,12,0.507,0.0256,1,0,5.3,0.332,4.15,6.87,8.4,6.0,0,1.5121951219512195,2010.3300000000002,1.9047619047619049,0.002723404255319149,3.042
42,128.92,11,31,0.38,0.084,3,0,6.1,0.582,3.74,5.85,6.46,4.9,0,1.2619047619047619,1418.12,4.366197183098592,0.033780160857908845,1.862
5,41.53,4,11,0.408,0.0312,1,1,5.1,0.443,2.22,6.28,6.45,5.6,0,1.8,166.12,1.8032786885245902,0.004187919463087248,2.2847999999999997
59,164.96,1,27,0.017,0.0,0,0,0.0,0.887,3.12,3.68,8.12,2.1,0,1.0169491525423728,164.96,27.0,0.0,0.0357
24,76.45,7,6,0.065,0.1096,0,1,4.8,0.554,5.0,6.53,9.63,3.0,0,1.2916666666666667,535.15,1.0344827586206897,0.0,0.195
41,136.06,1,33,0.081,0.0136,0,0,1.1,0.736,4.37,3.75,9.32,2.8,0,1.024390243902439,136.06,15.714285714285714,0.0,0.2268
22,43.9,12,23,0.05,0.0288,0,0,1.7,0.536,4.09,4.82,8.99,3.1,0,1.5454545454545454,526.8,8.518518518518517,0.0,0.15500000000000003
26,115.59,20,7,0.216,0.096,2,0,3.5,0.608,2.92,6.48,6.27,3.8,0,1.7692307692307692,2311.8,1.5555555555555556,0.02640990371389271,0.8208
51,74.5,13,118,0.088,0.1304,2,0,0.0,0.789,3.93,1.0,7.16,3.2,1,1.2549019607843137,968.5,118.0,0.03196078431372549,0.2816
37,62.9,1,2,0.375,0.092,0,1,2.2,0.669,3.73,5.67,8.42,5.2,0,1.027027027027027,62.9,0.625,0.0,1.9500000000000002
45,131.6,12,11,0.633,0.0096,0,0,5.5,0.335,3.79,6.68,8.76,6.6,0,1.2666666666666666,1579.1999999999998,1.6923076923076923,0.0,4.1777999999999995
29,51.96,8,27,0.252,0.0776,1,0,2.8,0.539,3.11,4.85,7.18,4.5,0,1.2758620689655173,415.68,7.105263157894737,0.009486552567237164,1.134
36,62.68,19,29,0.176,0.0352,0,0,3.9,0.556,3.7,5.48,8.58,3.9,0,1.5277777777777777,1190.92,5.918367346938775,0.0,0.6863999999999999
20,75.23,11,3,0.47,0.1488,1,0,2.9,0.526,5.0,6.18,8.84,5.8,0,1.55,827.5300000000001,0.7692307692307693,0.015121951219512195,2.726
18,53.81,10,111,0.403,0.1096,0,0,0.0,0.675,4.46,1.0,9.09,5.5,1,1.5555555555555556,538.1,111.0,0.0,2.2165
40,36.87,1,3,0.468,0.2264,2,0,2.7,0.38,4.8,5.78,7.71,6.1,0,1.025,36.87,0.8108108108108107,0.05198622273249138,2.8548
45,96.85,12,15,0.385,0.0472,0,0,0.0,0.451,5.0,4.65,9.84,5.1,0,1.2666666666666666,1162.1999999999998,15.0,0.0,1.9634999999999998
41,114.26,31,16,0.213,0.2696,2,1,2.6,0.509,4.95,6.1,7.72,3.8,0,1.7560975609756098,3542.06,4.444444444444445,0.06183486238532111,0.8093999999999999
54,59.6,14,111,0.475,0.048,0,1,3.3,0.159,4.18,1.57,9.02,6.0,1,1.2592592592592593,834.4,25.813953488372093,0.0,2.8499999999999996
56,17.92,1,5,0.47,0.036,1,1,7.3,0.291,4.17,7.22,8.38,6.2,0,1.0178571428571428,17.92,0.6024096385542168,0.003837953091684434,2.9139999999999997
56,251.08,29,47,0.239,0.304,3,0,1.4,0.631,1.94,4.08,3.93,3.2,1,1.5178571428571428,7281.320000000001,19.583333333333336,0.18498985801217038,0.7648
15,59.83,1,18,0.37,0.1712,3,0,1.8,0.707,3.25,4.73,5.68,5.2,0,1.0666666666666667,59.83,6.428571428571429,0.07688622754491017,1.924
15,43.57,1,5,0.171,0.0352,1,0,7.1,0.736,4.83,7.15,9.05,3.9,0,1.0666666666666667,43.57,0.617283950617284,0.0035024875621890547,0.6669
24,45.15,13,50,0.562,0.0352,1,1,3.1,0.713,4.16,3.97,8.38,6.7,0,1.5416666666666665,586.9499999999999,12.195121951219512,0.0037526652452025584,3.7654000000000005
29,77.8,15,39,0.299,0.16,3,0,3.2,0.492,3.04,4.62,5.51,4.6,0,1.5172413793103448,1167.0,9.285714285714285,0.07373271889400922,1.3753999999999997
54,40.08,41,117,0.582,0.1896,1,1,2.5,0.466,4.22,2.2,7.92,6.8,1,1.7592592592592593,1643.28,33.42857142857143,0.02125560538116592,3.9576
17,187.2,9,13,0.254,0.0512,1,0,1.8,0.705,3.07,5.25,7.23,3.7,0,1.5294117647058822,1684.8,4.642857142857143,0.006221142162818955,0.9398000000000001
49,149.74,13,1,0.406,0.0024,0,0,0.8,0.82,3.61,5.65,8.6,4.9,0,1.2653061224489797,1946.6200000000001,0.5555555555555556,0.0,1.9894000000000003
47,108.48,1,66,0.267,0.0184,0,0,1.0,0.334,4.0,2.07,8.94,4.2,1,1.0212765957446808,108.48,33.0,0.0,1.1214000000000002
25,336.77,7,35,0.06,0.088,0,0,5.2,0.805,3.74,5.22,8.45,1.4,0,1.28,2357.39,5.64516129032258,0.0,0.08399999999999999
16,106.39,1,14,0.207,0.0096,3,0,2.2,0.628,3.05,5.07,6.02,3.8,0,1.0625,106.39,4.375,0.0041025641025641026,0.7866
50,58.16,13,8,0.26,0.188,0,0,4.6,0.946,4.77,6.57,9.14,4.5,0,1.26,756.0799999999999,1.4285714285714286,0.0,1.17
17,194.96,5,43,0.242,0.016,1,1,4.3,0.528,2.87,4.45,7.15,3.5,0,1.2941176470588236,974.8000000000001,8.11320754716981,0.00196319018404908,0.847
47,171.51,24,9,0.455,0.1728,2,0,4.7,0.264,4.39,6.92,7.48,5.2,0,1.5106382978723403,4116.24,1.5789473684210527,0.040754716981132075,2.366
47,1006.53,12,3,0.293,0.0216,0,0,5.0,0.527,5.0,6.92,9.93,2.1,0,1.2553191489361701,12078.36,0.5,0.0,0.6153
21,25.88,1,3,0.52,0.0288,0,0,5.1,0.68,3.31,6.58,8.21,6.5,0,1.0476190476190477,25.88,0.49180327868852464,0.0,3.38
44,19.51,12,6,0.48,0.0288,1,0,3.8,0.483,4.76,6.37,9.0,6.2,0,1.2727272727272727,234.12,1.25,0.0028799999999999997,2.976
48,163.2,13,4,0.278,0.0072,0,1,3.2,0.258,4.07,6.3,9.05,4.0,0,1.2708333333333333,2121.6,0.9523809523809523,0.0,1.112
27,64.27,1,146,0.319,0.0144,1,0,8.0,0.274,4.69,2.7,8.98,4.8,1,1.037037037037037,64.27,16.22222222222222,0.001442885771543086,1.5312
54,125.4,14,3,0.041,0.0696,1,0,5.5,0.565,3.38,7.15,7.48,2.5,0,1.2592592592592593,1755.6000000000001,0.46153846153846156,0.00820754716981132,0.10250000000000001
5,112.09,3,27,0.232,0.0088,0,0,1.3,0.967,5.0,4.18,9.97,4.0,0,1.6,336.27,11.73913043478261,0.0,0.928
22,30.22,6,49,0.246,0.0776,0,0,3.8,0.673,5.0,4.02,9.74,4.5,0,1.2727272727272727,181.32,10.208333333333334,0.0,1.107
33,28.75,1,37,0.266,0.036,0,0,6.9,0.327,4.59,5.48,9.47,4.7,0,1.0303030303030303,28.75,4.6835443037974684,0.0,1.2502000000000002
40,59.68,21,18,0.205,0.0392,0,0,6.0,0.285,3.38,6.8,8.25,4.1,0,1.525,1253.28,2.5714285714285716,0.0,0.8404999999999999
2,80.75,2,16,0.24,0.1728,0,0,3.2,0.474,3.95,5.33,8.37,4.2,0,2.0,161.5,3.8095238095238093,0.0,1.008
35,109.56,1,43,0.346,0.0488,0,1,4.1,0.604,3.97,4.25,8.81,4.8,0,1.0285714285714285,109.56,8.431372549019608,0.0,1.6607999999999998
43,52.23,11,12,0.284,0.1632,0,1,3.8,0.543,4.0,6.03,8.46,4.7,0,1.255813953488372,574.53,2.5,0.0,1.3348
19,46.75,5,17,0.349,0.0112,1,0,5.6,0.897,5.0,6.18,9.3,5.2,0,1.263157894736842,233.75,2.5757575757575757,0.001087378640776699,1.8148
40,78.85,11,22,0.53,0.2256,1,0,3.3,0.772,2.92,5.37,6.5,6.2,0,1.275,867.3499999999999,5.116279069767442,0.03008,3.2860000000000005
27,16.79,7,14,0.558,0.0248,0,0,6.1,0.452,4.08,6.57,9.0,6.8,0,1.2592592592592593,117.53,1.971830985915493,0.0,3.7944000000000004
40,166.25,21,14,0.093,0.0992,4,0,2.0,0.616,1.12,5.67,3.12,2.7,0,1.525,3491.25,4.666666666666667,0.09631067961165048,0.2511
36,99.98,1,6,0.19,0.0104,0,0,1.8,0.5,4.42,5.33,9.39,3.7,0,1.0277777777777777,99.98,2.142857142857143,0.0,0.7030000000000001
59,64.35,1,44,0.571,0.1032,2,0,0.1,0.678,2.66,2.87,5.98,6.6,1,1.0169491525423728,64.35,40.0,0.0295702005730659,3.7685999999999993
39,69.41,1,1,0.12,0.0752,0,0,1.3,0.52,5.0,5.42,9.75,3.4,0,1.0256410256410255,69.41,0.4347826086956522,0.0,0.408
2,75.19,1,46,0.108,0.0176,2,0,2.3,0.576,3.18,3.5,6.79,3.3,1,1.5,75.19,13.93939393939394,0.004518613607188704,0.3564
41,69.36,21,11,0.146,0.0567999999999999,1,0,3.4,0.55,3.35,6.28,7.49,3.6,0,1.5121951219512195,1456.56,2.5,0.006690223792697279,0.5256
53,36.72,1,38,0.329,0.096,2,0,3.0,0.741,4.28,4.13,7.63,5.1,0,1.0188679245283019,36.72,9.5,0.022247972190034767,1.6779
18,102.21,1,4,0.222,0.1072,2,0,2.3,0.219,3.45,5.6,6.76,3.9,0,1.0555555555555556,102.21,1.2121212121212122,0.027628865979381446,0.8658
46,73.59,1,41,0.219,0.0024,2,0,2.1,0.831,1.71,3.68,5.37,4.1,0,1.0217391304347827,73.59,13.225806451612902,0.0007535321821036106,0.8978999999999999
23,42.03,1,7,0.345,0.0168,1,0,1.6,0.818,4.12,5.22,8.4,5.2,0,1.0434782608695652,42.03,2.692307692307692,0.0017872340425531914,1.7939999999999998
54,40.72,28,94,0.304,0.0544,1,1,6.6,0.687,5.0,3.43,9.15,4.9,1,1.5185185185185186,1140.1599999999999,12.368421052631579,0.005359605911330049,1.4896
26,81.97,1,12,0.475,0.1512,1,0,5.7,0.584,3.35,6.33,7.18,5.8,0,1.0384615384615385,81.97,1.791044776119403,0.018484107579462103,2.755
11,57.03,1,9,0.331,0.064,0,0,3.7,0.591,3.83,5.82,8.62,5.0,0,1.0909090909090908,57.03,1.9148936170212765,0.0,1.655
48,131.71,13,11,0.348,0.0304,1,0,4.5,0.505,3.87,6.38,8.1,4.6,0,1.2708333333333333,1712.23,2.0,0.0033406593406593407,1.6007999999999998
1,123.94,1,16,0.423,0.0304,1,0,5.0,0.576,4.28,5.9,8.51,5.2,0,2.0,123.94,2.6666666666666665,0.003196635120925342,2.1996
36,54.41,1,5,0.274,0.072,1,1,4.3,0.829,2.97,6.22,7.06,4.6,0,1.0277777777777777,54.41,0.9433962264150944,0.008933002481389578,1.2604
50,64.07,1,57,0.408,0.016,0,0,2.2,0.671,4.85,2.92,9.8,5.5,0,1.02,64.07,17.8125,0.0,2.2439999999999998
20,34.69,1,8,0.224,0.0584,2,0,0.0,0.521,3.12,4.63,6.59,4.4,0,1.05,34.69,8.0,0.01538866930171278,0.9856000000000001
31,64.7,32,9,0.251,0.0216,1,0,0.0,0.655,4.21,5.62,8.47,4.4,0,2.032258064516129,2070.4,9.0,0.0022808870116156283,1.1044
8,61.42,1,13,0.468,0.0688,2,0,3.5,0.654,3.16,5.55,6.6,5.9,0,1.125,61.42,2.888888888888889,0.01810526315789474,2.7612000000000005
40,36.2,11,4,0.55,0.0152,0,0,0.5,0.653,2.56,5.33,7.51,6.6,0,1.275,398.20000000000005,2.6666666666666665,0.0,3.63
24,24.75,1,13,0.232,0.0648,0,0,4.4,0.273,5.0,5.85,9.78,4.5,0,1.0416666666666667,24.75,2.4074074074074074,0.0,1.044
54,191.24,14,40,0.283,0.0488,0,0,3.3,0.169,4.32,4.57,9.16,3.8,0,1.2592592592592593,2677.36,9.30232558139535,0.0,1.0754
20,94.83,1,11,0.134,0.0408,0,0,4.2,0.818,4.45,5.88,9.31,3.4,0,1.05,94.83,2.1153846153846154,0.0,0.4556
55,76.13,1,26,0.519,0.0968,0,1,2.6,0.57,5.0,4.6,9.68,6.2,0,1.018181818181818,76.13,7.222222222222222,0.0,3.2178
15,23.87,1,52,0.471,0.0688,1,0,1.9,0.325,3.87,3.07,7.97,6.2,1,1.0666666666666667,23.87,17.931034482758623,0.007670011148272019,2.9202
30,64.41,1,23,0.259,0.0528,1,0,2.2,0.727,3.39,4.62,7.55,4.4,0,1.0333333333333334,64.41,7.1875,0.006175438596491227,1.1396000000000002
20,52.6,6,17,0.234,0.2008,4,0,5.3,0.769,3.16,6.12,4.82,4.3,0,1.3,315.6,2.6984126984126986,0.13800687285223368,1.0062
38,80.94,1,13,0.309,0.0504,0,0,1.6,0.701,5.0,4.92,9.83,4.7,0,1.0263157894736843,80.94,5.0,0.0,1.4523000000000001
2,48.24,2,12,0.158,0.1656,0,1,3.2,0.733,5.0,5.53,9.45,3.8,0,2.0,96.48,2.857142857142857,0.0,0.6003999999999999
6,105.33,1,59,0.227,0.0816,1,1,3.0,0.804,4.51,3.08,8.57,4.0,0,1.1666666666666667,105.33,14.75,0.008526645768025079,0.908
42,61.99,1,13,0.062,0.2072,2,0,3.2,0.78,3.42,5.45,6.4,3.1,0,1.0238095238095237,61.99,3.095238095238095,0.055999999999999994,0.1922
18,35.47,5,11,0.403,0.032,0,0,3.9,0.34,3.97,5.92,8.86,5.6,0,1.2777777777777777,177.35,2.2448979591836733,0.0,2.2568
36,31.73,19,13,0.243,0.0576,0,0,0.8,0.398,5.0,5.25,9.81,4.5,0,1.5277777777777777,602.87,7.222222222222222,0.0,1.0935
14,125.85,8,37,0.117,0.1936,1,0,1.4,0.942,4.02,3.88,7.71,3.1,0,1.5714285714285714,1006.8,15.416666666666668,0.022227324913892076,0.3627
26,80.54,7,43,0.121,0.0,0,0,2.0,0.745,4.7,3.75,9.7,3.4,0,1.2692307692307692,563.7800000000001,14.333333333333334,0.0,0.4114
34,71.92,1,49,0.038,0.0656,0,0,5.5,0.655,4.48,4.42,9.26,2.8,0,1.0294117647058822,71.92,7.538461538461538,0.0,0.1064
54,34.53,14,5,0.367,0.0736,0,0,5.0,0.579,2.71,6.88,7.46,5.4,0,1.2592592592592593,483.42,0.8333333333333334,0.0,1.9818
30,111.26,16,34,0.469,0.0048,0,0,0.8,0.624,4.15,4.1,9.13,5.6,0,1.5333333333333332,1780.16,18.88888888888889,0.0,2.6264
7,123.87,1,41,0.254,0.1592,1,0,3.9,0.613,4.64,4.28,8.44,4.0,0,1.1428571428571428,123.87,8.36734693877551,0.016864406779661018,1.016
59,99.12,15,42,0.444,0.016,1,1,2.9,0.708,2.53,4.37,6.81,5.5,0,1.2542372881355932,1486.8000000000002,10.76923076923077,0.0020486555697823306,2.442
30,38.25,16,49,0.036,0.1632,0,0,2.1,0.428,4.01,3.78,8.47,3.0,0,1.5333333333333332,612.0,15.806451612903226,0.0,0.10799999999999998
18,24.78,1,18,0.274,0.0016,0,0,1.8,0.5,3.98,4.73,8.97,4.8,0,1.0555555555555556,24.78,6.428571428571429,0.0,1.3152000000000001
22,15.37,12,34,0.248,0.048,2,1,1.2,0.511,2.4,4.1,5.91,4.6,0,1.5454545454545454,184.44,15.454545454545453,0.013892908827785818,1.1407999999999998
17,45.29,5,73,0.216,0.1456,3,0,6.3,0.582,2.77,3.62,5.28,4.2,1,1.2941176470588236,226.45,10.0,0.06955414012738853,0.9072
31,30.37,1,54,0.444,0.052,0,0,6.7,0.417,3.49,4.57,8.32,5.9,0,1.032258064516129,30.37,7.012987012987013,0.0,2.6196
56,89.29,15,22,0.221,0.0336,0,1,2.9,0.724,4.41,5.37,9.3,4.0,0,1.2678571428571428,1339.3500000000001,5.641025641025641,0.0,0.884
17,95.3,1,76,0.179,0.0592,0,0,0.0,0.551,2.94,1.23,7.74,3.7,1,1.0588235294117647,95.3,76.0,0.0,0.6623
31,90.45,8,6,0.131,0.0672,1,0,3.3,0.454,3.84,6.07,7.95,3.4,0,1.2580645161290323,723.6,1.3953488372093024,0.007508379888268157,0.4454
13,166.29,1,51,0.091,0.1408,2,0,5.2,0.451,4.16,4.22,7.36,2.6,0,1.0769230769230769,166.29,8.225806451612902,0.033684210526315796,0.2366
27,30.73,1,3,0.3,0.0184,1,0,5.1,0.711,3.41,6.58,7.68,4.9,0,1.037037037037037,30.73,0.49180327868852464,0.002119815668202765,1.47
20,113.01,11,1,0.834,0.0584,3,0,4.6,0.472,3.06,6.85,5.87,8.2,0,1.55,1243.1100000000001,0.17857142857142858,0.025502183406113536,6.838799999999999
17,152.98,5,75,0.482,0.1024,1,0,4.2,0.414,4.67,2.82,8.66,5.5,1,1.2941176470588236,764.9,14.423076923076923,0.01060041407867495,2.651
29,15.46,1,69,0.157,0.048,1,0,3.4,0.708,4.36,2.72,8.53,4.0,1,1.0344827586206897,15.46,15.68181818181818,0.00503672612801679,0.628
39,40.19,10,45,0.467,0.0344,1,0,0.5,0.8,5.0,3.25,9.22,6.0,0,1.2564102564102564,401.9,30.0,0.0033659491193737765,2.802
35,75.39,18,55,0.4,0.0144,1,0,5.4,0.664,4.38,4.65,8.67,5.3,0,1.5142857142857142,1357.02,8.59375,0.0014891416752843846,2.12
8,68.27,5,15,0.09,0.1032,0,0,2.0,0.237,4.33,5.08,8.99,3.2,0,1.625,341.34999999999997,5.0,0.0,0.288
43,34.64,33,5,0.315,0.1408,1,1,1.8,0.52,3.35,6.45,7.21,5.0,0,1.7674418604651163,1143.1200000000001,1.7857142857142858,0.017149817295980512,1.575
38,20.7,10,13,0.204,0.0136,0,0,2.9,0.814,4.15,5.65,9.1,4.3,0,1.263157894736842,207.0,3.3333333333333335,0.0,0.8771999999999999
15,32.56,1,43,0.203,0.004,2,0,1.9,0.739,3.08,3.52,6.73,4.2,1,1.0666666666666667,32.56,14.827586206896552,0.001034928848641656,0.8526000000000001
50,72.8,1,4,0.312,0.068,1,0,1.7,0.471,4.92,5.4,9.03,4.7,0,1.02,72.8,1.4814814814814814,0.006779661016949153,1.4664000000000001
1,28.35,1,24,0.309,0.1512,1,0,4.9,0.399,2.45,5.47,6.28,5.0,0,2.0,28.35,4.067796610169491,0.02076923076923077,1.545
33,178.98,1,78,0.264,0.0848,1,0,4.4,0.417,3.89,2.6,7.94,3.8,1,1.0303030303030303,178.98,14.444444444444443,0.00948545861297539,1.0032
3,43.75,1,11,0.393,0.0136,0,0,1.4,0.839,4.49,4.95,9.44,5.5,0,1.3333333333333333,43.75,4.583333333333334,0.0,2.1615
39,45.27,10,45,0.341,0.0104,1,0,0.4,0.63,2.06,3.22,6.36,5.1,1,1.2564102564102564,452.70000000000005,32.142857142857146,0.0014130434782608694,1.7391
38,65.83,20,11,0.292,0.068,1,1,3.2,0.214,3.81,6.18,7.92,4.6,0,1.526315789473684,1316.6,2.619047619047619,0.007623318385650225,1.3431999999999997
48,83.92,1,35,0.287,0.0264,0,0,1.3,0.816,3.84,3.72,8.75,4.5,0,1.0208333333333333,83.92,15.217391304347828,0.0,1.2914999999999999
15,70.33,4,0,0.095,0.064,2,0,0.0,0.313,2.71,5.13,6.16,3.2,0,1.2666666666666666,281.32,0.0,0.017877094972067038,0.30400000000000005
42,22.12,11,39,0.106,0.0848,1,0,4.5,0.573,4.31,4.92,8.36,3.6,0,1.2619047619047619,243.32000000000002,7.090909090909091,0.00905982905982906,0.3816
18,38.25,10,13,0.236,0.0368,2,1,3.5,0.425,4.48,5.85,8.02,4.4,0,1.5555555555555556,382.5,2.888888888888889,0.008159645232815965,1.0384
38,132.26,20,15,0.322,0.0096,1,0,4.3,0.869,4.0,6.35,8.3,4.5,0,1.526315789473684,2645.2,2.8301886792452833,0.0010322580645161289,1.449
31,224.46,1,26,0.077,0.1096,3,0,1.4,0.526,2.81,4.2,5.44,2.2,0,1.032258064516129,224.46,10.833333333333334,0.051055900621118006,0.16940000000000002
20,51.77,1,22,0.114,0.0624,0,0,0.0,0.481,4.23,3.93,9.02,3.5,0,1.05,51.77,22.0,0.0,0.399
59,71.23,15,61,0.238,0.0176,1,0,3.6,0.532,2.81,3.65,7.08,4.2,1,1.2542372881355932,1068.45,13.260869565217392,0.0021782178217821784,0.9996
7,135.22,8,1,0.213,0.044,2,1,3.0,0.53,4.13,6.22,7.65,3.7,0,2.142857142857143,1081.76,0.25,0.010173410404624276,0.7881
37,31.8,28,2,0.374,0.1568,2,0,1.4,0.849,4.06,6.3,7.2,5.4,0,1.7567567567567568,890.4,0.8333333333333334,0.03824390243902439,2.0196
27,50.76,7,1,0.241,0.1232,1,0,3.1,0.333,3.72,6.22,7.64,4.4,0,1.2592592592592593,355.32,0.24390243902439027,0.014259259259259258,1.0604
8,25.43,1,59,0.219,0.2376,0,0,5.7,0.593,4.06,3.98,8.27,4.4,1,1.125,25.43,8.805970149253731,0.0,0.9636000000000001
14,125.12,1,5,0.235,0.1616,2,1,0.3,0.538,2.33,4.88,5.46,3.9,0,1.0714285714285714,125.12,3.846153846153846,0.05003095975232198,0.9165
50,45.99,1,24,0.299,0.0424,1,0,2.4,0.744,4.18,4.63,8.37,4.8,0,1.02,45.99,7.0588235294117645,0.004525080042689434,1.4351999999999998
15,14.86,1,1,0.096,0.1224,0,0,1.7,0.654,3.42,5.55,8.01,3.6,0,1.0666666666666667,14.86,0.37037037037037035,0.0,0.3456
7,57.5,2,3,0.584,0.0952,2,0,3.6,0.572,2.29,6.12,5.64,6.7,0,1.2857142857142856,115.0,0.6521739130434783,0.028674698795180725,3.9128
33,47.08,1,18,0.222,0.0616,3,0,7.5,0.64,3.34,6.63,6.13,4.3,0,1.0303030303030303,47.08,2.1176470588235294,0.025918653576437592,0.9546
52,90.84,14,50,0.193,0.1456,2,0,2.7,0.252,3.13,3.87,6.31,3.8,1,1.2692307692307692,1271.76,13.513513513513512,0.0398358413132695,0.7333999999999999
34,105.29,1,7,0.266,0.0112,0,0,3.3,0.669,3.39,5.78,8.35,4.2,0,1.0294117647058822,105.29,1.627906976744186,0.0,1.1172000000000002
4,31.92,3,36,0.288,0.0712,1,0,3.1,0.454,4.25,4.33,8.35,4.8,0,1.75,95.76,8.78048780487805,0.007614973262032086,1.3823999999999999
1,39.39,1,21,0.297,0.0024,0,0,2.5,0.86,4.1,4.82,9.09,4.8,0,2.0,39.39,6.0,0.0,1.4256
41,143.67,1,15,0.401,0.0376,1,0,2.9,0.782,3.97,5.25,8.18,4.9,0,1.024390243902439,143.67,3.8461538461538463,0.004095860566448802,1.9649000000000003
14,47.94,1,5,0.203,0.0296,1,0,0.5,0.453,4.06,4.95,8.29,4.1,0,1.0714285714285714,47.94,3.3333333333333335,0.0031862217438105495,0.8323
31,109.87,24,27,0.084,0.0176,1,0,3.2,0.398,4.61,5.52,8.88,2.9,0,1.7741935483870968,2636.88,6.428571428571428,0.0017813765182186235,0.2436
38,109.71,10,3,0.397,0.012,1,1,6.1,0.504,4.62,7.22,8.91,5.1,0,1.263157894736842,1097.1,0.4225352112676057,0.0012108980827447023,2.0247
50,43.57,13,30,0.336,0.0048,0,0,3.1,0.388,3.93,4.97,8.91,5.1,0,1.26,566.41,7.317073170731708,0.0,1.7136
53,176.73,1,27,0.125,0.0096,1,1,2.2,0.841,4.3,4.42,8.6,2.8,0,1.0188679245283019,176.73,8.4375,0.001,0.35
20,43.64,6,10,0.213,0.2376,1,0,4.1,0.531,4.95,6.07,8.49,4.2,0,1.3,261.84000000000003,1.9607843137254903,0.025036880927291887,0.8946000000000001
3,142.39,1,7,0.476,0.0832,1,0,3.9,0.229,2.21,5.98,6.27,5.5,0,1.3333333333333333,142.39,1.4285714285714284,0.011444291609353507,2.618
35,109.74,9,28,0.074,0.1744,2,0,0.0,0.717,3.33,3.9,6.42,2.9,0,1.2571428571428571,987.66,28.0,0.047008086253369274,0.21459999999999999
46,71.65,12,7,0.434,0.0296,0,0,3.7,0.443,4.41,6.28,9.31,5.6,0,1.2608695652173914,859.8000000000001,1.4893617021276595,0.0,2.4303999999999997
33,109.75,1,12,0.136,0.0567999999999999,0,0,3.0,0.76,4.33,5.43,9.14,3.3,0,1.0303030303030303,109.75,3.0,0.0,0.44880000000000003
15,60.88,1,22,0.212,0.1728,0,0,2.1,0.865,5.0,4.63,9.42,4.1,0,1.0666666666666667,60.88,7.096774193548387,0.0,0.8691999999999999
3,80.98,2,34,0.323,0.0256,0,0,0.4,0.597,4.36,3.5,9.27,4.8,0,1.6666666666666665,161.96,24.28571428571429,0.0,1.5504
28,47.21,15,20,0.619,0.0816,1,0,3.1,0.523,5.0,5.53,9.06,7.0,0,1.5357142857142856,708.15,4.878048780487806,0.008111332007952287,4.333
27,76.96,7,32,0.733,0.0704,1,0,1.9,0.814,4.65,4.27,8.75,7.7,0,1.2592592592592593,538.7199999999999,11.03448275862069,0.007220512820512821,5.6441
47,74.3,12,5,0.455,0.1176,0,0,3.0,0.318,4.38,6.15,8.99,5.7,0,1.2553191489361701,891.5999999999999,1.25,0.0,2.5935
47,48.46,12,16,0.282,0.0104,0,0,3.9,0.681,3.93,5.9,8.9,4.7,0,1.2553191489361701,581.52,3.265306122448979,0.0,1.3254
33,95.34,17,18,0.32,0.196,1,0,3.0,0.483,3.49,5.67,7.17,4.7,0,1.5151515151515151,1620.78,4.5,0.023990208078335375,1.504
19,11.28,5,49,0.288,0.0728,0,0,6.9,0.558,2.04,5.02,6.8,4.9,0,1.263157894736842,56.4,6.20253164556962,0.0,1.4112
56,84.22,43,30,0.288,0.0112,1,1,4.3,0.767,4.84,6.37,9.14,4.5,0,1.7678571428571428,3621.46,5.660377358490567,0.0011045364891518737,1.2959999999999998
58,138.42,15,1,0.273,0.0128,0,1,0.0,0.729,4.57,5.45,9.53,4.1,0,1.2586206896551724,2076.2999999999997,1.0,0.0,1.1193
33,68.74,1,13,0.376,0.0504,2,0,1.9,0.354,4.24,5.02,7.74,5.2,0,1.0303030303030303,68.74,4.482758620689656,0.011533180778032037,1.9552
31,77.25,1,2,0.183,0.0664,1,0,0.2,0.563,3.39,5.0,7.5,3.8,0,1.032258064516129,77.25,1.6666666666666667,0.007811764705882353,0.6953999999999999
4,14.32,6,47,0.279,0.3248,1,0,5.0,0.926,3.81,4.52,7.06,4.9,0,2.5,85.92,7.833333333333333,0.040297766749379654,1.3671000000000002
32,156.76,17,9,0.223,0.0488,0,0,0.9,0.602,4.5,5.42,9.34,3.6,0,1.53125,2664.92,4.736842105263158,0.0,0.8028000000000001
42,112.29,22,5,0.405,0.0016,0,0,7.0,0.816,5.0,7.82,9.99,5.2,0,1.5238095238095237,2470.38,0.625,0.0,2.1060000000000003
28,48.86,29,0,0.744,0.0784,1,0,2.3,0.851,2.48,6.73,6.55,7.9,0,2.0357142857142856,1416.94,0.0,0.0103841059602649,5.8776
56,129.14,29,58,0.205,0.2352,1,1,0.8,0.944,4.27,3.33,7.82,3.7,0,1.5178571428571428,3745.0599999999995,32.22222222222222,0.026666666666666665,0.7585
16,85.15,1,32,0.179,0.072,0,0,3.8,0.446,4.22,4.7,8.98,3.7,0,1.0625,85.15,6.666666666666667,0.0,0.6623
49,127.51,1,77,0.419,0.028,1,0,4.3,0.439,4.24,2.62,8.48,5.2,1,1.0204081632653061,127.51,14.528301886792454,0.002953586497890295,2.1788
43,55.25,1,2,0.21,0.0688,1,0,3.4,0.717,4.41,6.07,8.51,4.1,0,1.0232558139534884,55.25,0.45454545454545453,0.007234490010515247,0.8609999999999999
28,14.72,8,13,0.569,0.092,3,1,3.5,0.882,2.26,5.78,4.95,6.9,0,1.2857142857142856,117.76,2.888888888888889,0.04638655462184874,3.9261
15,115.5,1,8,0.312,0.0192,0,0,3.1,0.515,5.0,5.67,9.94,4.5,0,1.0666666666666667,115.5,1.9512195121951221,0.0,1.404
48,48.52,37,42,0.338,0.0048,1,0,3.1,0.633,4.51,5.17,8.83,5.1,0,1.7708333333333335,1795.24,10.24390243902439,0.0004883011190233977,1.7238
22,51.57,6,1,0.359,0.044,1,1,2.2,0.646,4.43,5.88,8.62,5.2,0,1.2727272727272727,309.42,0.3125,0.004573804573804574,1.8668
31,30.38,39,11,0.22,0.0408,1,0,3.0,0.67,2.92,6.75,7.12,4.4,0,2.258064516129032,1184.82,2.75,0.005024630541871921,0.9680000000000001
60,139.58,1,14,0.234,0.08,3,0,6.3,0.876,2.35,6.43,5.08,3.8,0,1.0166666666666666,139.58,1.9178082191780823,0.039473684210526314,0.8892
21,23.57,11,134,0.159,0.0384,1,0,5.4,0.804,4.31,2.17,8.52,4.0,1,1.5238095238095237,259.27,20.9375,0.004033613445378151,0.636
32,53.42,9,27,0.142,0.0248,1,0,3.7,0.482,3.09,5.18,7.34,3.7,0,1.28125,480.78000000000003,5.74468085106383,0.002973621103117506,0.5254
7,31.46,2,94,0.499,0.048,0,0,2.3,0.937,5.0,1.13,9.84,6.3,1,1.2857142857142856,62.92,28.484848484848488,0.0,3.1437
33,34.68,17,211,0.58,0.0352,0,1,4.9,0.719,3.92,2.2,8.8,6.9,1,1.5151515151515151,589.56,35.762711864406775,0.0,4.002
8,56.95,1,21,0.388,0.0376,1,0,3.3,0.498,4.41,5.08,8.62,5.4,0,1.125,56.95,4.883720930232558,0.003908523908523909,2.0952
14,43.86,8,26,0.361,0.0016,0,0,4.3,0.74,3.48,5.4,8.47,5.3,0,1.5714285714285714,350.88,4.90566037735849,0.0,1.9132999999999998
57,159.96,1,18,0.073,0.0784,0,0,2.1,0.827,5.0,4.83,9.74,2.6,0,1.0175438596491229,159.96,5.806451612903226,0.0,0.1898
25,46.14,13,54,0.478,0.0024,0,0,4.8,0.648,4.28,4.33,9.27,6.1,0,1.52,599.82,9.310344827586206,0.0,2.9157999999999995
32,68.02,17,14,0.237,0.088,1,0,4.5,0.546,3.69,6.37,7.73,4.3,0,1.53125,1156.34,2.5454545454545454,0.010080183276059564,1.0191
28,60.2,1,39,0.556,0.0416,0,0,1.0,0.659,3.97,3.42,8.83,6.5,0,1.0357142857142858,60.2,19.5,0.0,3.6140000000000003
2,108.74,1,31,0.325,0.0064,1,0,4.1,0.2,3.53,4.85,7.84,4.6,0,1.5,108.74,6.07843137254902,0.0007239819004524888,1.4949999999999999
17,129.54,5,23,0.569,0.0552,1,0,1.7,0.792,4.29,4.58,8.44,6.2,0,1.2941176470588236,647.6999999999999,8.518518518518517,0.005847457627118645,3.5277999999999996
27,21.85,1,16,0.403,0.0136,1,0,3.1,0.625,4.87,5.27,9.16,5.7,0,1.037037037037037,21.85,3.9024390243902443,0.0013385826771653542,2.2971000000000004
2,96.95,1,24,0.3,0.1152,0,0,3.6,0.493,4.47,5.03,9.09,4.5,0,1.5,96.95,5.217391304347826,0.0,1.3499999999999999
8,47.21,1,64,0.34,0.0392,1,0,3.1,0.648,3.73,2.87,7.93,5.1,1,1.125,47.21,15.609756097560977,0.0043896976483762595,1.734
38,80.29,1,0,0.429,0.076,2,0,4.7,0.633,3.63,6.6,7.04,5.5,0,1.0263157894736843,80.29,0.0,0.018905472636815922,2.3595
20,77.69,16,13,0.162,0.036,1,0,3.8,0.473,3.98,6.15,8.19,3.7,0,1.8,1243.04,2.7083333333333335,0.003917301414581066,0.5994
49,60.71,13,7,0.309,0.0144,0,0,3.1,0.592,3.22,6.12,8.17,4.8,0,1.2653061224489797,789.23,1.707317073170732,0.0,1.4831999999999999
37,95.37,10,1,0.443,0.0016,0,0,2.4,0.592,5.0,6.08,9.99,5.5,0,1.2702702702702702,953.7,0.29411764705882354,0.0,2.4365
57,250.42,15,26,0.309,0.3016,3,1,0.8,0.586,2.75,4.47,4.74,3.7,0,1.263157894736842,3756.2999999999997,14.444444444444445,0.1576306620209059,1.1433
21,21.04,1,21,0.205,0.0992,2,0,3.8,0.684,3.09,5.25,6.43,4.3,0,1.0476190476190477,21.04,4.375,0.02670255720053836,0.8815
26,76.26,7,4,0.281,0.0632,0,0,4.4,0.68,5.0,6.5,9.79,4.5,0,1.2692307692307692,533.82,0.7407407407407407,0.0,1.2645000000000002
31,42.02,8,36,0.158,0.052,1,0,0.7,0.952,5.0,3.7,9.16,3.9,0,1.2580645161290323,336.16,21.176470588235293,0.005118110236220472,0.6162
20,97.32,1,2,0.256,0.0816,0,0,1.5,0.783,3.92,5.43,8.65,4.2,0,1.05,97.32,0.8,0.0,1.0752000000000002
6,86.47,1,1,0.336,0.1144,2,0,0.0,0.667,3.13,4.98,6.42,4.8,0,1.1666666666666667,86.47,1.0,0.0308355795148248,1.6128
50,84.25,1,3,0.508,0.0632,2,0,1.9,0.635,4.56,5.52,8.02,6.1,0,1.02,84.25,1.0344827586206897,0.014013303769401332,3.0987999999999998
15,54.37,1,14,0.525,0.016,1,0,6.1,0.596,5.0,6.37,9.28,6.3,0,1.0666666666666667,54.37,1.971830985915493,0.0015564202334630351,3.3075
57,80.11,15,34,0.739,0.0184,0,1,1.0,0.587,3.73,4.13,8.67,7.7,0,1.263157894736842,1201.65,17.0,0.0,5.6903
1,109.39,1,14,0.118,0.0096,0,0,3.9,0.693,2.59,5.63,7.56,3.2,0,2.0,109.39,2.8571428571428568,0.0,0.3776
26,63.91,14,10,0.108,0.0424,0,0,4.6,0.794,3.41,6.5,8.27,3.4,0,1.5384615384615383,894.74,1.7857142857142858,0.0,0.36719999999999997
29,77.96,22,9,0.601,0.0608,1,0,0.1,0.408,4.45,5.32,8.58,6.7,0,1.7586206896551724,1715.12,8.181818181818182,0.006346555323590814,4.0267
2,57.73,1,55,0.542,0.0656,1,0,2.8,0.677,5.0,3.22,9.11,6.4,0,1.5,57.73,14.473684210526317,0.006488625123639962,3.4688000000000003
22,52.15,12,28,0.146,0.1376,2,0,0.8,0.628,3.4,4.27,6.61,3.7,0,1.5454545454545454,625.8,15.555555555555555,0.036162943495400786,0.5402
60,65.18,1,9,0.425,0.1928,1,0,2.7,0.599,4.88,5.48,8.57,5.6,0,1.0166666666666666,65.18,2.4324324324324325,0.020146290491118077,2.38
29,38.45,22,86,0.266,0.1128,1,0,1.1,0.824,5.0,1.8,8.96,4.6,1,1.7586206896551724,845.9000000000001,40.95238095238095,0.011325301204819276,1.2236
9,62.69,1,8,0.346,0.108,0,0,5.1,0.675,3.93,6.33,8.57,5.0,0,1.1111111111111112,62.69,1.3114754098360657,0.0,1.73
41,63.88,31,25,0.213,0.024,1,1,0.4,0.428,3.6,4.92,7.85,4.1,0,1.7560975609756098,1980.28,17.857142857142858,0.002711864406779661,0.8732999999999999
21,64.7,6,7,0.228,0.04,0,1,2.8,0.49,2.77,5.78,7.64,4.2,0,1.2857142857142856,388.20000000000005,1.842105263157895,0.0,0.9576000000000001
55,62.54,28,3,0.046,0.0016,0,0,1.0,0.549,4.65,6.12,9.64,2.9,0,1.509090909090909,1751.12,1.5,0.0,0.1334
57,108.26,1,47,0.041,0.0632,0,0,1.0,0.612,3.93,3.02,8.72,2.6,1,1.0175438596491229,108.26,23.5,0.0,0.10660000000000001
32,41.13,1,6,0.447,0.0096,1,0,1.5,0.505,4.58,5.23,8.88,5.9,0,1.03125,41.13,2.4,0.0009716599190283399,2.6373
32,152.28,1,7,0.115,0.0376,0,0,5.2,0.463,2.98,6.42,7.85,2.9,0,1.03125,152.28,1.129032258064516,0.0,0.3335
47,17.61,1,96,0.458,0.0288,2,0,1.1,0.83,4.33,1.0,7.9,6.1,1,1.0212765957446808,17.61,45.714285714285715,0.0064719101123595505,2.7938
44,42.48,23,15,0.33,0.008,1,1,4.1,0.455,4.65,6.38,8.96,5.1,0,1.5227272727272727,977.04,2.9411764705882355,0.0008032128514056224,1.683
40,75.71,11,43,0.328,0.0592,0,0,3.9,0.725,5.0,4.52,9.8,4.8,0,1.275,832.81,8.775510204081632,0.0,1.5744
26,83.34,7,35,0.034,0.0312,0,0,1.7,0.235,3.17,4.05,8.07,2.7,0,1.2692307692307692,583.38,12.962962962962962,0.0,0.0918
48,50.81,1,38,0.267,0.02,1,0,0.5,0.771,4.2,3.3,8.47,4.6,0,1.0208333333333333,50.81,25.333333333333332,0.0021119324181626186,1.2282
13,69.02,14,6,0.223,0.0392,1,0,3.7,0.639,4.88,6.4,9.08,4.1,0,2.0769230769230766,966.28,1.276595744680851,0.0038888888888888888,0.9142999999999999
3,157.76,1,20,0.245,0.0224,1,0,5.6,0.549,4.36,5.9,8.62,3.8,0,1.3333333333333333,157.76,3.0303030303030303,0.002328482328482329,0.9309999999999999
32,75.99,17,31,0.305,0.1376,1,1,1.6,0.792,3.04,4.55,6.91,4.7,0,1.53125,1291.83,11.923076923076923,0.017395701643489254,1.4335
33,87.48,9,96,0.648,0.084,3,1,1.4,0.909,2.3,1.0,5.02,7.0,1,1.2727272727272727,787.32,40.0,0.041860465116279076,4.5360000000000005
33,111.16,9,1,0.269,0.0736,1,0,3.9,0.805,3.82,6.55,7.91,4.2,0,1.2727272727272727,1000.4399999999999,0.2040816326530612,0.008260381593714927,1.1298000000000001
42,79.52,11,7,0.2,0.1096,0,0,4.2,0.452,4.49,6.42,9.12,3.9,0,1.2619047619047619,874.7199999999999,1.346153846153846,0.0,0.78
42,219.04,1,3,0.093,0.0256,1,0,6.0,0.824,3.3,6.88,7.55,2.3,0,1.0238095238095237,219.04,0.42857142857142855,0.0029941520467836255,0.21389999999999998
13,45.19,7,9,0.296,0.0072,0,0,4.6,0.753,3.6,6.32,8.58,4.8,0,1.5384615384615383,316.33,1.6071428571428572,0.0,1.4207999999999998
43,146.45,1,31,0.5,0.0488,0,0,6.3,0.338,5.0,5.58,9.84,5.6,0,1.0232558139534884,146.45,4.2465753424657535,0.0,2.8
6,181.43,2,60,0.628,0.1256,0,0,0.0,0.697,3.91,2.07,8.49,6.3,1,1.3333333333333333,362.86,60.0,0.0,3.9564
4,39.25,4,6,0.175,0.0128,1,0,3.4,0.818,4.53,5.97,8.82,4.0,0,2.0,157.0,1.3636363636363635,0.0013034623217922606,0.7
38,170.51,1,19,0.511,0.1135999999999999,2,0,5.3,0.511,3.02,5.85,6.31,5.6,0,1.0263157894736843,170.51,3.015873015873016,0.031080711354309138,2.8615999999999997
6,59.08,2,56,0.104,0.1336,2,0,3.1,0.974,3.27,3.3,6.49,3.4,1,1.3333333333333333,118.16,13.658536585365855,0.035674232309746326,0.35359999999999997
51,41.22,1,5,0.158,0.0344,0,1,1.7,0.483,3.66,5.35,8.55,3.9,0,1.0196078431372548,41.22,1.8518518518518516,0.0,0.6162
3,109.05,2,9,0.175,0.052,2,1,4.9,0.58,3.78,6.25,7.27,3.6,0,1.6666666666666665,218.1,1.5254237288135593,0.012575574365175332,0.63
27,74.76,14,147,0.232,0.0824,2,0,2.7,0.5,3.4,1.37,6.79,4.2,1,1.5185185185185186,1046.64,39.729729729729726,0.021155327342747113,0.9744
40,30.64,11,1,0.099,0.0144,2,0,3.1,0.633,2.77,6.35,6.39,3.5,0,1.275,337.04,0.24390243902439027,0.0038971583220568334,0.34650000000000003
20,64.68,1,5,0.188,0.0384,0,0,5.7,0.713,5.0,6.68,9.87,3.9,0,1.05,64.68,0.7462686567164178,0.0,0.7332
18,162.85,1,71,0.121,0.0624,1,0,2.1,0.6,3.91,2.18,8.04,2.9,1,1.0555555555555556,162.85,22.903225806451612,0.006902654867256637,0.3509
20,76.27,6,30,0.49,0.0416,0,0,3.2,0.284,3.86,4.77,8.72,6.0,0,1.3,457.62,7.142857142857142,0.0,2.94
30,138.34,1,5,0.475,0.128,1,0,4.7,0.311,3.54,6.35,7.45,5.5,0,1.0333333333333334,138.34,0.8771929824561403,0.015147928994082842,2.6125
10,49.56,3,7,0.225,0.076,0,0,0.2,0.416,4.61,4.82,9.36,4.3,0,1.3,148.68,5.833333333333334,0.0,0.9675
52,64.66,1,28,0.298,0.012,1,0,3.6,0.249,3.04,4.83,7.33,4.7,0,1.0192307692307692,64.66,6.086956521739131,0.001440576230492197,1.4006
23,58.47,18,26,0.316,0.2168,1,0,3.5,0.319,3.68,5.47,7.29,4.9,0,1.7826086956521738,1052.46,5.777777777777778,0.026151990349819063,1.5484000000000002
47,29.47,24,36,0.205,0.0248,0,0,5.7,0.551,3.93,5.9,8.85,4.3,0,1.5106382978723403,707.28,5.3731343283582085,0.0,0.8815
3,88.22,1,19,0.124,0.0112,0,1,1.9,0.871,5.0,4.72,9.96,3.3,0,1.3333333333333333,88.22,6.551724137931035,0.0,0.40919999999999995
52,36.55,40,4,0.272,0.0136,0,0,1.2,0.645,3.21,6.53,8.16,4.7,0,1.7692307692307692,1462.0,1.8181818181818181,0.0,1.2784000000000002
50,61.99,38,70,0.175,0.2616,0,0,3.1,0.671,2.99,3.8,7.12,3.9,1,1.76,2355.62,17.073170731707318,0.0,0.6825
58,38.19,1,46,0.186,0.2104,5,0,0.0,0.411,2.94,2.73,3.91,4.1,1,1.0172413793103448,38.19,46.0,0.21425661914460287,0.7626
9,71.42,5,86,0.332,0.0264,2,0,4.7,0.82,2.74,2.43,6.32,4.9,1,1.5555555555555556,357.1,15.087719298245613,0.007213114754098361,1.6268000000000002
49,23.21,1,45,0.349,0.0328,0,0,1.8,0.437,3.66,3.38,8.55,5.3,0,1.0204081632653061,23.21,16.071428571428573,0.0,1.8497
19,82.8,1,47,0.121,0.1208,4,0,1.2,0.532,3.72,3.08,5.65,3.4,1,1.0526315789473684,82.8,21.363636363636363,0.07266165413533834,0.4114
36,46.81,19,14,0.466,0.1135999999999999,2,0,0.8,0.638,2.98,5.2,6.27,6.0,0,1.5277777777777777,889.3900000000001,7.777777777777778,0.03125171939477301,2.7960000000000003
40,100.53,11,33,0.692,0.0064,0,0,1.8,0.64,2.85,4.32,7.83,7.2,0,1.275,1105.83,11.785714285714286,0.0,4.9824
27,36.16,14,23,0.076,0.008,1,0,2.9,0.269,4.41,5.28,8.72,3.3,0,1.5185185185185186,506.23999999999995,5.897435897435898,0.0008230452674897119,0.25079999999999997
42,28.49,11,3,0.282,0.0488,1,1,5.2,0.835,3.56,6.95,7.73,4.8,0,1.2619047619047619,313.39,0.48387096774193544,0.005589919816723941,1.3536
28,34.44,1,26,0.448,0.128,0,0,4.0,0.598,3.99,5.07,8.56,5.9,0,1.0357142857142858,34.44,5.2,0.0,2.6432
43,22.04,1,15,0.234,0.1135999999999999,0,0,2.9,0.472,3.75,5.25,8.37,4.5,0,1.0232558139534884,22.04,3.8461538461538463,0.0,1.0530000000000002
51,53.13,26,17,0.082,0.0304,1,0,3.7,0.736,3.89,6.25,8.12,3.3,0,1.5098039215686274,1381.38,3.6170212765957444,0.0033333333333333335,0.2706
8,38.51,1,41,0.544,0.0248,1,0,0.0,0.711,3.28,2.98,7.53,6.6,1,1.125,38.51,41.0,0.0029073856975381004,3.5904000000000003
42,112.84,11,52,0.289,0.012,0,1,2.2,0.811,4.11,3.5,9.07,4.3,0,1.2619047619047619,1241.24,16.25,0.0,1.2427
48,35.47,25,7,0.091,0.2288,2,1,4.1,0.382,3.85,6.85,6.75,3.4,0,1.5208333333333335,886.75,1.3725490196078431,0.059045161290322584,0.3094
8,125.69,3,6,0.346,0.0408,1,0,2.3,0.736,3.89,5.57,8.09,4.7,0,1.375,377.07,1.8181818181818183,0.004488448844884489,1.6261999999999999
18,169.14,1,39,0.257,0.0264,1,0,0.8,0.848,5.0,3.35,9.25,3.8,0,1.0555555555555556,169.14,21.666666666666668,0.002575609756097561,0.9766
59,95.73,15,7,0.56,0.2696,2,1,2.9,0.786,4.58,6.12,7.35,6.3,0,1.2542372881355932,1435.95,1.794871794871795,0.0645748502994012,3.528
21,59.88,6,41,0.332,0.12,1,0,1.2,0.986,3.61,3.55,7.54,5.0,0,1.2857142857142856,359.28000000000003,18.636363636363633,0.014051522248243561,1.6600000000000001
46,29.57,1,24,0.174,0.0368,1,0,2.3,0.444,4.01,4.6,8.22,4.0,0,1.0217391304347827,29.57,7.272727272727273,0.0039913232104121475,0.696
13,174.46,1,29,0.16,0.0048,2,0,3.1,0.69,2.3,4.62,5.95,3.1,0,1.0769230769230769,174.46,7.073170731707318,0.0013812949640287769,0.49600000000000005
27,67.57,14,56,0.12,0.0064,0,1,4.3,0.408,3.9,4.1,8.88,3.4,0,1.5185185185185186,945.9799999999999,10.566037735849058,0.0,0.408
47,78.51,1,51,0.212,0.1408,2,1,7.6,0.546,2.85,5.02,6.05,4.0,0,1.0212765957446808,78.51,5.930232558139535,0.03994326241134752,0.848
60,63.06,1,6,0.111,0.1352,0,0,4.9,0.877,4.57,6.37,9.12,3.4,0,1.0166666666666666,63.06,1.0169491525423728,0.0,0.3774
40,222.1,11,15,0.387,0.1448,0,0,2.7,0.414,3.86,5.52,8.38,4.4,0,1.275,2443.1,4.0540540540540535,0.0,1.7028
53,177.8,1,31,0.363,0.1592,0,0,0.3,0.913,4.08,3.58,8.55,4.5,0,1.0188679245283019,177.8,23.846153846153847,0.0,1.6335
16,33.6,5,25,0.127,0.024,2,1,7.8,0.385,3.32,6.52,6.91,3.7,0,1.3125,168.0,2.840909090909091,0.00606826801517067,0.46990000000000004
40,16.29,1,5,0.443,0.0808,1,0,0.6,0.156,3.08,4.98,7.14,6.0,0,1.025,16.29,3.125,0.009926289926289925,2.658
9,55.93,3,25,0.336,0.0192,0,0,0.8,0.43,4.64,4.12,9.58,5.0,0,1.3333333333333333,167.79,13.88888888888889,0.0,1.6800000000000002
27,39.96,7,32,0.294,0.0464,1,0,0.6,0.228,3.73,3.83,7.91,4.8,0,1.2592592592592593,279.72,20.0,0.005207631874298541,1.4111999999999998
17,172.34,1,6,0.155,0.012,0,0,0.0,0.848,5.0,4.73,9.96,3.1,0,1.0588235294117647,172.34,6.0,0.0,0.4805
3,68.82,1,18,0.141,0.3088,1,0,5.7,0.59,4.57,6.03,7.87,3.6,0,1.3333333333333333,68.82,2.6865671641791042,0.034813979706877114,0.5075999999999999
56,43.36,15,3,0.053,0.0264,1,0,0.0,0.491,4.71,5.35,8.96,3.1,0,1.2678571428571428,650.4,3.0,0.002650602409638554,0.1643
53,60.05,1,2,0.449,0.0208,0,0,1.3,0.521,3.95,5.37,8.88,5.8,0,1.0188679245283019,60.05,0.8695652173913044,0.0,2.6042
4,101.3,2,22,0.114,0.004,0,0,4.1,0.589,4.91,5.33,9.9,3.2,0,1.5,202.6,4.313725490196079,0.0,0.3648
40,44.93,11,101,0.298,0.0272,1,0,4.7,0.658,4.79,1.93,9.03,4.8,1,1.275,494.23,17.719298245614034,0.002711864406779661,1.4304
52,48.35,27,5,0.278,0.0392,0,0,1.6,0.783,3.4,6.18,8.27,4.7,0,1.5192307692307692,1305.45,1.923076923076923,0.0,1.3066000000000002
56,61.89,15,10,0.592,0.028,2,1,1.7,0.879,2.87,5.57,6.44,6.8,0,1.2678571428571428,928.35,3.7037037037037033,0.007526881720430107,4.0256
1,28.91,1,56,0.463,0.0608,2,1,2.8,0.876,4.92,3.17,8.38,6.1,0,2.0,28.91,14.73684210526316,0.012963752665245201,2.8243
14,51.18,4,72,0.122,0.0352,0,0,0.6,0.722,3.31,1.73,8.19,3.5,1,1.2857142857142856,204.72,45.0,0.0,0.427
8,166.89,3,51,0.213,0.1216,0,0,2.8,0.447,4.74,3.48,9.33,3.5,0,1.375,500.66999999999996,13.421052631578949,0.0,0.7454999999999999
7,70.56,2,148,0.508,0.02,0,0,6.8,0.632,2.17,2.33,7.1,6.1,1,1.2857142857142856,141.12,18.974358974358974,0.0,3.0987999999999998
30,45.62,23,1,0.493,0.0488,1,0,5.1,0.735,3.58,7.42,7.75,6.2,0,1.7666666666666666,1049.26,0.1639344262295082,0.005577142857142858,3.0566
25,88.89,26,89,0.224,0.0304,1,0,0.0,0.785,3.14,1.42,7.37,4.0,1,2.04,2311.14,89.0,0.0036320191158900833,0.896
39,44.53,1,9,0.159,0.1504,1,1,3.5,0.722,4.71,5.75,8.54,3.8,0,1.0256410256410255,44.53,2.0,0.01576519916142558,0.6042
16,53.97,5,18,0.153,0.1496,0,0,5.2,0.706,3.18,6.0,7.68,3.7,0,1.3125,269.85,2.903225806451613,0.0,0.5661
11,30.92,1,4,0.668,0.0064,1,0,3.7,0.763,2.49,6.07,6.8,7.5,0,1.0909090909090908,30.92,0.851063829787234,0.0008205128205128206,5.010000000000001
25,94.78,7,3,0.097,0.0664,0,0,2.8,0.858,3.79,6.02,8.57,3.1,0,1.28,663.46,0.7894736842105263,0.0,0.3007
33,62.0,1,47,0.517,0.1552,3,0,1.5,0.715,2.43,3.18,4.91,6.2,1,1.0303030303030303,62.0,18.8,0.07878172588832487,3.2054
54,20.16,28,2,0.409,0.1784,0,1,5.0,0.452,5.0,7.5,9.41,5.7,0,1.5185185185185186,564.48,0.3333333333333333,0.0,2.3313
52,27.49,14,8,0.216,0.0024,1,1,2.9,0.478,3.46,6.03,7.79,4.3,0,1.2692307692307692,384.85999999999996,2.0512820512820515,0.00027303754266211604,0.9288
51,54.29,1,30,0.51,0.0256,0,0,2.4,0.685,3.46,4.33,8.37,6.2,0,1.0196078431372548,54.29,8.823529411764707,0.0,3.1620000000000004
48,149.07,1,68,0.183,0.032,0,0,2.6,0.69,3.09,2.5,7.98,3.4,1,1.0208333333333333,149.07,18.88888888888889,0.0,0.6222
21,90.61,6,8,0.224,0.1168,1,0,2.3,0.755,2.72,5.57,6.66,4.0,0,1.2857142857142856,543.66,2.4242424242424243,0.01524804177545692,0.896
52,18.33,14,3,0.586,0.0096,2,0,0.0,0.595,4.53,5.32,8.16,7.0,0,1.2692307692307692,256.62,3.0,0.002096069868995633,4.101999999999999
52,68.04,14,46,0.123,0.0224,0,0,6.0,0.637,3.91,5.17,8.84,3.5,0,1.2692307692307692,952.5600000000001,6.571428571428571,0.0,0.4305
10,59.72,6,24,0.128,0.0728,0,0,3.8,0.655,4.44,5.27,9.2,3.5,0,1.6,358.32,5.0,0.0,0.448
56,24.58,1,12,0.481,0.0528,0,0,2.4,0.825,4.61,5.23,9.43,6.2,0,1.0178571428571428,24.58,3.5294117647058822,0.0,2.9822
50,36.12,13,2,0.681,0.0567999999999999,2,0,7.3,0.801,5.0,7.77,8.48,7.6,0,1.26,469.55999999999995,0.24096385542168672,0.011983122362869176,5.1756
9,64.41,3,41,0.288,0.0152,1,0,4.1,0.261,3.34,4.42,7.62,4.6,0,1.3333333333333333,193.23,8.03921568627451,0.0017633410672853826,1.3247999999999998
1,60.19,1,19,0.021,0.0248,1,0,0.4,0.804,3.35,4.22,7.6,2.8,0,2.0,60.19,13.571428571428573,0.0028837209302325583,0.0588
34,64.05,1,26,0.205,0.02,0,0,3.7,0.293,5.0,4.97,9.93,4.1,0,1.0294117647058822,64.05,5.531914893617021,0.0,0.8404999999999999
31,40.87,8,5,0.034,0.0464,0,0,3.7,0.292,4.17,6.25,9.02,3.0,0,1.2580645161290323,326.96,1.0638297872340425,0.0,0.10200000000000001
21,54.37,11,34,0.155,0.0032,1,0,2.5,0.81,2.84,4.5,7.16,3.8,0,1.5238095238095237,598.0699999999999,9.714285714285714,0.0003921568627450981,0.589
24,53.73,13,17,0.405,0.0088,0,0,5.9,0.827,4.4,6.55,9.37,5.5,0,1.5416666666666665,698.49,2.463768115942029,0.0,2.2275
19,376.34,5,80,0.31,0.244,3,0,4.8,0.89,3.2,2.77,5.39,2.9,1,1.263157894736842,1881.6999999999998,13.793103448275863,0.11455399061032864,0.899
48,68.6,13,6,0.462,0.0592,0,0,7.3,0.412,5.0,7.57,9.8,5.8,0,1.2708333333333333,891.8,0.7228915662650601,0.0,2.6796
60,57.95,1,61,0.252,0.1168,2,1,0.5,0.735,4.04,2.15,7.32,4.4,1,1.0166666666666666,57.95,40.666666666666664,0.028076923076923076,1.1088
60,30.44,1,1,0.321,0.168,5,0,3.2,0.701,3.47,6.05,4.58,5.1,0,1.0166666666666666,30.44,0.23809523809523808,0.15053763440860216,1.6371
21,40.21,1,54,0.365,0.0728,1,0,6.0,0.648,3.61,4.33,7.7,5.3,0,1.0476190476190477,40.21,7.714285714285714,0.008367816091954024,1.9344999999999999
25,124.31,19,76,0.3,0.0224,0,1,6.0,0.537,4.22,3.83,9.15,4.4,0,1.76,2361.89,10.857142857142858,0.0,1.32
20,60.23,11,9,0.419,0.0032,0,0,0.8,0.514,3.87,5.18,8.86,5.6,0,1.55,662.53,5.0,0.0,2.3463999999999996
53,77.7,1,12,0.06,0.2448,1,0,2.8,0.298,3.22,5.37,6.74,3.0,0,1.0188679245283019,77.7,3.1578947368421053,0.03162790697674418,0.18
26,94.0,1,26,0.395,0.02,0,0,0.0,0.785,2.99,3.73,7.92,5.2,0,1.0384615384615385,94.0,26.0,0.0,2.0540000000000003
7,97.46,2,93,0.173,0.0168,0,0,3.2,0.195,3.58,1.48,8.52,3.6,1,1.2857142857142856,194.92,22.142857142857142,0.0,0.6228
3,31.86,1,6,0.19,0.0536,2,0,2.6,0.85,4.4,5.6,7.89,4.1,0,1.3333333333333333,31.86,1.6666666666666665,0.012058492688413948,0.7789999999999999
40,72.93,31,5,0.037,0.0272,0,0,3.2,0.618,2.87,6.85,7.78,2.8,0,1.775,2260.8300000000004,1.1904761904761905,0.0,0.10359999999999998
56,39.11,29,13,0.29,0.1944,0,0,5.0,0.457,3.51,6.98,7.86,4.8,0,1.5178571428571428,1134.19,2.1666666666666665,0.0,1.392
48,77.83,13,6,0.372,0.032,1,0,2.2,0.385,4.57,5.87,8.8,5.1,0,1.2708333333333333,1011.79,1.875,0.0032653061224489793,1.8971999999999998
8,31.3,1,96,0.427,0.1399999999999999,1,0,5.3,0.33,3.45,2.0,7.32,5.8,1,1.125,31.3,15.238095238095239,0.016826923076923066,2.4766
53,73.07,27,43,0.289,0.0344,1,1,0.4,0.725,2.75,3.88,6.97,4.6,0,1.509433962264151,1972.8899999999999,30.714285714285715,0.004316185696361355,1.3293999999999997
30,40.83,1,101,0.221,0.128,2,0,1.6,0.646,3.95,1.0,7.19,4.3,1,1.0333333333333334,40.83,38.84615384615385,0.03125763125763125,0.9502999999999999
11,45.4,1,32,0.231,0.0008,3,1,0.5,0.669,3.02,3.6,6.02,4.3,0,1.0909090909090908,45.4,21.333333333333332,0.00034188034188034193,0.9933
8,83.14,1,16,0.222,0.0624,0,0,2.7,0.489,4.49,5.13,9.28,4.1,0,1.125,83.14,4.324324324324324,0.0,0.9101999999999999
57,34.2,1,11,0.073,0.0144,0,0,2.1,0.627,4.65,5.18,9.6,3.3,0,1.0175438596491229,34.2,3.5483870967741935,0.0,0.24089999999999998
37,297.41,1,41,0.153,0.0048,0,0,5.5,0.28,4.26,4.82,9.24,2.3,0,1.027027027027027,297.41,6.3076923076923075,0.0,0.3519
17,71.47,9,51,0.455,0.208,3,0,2.8,0.48,2.22,3.68,4.53,5.8,1,1.5294117647058822,643.23,13.421052631578949,0.11283905967450271,2.639
8,57.05,3,1,0.31,0.2016,3,1,0.5,0.491,1.85,5.22,4.18,4.8,0,1.375,171.14999999999998,0.6666666666666666,0.11675675675675676,1.488
47,106.45,12,16,0.13,0.08,0,0,3.7,0.717,4.68,5.83,9.41,3.3,0,1.2553191489361701,1277.4,3.404255319148936,0.0,0.429
44,163.96,34,119,0.217,0.0592,2,0,2.9,0.604,3.29,2.1,6.76,3.5,1,1.7727272727272727,5574.64,30.512820512820515,0.015257731958762887,0.7595
30,60.75,16,73,0.143,0.0176,0,0,0.0,0.473,3.26,1.88,8.2,3.6,1,1.5333333333333332,972.0,73.0,0.0,0.5147999999999999
43,144.99,11,5,0.481,0.1384,0,1,3.5,0.777,4.12,6.28,8.66,5.5,0,1.255813953488372,1594.89,1.1111111111111112,0.0,2.6454999999999997
43,215.12,1,8,0.272,0.04,3,0,3.6,0.203,5.0,5.83,7.87,3.6,0,1.0232558139534884,215.12,1.7391304347826089,0.013528748590755353,0.9792000000000001
16,49.32,1,7,0.145,0.1528,1,0,4.4,0.605,3.09,6.15,6.91,3.7,0,1.0625,49.32,1.2962962962962963,0.0193173198482933,0.5365
55,123.29,14,30,0.578,0.0536,0,0,8.8,0.747,3.05,6.9,7.87,6.3,0,1.2545454545454544,1726.0600000000002,3.061224489795918,0.0,3.6413999999999995
4,122.5,1,20,0.45,0.2136,0,0,5.3,0.551,5.0,5.8,9.29,5.4,0,1.25,122.5,3.174603174603175,0.0,2.43
21,117.4,6,23,0.312,0.0224,0,0,2.0,0.455,4.06,4.72,8.99,4.5,0,1.2857142857142856,704.4000000000001,7.666666666666667,0.0,1.404
50,47.24,13,25,0.123,0.0312,0,1,5.6,0.812,4.11,6.05,9.01,3.6,0,1.26,614.12,3.787878787878788,0.0,0.4428
34,129.93,9,6,0.202,0.0672,0,0,0.6,0.82,4.96,5.2,9.74,3.6,0,1.2647058823529411,1169.3700000000001,3.75,0.0,0.7272000000000001
40,64.79,11,27,0.342,0.0456,1,0,4.3,0.492,3.91,5.45,8.09,5.0,0,1.275,712.69,5.09433962264151,0.005016501650165017,1.7100000000000002
35,38.65,1,144,0.357,0.0088,1,0,2.9,0.375,2.55,1.0,6.85,5.3,1,1.0285714285714285,38.65,36.92307692307693,0.001121019108280255,1.8921
13,27.34,4,28,0.57,0.0904,1,0,4.0,0.699,5.0,5.07,9.03,6.8,0,1.3076923076923077,109.36,5.6,0.00901296111665005,3.8759999999999994
43,59.03,1,12,0.518,0.0368,0,0,4.4,0.626,4.94,5.9,9.82,6.3,0,1.0232558139534884,59.03,2.222222222222222,0.0,3.2634
27,35.71,7,28,0.636,0.008,0,0,4.1,0.959,5.0,5.2,9.97,7.2,0,1.2592592592592593,249.97,5.490196078431373,0.0,4.5792
8,42.65,1,29,0.445,0.0016,0,0,6.2,0.496,4.16,5.65,9.15,5.9,0,1.125,42.65,4.027777777777778,0.0,2.6255
41,134.37,11,20,0.097,0.1312,1,1,1.7,0.477,4.72,4.93,8.62,2.9,0,1.2682926829268293,1478.0700000000002,7.4074074074074066,0.01363825363825364,0.2813
42,79.06,1,23,0.466,0.0008,1,0,1.9,0.806,3.53,4.52,7.86,5.8,0,1.0238095238095237,79.06,7.931034482758621,9.029345372460498e-05,2.7028
29,89.26,1,28,0.549,0.0912,2,0,1.2,0.715,3.24,4.03,6.6,6.3,0,1.0344827586206897,89.26,12.727272727272727,0.024,3.4587000000000003
16,74.0,1,40,0.232,0.0056,0,0,6.4,0.86,4.49,5.17,9.47,4.2,0,1.0625,74.0,5.405405405405405,0.0,0.9744
43,110.3,11,11,0.265,0.0072,1,0,3.7,0.418,4.21,6.05,8.52,4.2,0,1.255813953488372,1213.3,2.3404255319148937,0.0007563025210084033,1.1130000000000002
53,92.13,1,21,0.1,0.0872,2,0,0.3,0.468,3.44,4.08,6.82,3.1,0,1.0188679245283019,92.13,16.153846153846153,0.022301790281329923,0.31000000000000005
46,84.29,1,51,0.345,0.0608,1,0,3.8,0.189,3.87,3.75,8.0,4.9,0,1.0217391304347827,84.29,10.625,0.0067555555555555554,1.6905
5,79.3,6,25,0.163,0.004,1,0,2.8,0.333,4.05,4.88,8.37,3.7,0,2.2,475.79999999999995,6.578947368421053,0.0004268943436499467,0.6031000000000001
37,33.59,10,61,0.414,0.0944,1,0,2.4,0.808,5.0,3.08,9.02,5.7,0,1.2702702702702702,335.90000000000003,17.941176470588236,0.009421157684630739,2.3598
40,98.16,41,17,0.165,0.0344,1,0,1.6,0.39,3.87,6.05,8.09,3.6,0,2.025,4024.56,6.538461538461538,0.0037843784378437844,0.5940000000000001
40,74.17,21,19,0.149,0.1399999999999999,0,0,5.0,0.936,5.0,6.42,9.53,3.6,0,1.525,1557.57,3.1666666666666665,0.0,0.5364
42,128.37,1,6,0.127,0.04,1,1,0.8,0.697,4.36,5.0,8.56,3.1,0,1.0238095238095237,128.37,3.333333333333333,0.0041841004184100415,0.3937
60,83.05,1,7,0.519,0.076,0,0,1.2,0.712,4.24,5.08,8.99,6.1,0,1.0166666666666666,83.05,3.1818181818181817,0.0,3.1658999999999997
10,120.73,3,18,0.092,0.2248,2,0,5.4,0.39,3.55,6.0,6.47,2.9,0,1.3,362.19,2.8125,0.06018741633199465,0.2668
15,76.15,8,64,0.321,0.0392,1,0,7.5,0.575,3.36,4.57,7.56,4.8,1,1.5333333333333332,609.2,7.529411764705882,0.004579439252336449,1.5408
21,77.68,11,22,0.131,0.0048,0,0,2.4,0.317,4.06,5.07,9.04,3.5,0,1.5238095238095237,854.48,6.470588235294118,0.0,0.4585
34,50.36,18,41,0.272,0.0176,1,0,0.0,0.692,3.23,3.55,7.5,4.6,0,1.5294117647058822,906.48,41.0,0.002070588235294118,1.2512
22,128.06,6,40,0.243,0.0256,0,0,2.1,0.201,4.51,3.9,9.42,3.9,0,1.2727272727272727,768.36,12.903225806451612,0.0,0.9477
22,94.16,6,18,0.297,0.0928,1,0,1.7,0.724,4.98,4.87,9.0,4.5,0,1.2727272727272727,564.96,6.666666666666666,0.00928,1.3365
9,45.79,3,2,0.298,0.0832,1,0,5.0,0.194,4.65,6.67,8.71,4.8,0,1.3333333333333333,137.37,0.3333333333333333,0.008568486096807415,1.4304
26,49.92,14,15,0.522,0.0272,1,0,4.9,0.14,2.95,6.35,7.19,6.4,0,1.5384615384615383,698.88,2.542372881355932,0.0033211233211233203,3.3408
13,14.56,4,7,0.32,0.0704,1,0,2.9,0.576,5.0,5.75,9.1,5.2,0,1.3076923076923077,58.24,1.794871794871795,0.006970297029702971,1.6640000000000001
54,31.66,1,9,0.116,0.0264,2,0,3.4,0.705,2.71,5.72,6.29,3.6,0,1.0185185185185186,31.66,2.0454545454545454,0.007242798353909465,0.4176
18,72.76,5,48,0.285,0.0752,1,0,0.6,0.383,4.31,2.97,8.39,4.6,0,1.2777777777777777,363.8,30.0,0.008008519701810437,1.3109999999999997
1,123.6,1,1,0.113,0.0592,1,0,5.3,0.679,3.76,6.75,7.9,3.0,0,2.0,123.6,0.15873015873015872,0.006651685393258427,0.339
23,305.78,12,25,0.285,0.1112,3,1,0.8,0.393,4.16,4.42,6.79,3.2,0,1.5217391304347827,3669.3599999999997,13.88888888888889,0.04282413350449294,0.9119999999999999
33,24.54,1,179,0.607,0.04,0,0,1.2,0.626,2.12,1.0,6.99,7.1,1,1.0303030303030303,24.54,81.36363636363636,0.0,4.309699999999999
47,37.56,24,1,0.269,0.0328,0,0,3.2,0.876,3.94,6.82,8.83,4.7,0,1.5106382978723403,901.44,0.23809523809523808,0.0,1.2643000000000002
31,39.63,24,15,0.107,0.1112,1,1,2.7,0.487,3.89,5.95,7.85,3.5,0,1.7741935483870968,951.1200000000001,4.0540540540540535,0.01256497175141243,0.3745
58,31.84,1,12,0.154,0.0328,0,0,4.8,0.903,2.88,6.03,7.77,3.9,0,1.0172413793103448,31.84,2.0689655172413794,0.0,0.6006
21,82.09,6,11,0.48,0.04,2,0,3.7,0.794,3.85,5.88,7.38,5.9,0,1.2857142857142856,492.54,2.3404255319148937,0.009546539379474943,2.832
23,51.68,6,24,0.375,0.344,5,0,5.2,0.687,4.1,5.73,4.62,5.3,0,1.2608695652173914,310.08,3.8709677419354835,0.3060498220640569,1.9874999999999998
16,24.7,5,94,0.596,0.0368,1,0,0.0,0.473,3.44,1.0,7.65,7.0,1,1.3125,123.5,94.0,0.004254335260115607,4.172
27,43.86,1,7,0.198,0.1856,1,0,3.0,0.819,4.34,5.68,8.05,4.1,0,1.037037037037037,43.86,1.75,0.020508287292817676,0.8118
37,41.16,10,9,0.673,0.0968,1,0,3.2,0.623,4.19,5.95,8.2,7.5,0,1.2702702702702702,411.59999999999997,2.142857142857143,0.010521739130434783,5.0475
38,59.26,1,13,0.62,0.0368,0,1,2.9,0.439,5.0,5.35,9.88,7.0,0,1.0263157894736843,59.26,3.3333333333333335,0.0,4.34
52,45.87,1,40,0.541,0.1056,1,0,0.0,0.563,4.8,3.03,8.78,6.5,1,1.0192307692307692,45.87,40.0,0.01079754601226994,3.5165
14,53.64,8,32,0.381,0.0368,2,0,2.2,0.337,3.07,4.4,6.61,5.3,0,1.5714285714285714,429.12,10.0,0.009671484888304861,2.0193
37,65.37,1,2,0.406,0.1416,2,0,5.6,0.596,3.42,6.8,6.61,5.4,0,1.027027027027027,65.37,0.30303030303030304,0.03721419185282523,2.1924
47,146.29,12,8,0.407,0.0176,0,1,3.4,0.81,5.0,6.13,9.94,5.0,0,1.2553191489361701,1755.48,1.8181818181818181,0.0,2.0349999999999997
7,96.02,1,10,0.161,0.0328,1,0,0.7,0.645,3.87,4.77,8.09,3.6,0,1.1428571428571428,96.02,5.882352941176471,0.0036083608360836087,0.5796
12,67.96,7,44,0.044,0.0456,1,0,0.2,0.682,2.65,3.1,6.83,2.9,1,1.5833333333333335,475.71999999999997,36.66666666666667,0.005823754789272031,0.1276
28,70.81,1,21,0.131,0.0816,0,0,6.5,0.759,3.65,6.15,8.38,3.5,0,1.0357142857142858,70.81,2.8,0.0,0.4585
3,34.05,1,5,0.184,0.012,1,0,1.1,0.669,4.3,5.15,8.59,4.1,0,1.3333333333333333,34.05,2.380952380952381,0.001251303441084463,0.7544
22,85.72,6,64,0.381,0.0344,0,1,3.8,0.755,3.49,3.27,8.38,5.2,0,1.2727272727272727,514.3199999999999,13.333333333333334,0.0,1.9812
51,67.39,39,20,0.169,0.0376,0,0,3.5,0.894,4.13,6.47,9.0,3.8,0,1.7647058823529411,2628.21,4.444444444444445,0.0,0.6422
21,86.55,6,5,0.258,0.0224,1,0,3.3,0.628,4.04,6.05,8.3,4.3,0,1.2857142857142856,519.3,1.1627906976744187,0.002408602150537634,1.1094
29,97.31,1,6,0.476,0.08,1,0,5.8,0.67,5.0,6.67,9.07,5.7,0,1.0344827586206897,97.31,0.8823529411764706,0.007944389275074478,2.7132
20,10.76,6,101,0.233,0.0128,1,1,0.8,0.75,4.02,1.0,8.31,4.6,1,1.3,64.56,56.11111111111111,0.0013748657357679913,1.0718
3,28.13,1,64,0.348,0.088,2,0,1.5,0.2,2.73,2.33,6.1,5.3,1,1.3333333333333333,28.13,25.6,0.024788732394366197,1.8443999999999998
27,42.56,1,21,0.251,0.0064,0,1,4.6,0.359,4.11,5.52,9.09,4.5,0,1.037037037037037,42.56,3.7500000000000004,0.0,1.1295
21,33.63,6,19,0.266,0.0288,1,0,1.9,0.923,3.34,4.88,7.58,4.7,0,1.2857142857142856,201.78000000000003,6.551724137931035,0.0033566433566433566,1.2502000000000002
41,139.02,1,42,0.498,0.0384,0,0,4.5,0.622,2.63,4.43,7.5,5.7,1,1.024390243902439,139.02,7.636363636363637,0.0,2.8386
33,47.89,1,5,0.33,0.076,0,0,5.9,0.353,5.0,6.75,9.75,5.0,0,1.0303030303030303,47.89,0.7246376811594203,0.0,1.6500000000000001
30,157.5,16,14,0.157,0.0168,0,0,3.6,0.657,5.0,6.03,9.94,3.2,0,1.5333333333333332,2520.0,3.0434782608695654,0.0,0.5024000000000001
48,235.52,1,77,0.064,0.1696,1,1,2.9,0.736,4.15,2.15,7.92,2.0,1,1.0208333333333333,235.52,19.743589743589745,0.019013452914798206,0.128
39,207.36,10,41,0.138,0.012,1,0,2.4,0.902,2.65,4.08,6.94,2.7,0,1.2564102564102564,2073.6000000000004,12.058823529411764,0.0015113350125944584,0.37260000000000004
41,32.13,1,30,0.071,0.0704,0,0,2.4,0.507,4.87,4.33,9.64,3.3,0,1.024390243902439,32.13,8.823529411764707,0.0,0.23429999999999995
59,49.09,15,13,0.101,0.1008,1,0,0.4,0.575,2.81,4.98,6.81,3.4,0,1.2542372881355932,736.35,9.285714285714286,0.012906530089628682,0.34340000000000004
9,88.61,10,32,0.152,0.2584,3,0,5.0,0.959,2.23,5.4,4.37,3.5,0,2.111111111111111,886.1,5.333333333333333,0.14435754189944136,0.532
48,45.71,1,11,0.222,0.004,0,0,4.6,0.827,3.11,6.02,8.1,4.3,0,1.0208333333333333,45.71,1.9642857142857144,0.0,0.9546
38,35.71,10,24,0.276,0.132,1,0,5.3,0.652,3.83,5.9,7.72,4.7,0,1.263157894736842,357.1,3.8095238095238098,0.015137614678899085,1.2972000000000001
23,135.2,6,55,0.135,0.024,1,0,4.0,0.798,4.37,3.78,8.62,3.1,0,1.2608695652173914,811.1999999999999,11.0,0.002494802494802495,0.41850000000000004
54,158.15,1,16,0.324,0.0728,1,0,2.1,0.583,2.95,4.93,7.04,4.3,0,1.0185185185185186,158.15,5.161290322580645,0.009054726368159205,1.3932
23,54.92,1,112,0.806,0.0096,1,0,3.9,0.726,3.67,1.33,7.97,8.3,1,1.0434782608695652,54.92,22.857142857142854,0.0010702341137123746,6.689800000000001
1,96.25,1,84,0.121,0.0936,0,0,1.8,0.462,3.63,1.43,8.32,3.3,1,2.0,96.25,30.000000000000004,0.0,0.3993
21,62.93,6,13,0.162,0.1336,1,0,0.0,0.217,2.74,4.55,6.63,3.8,0,1.2857142857142856,377.58,13.0,0.017509829619921362,0.6156
32,43.51,17,14,0.357,0.0656,0,1,0.0,0.539,3.03,4.87,7.81,5.2,0,1.53125,739.67,14.0,0.0,1.8564
45,31.99,12,25,0.566,0.0848,1,0,6.2,0.963,3.72,6.22,7.77,6.8,0,1.2666666666666666,383.88,3.4722222222222223,0.00966932725199544,3.8487999999999993
26,87.16,20,14,0.482,0.0952,1,0,2.7,0.914,4.01,5.87,8.03,5.9,0,1.7692307692307692,1743.1999999999998,3.7837837837837838,0.01054263565891473,2.8438
33,107.59,9,4,0.09,0.1135999999999999,1,1,3.4,0.76,3.15,6.23,7.1,3.0,0,1.2727272727272727,968.3100000000001,0.9090909090909091,0.01402469135802468,0.27
60,165.29,1,49,0.36,0.0016,0,0,1.4,0.422,3.74,3.05,8.73,4.5,0,1.0166666666666666,165.29,20.416666666666668,0.0,1.6199999999999999
9,77.9,3,15,0.048,0.3408,3,0,1.8,0.691,2.8,4.95,4.66,2.9,0,1.3333333333333333,233.70000000000002,5.357142857142858,0.18063604240282685,0.1392
17,56.2,1,18,0.357,0.1168,0,0,4.9,0.957,3.23,5.77,7.84,5.2,0,1.0588235294117647,56.2,3.0508474576271185,0.0,1.8564
6,57.68,4,21,0.058,0.0704,0,0,4.5,0.763,3.51,5.58,8.28,3.1,0,1.6666666666666665,230.72,3.8181818181818183,0.0,0.17980000000000002
46,78.47,12,36,0.176,0.0448,0,1,3.4,0.705,2.78,4.73,7.63,3.8,0,1.2608695652173914,941.64,8.181818181818182,0.0,0.6688
7,112.08,4,69,0.344,0.0144,0,1,1.9,0.111,4.98,2.32,9.93,4.7,0,1.5714285714285714,448.32,23.79310344827586,0.0,1.6168
7,32.44,2,37,0.217,0.0264,1,0,3.2,0.655,4.58,4.28,8.83,4.3,0,1.2857142857142856,64.88,8.809523809523808,0.0026856561546286877,0.9330999999999999
57,79.81,15,4,0.262,0.024,0,0,0.9,0.764,4.48,5.6,9.4,4.4,0,1.263157894736842,1197.15,2.1052631578947367,0.0,1.1528
57,44.24,15,3,0.283,0.1296,0,0,4.9,0.245,4.77,6.98,9.34,4.7,0,1.263157894736842,663.6,0.5084745762711864,0.0,1.3300999999999998
37,76.67,19,3,0.283,0.1264,1,0,1.0,0.741,3.21,5.82,7.12,4.5,0,1.5135135135135136,1456.73,1.5,0.015566502463054186,1.2734999999999999
5,51.01,3,47,0.685,0.156,1,0,0.0,0.503,3.61,2.75,7.42,7.5,1,1.6,153.03,47.0,0.01852731591448931,5.1375
33,150.15,1,34,0.023,0.016,0,0,1.6,0.732,3.93,3.87,8.88,2.3,0,1.0303030303030303,150.15,13.076923076923077,0.0,0.052899999999999996
50,59.6,1,11,0.097,0.0144,0,0,5.3,0.87,3.77,6.25,8.72,3.3,0,1.02,59.6,1.746031746031746,0.0,0.3201
10,65.88,3,32,0.429,0.1016,0,0,4.4,0.489,4.4,4.97,9.06,5.6,0,1.3,197.64,5.925925925925926,0.0,2.4023999999999996
17,122.47,5,15,0.437,0.0248,1,0,5.7,0.449,3.75,6.32,8.0,5.3,0,1.2941176470588236,612.35,2.2388059701492535,0.0027555555555555554,2.3161
40,55.79,1,42,0.491,0.0728,0,0,3.3,0.58,4.26,4.03,9.02,6.1,0,1.025,55.79,9.767441860465116,0.0,2.9951
28,91.38,1,70,0.17,0.012,1,0,3.4,0.593,3.96,2.67,8.25,3.6,1,1.0357142857142858,91.38,15.909090909090908,0.0012972972972972972,0.6120000000000001
47,72.79,24,50,0.015,0.0328,0,0,5.0,0.347,5.0,4.97,9.89,2.7,0,1.5106382978723403,1746.96,8.333333333333334,0.0,0.0405
46,93.31,12,67,0.067,0.068,0,0,5.9,0.322,4.33,4.02,9.1,2.9,0,1.2608695652173914,1119.72,9.71014492753623,0.0,0.1943
22,35.49,1,19,0.589,0.0288,2,0,2.9,0.362,3.12,5.05,6.69,6.9,0,1.0454545454545454,35.49,4.871794871794872,0.007490247074122236,4.0641
21,62.22,1,45,0.317,0.0016,0,0,0.0,0.815,3.65,2.78,8.64,4.8,0,1.0476190476190477,62.22,45.0,0.0,1.5216
47,75.05,1,20,0.319,0.0248,1,0,4.5,0.778,2.48,5.53,6.73,4.8,0,1.0212765957446808,75.05,3.6363636363636362,0.0032082794307891327,1.5312
56,75.36,85,8,0.448,0.064,0,1,5.7,0.668,4.42,8.17,9.21,5.7,0,2.517857142857143,6405.6,1.1940298507462686,0.0,2.5536000000000003
32,74.34,1,20,0.315,0.0832,2,0,1.3,0.454,4.0,4.47,7.39,4.8,0,1.03125,74.34,8.695652173913045,0.019833134684147793,1.512
32,86.38,9,1,0.318,0.0384,0,0,0.4,0.803,4.51,5.38,9.38,4.7,0,1.28125,777.42,0.7142857142857143,0.0,1.4946000000000002
51,137.6,26,11,0.179,0.092,1,0,0.0,0.873,3.73,5.32,7.76,3.4,0,1.5098039215686274,3577.6,11.0,0.010502283105022832,0.6085999999999999
36,88.52,19,12,0.263,0.0504,1,1,1.0,0.816,3.42,5.37,7.59,4.3,0,1.5277777777777777,1681.8799999999999,6.0,0.005867287543655414,1.1309
31,98.5,16,45,0.064,0.2368,3,0,3.8,0.208,3.65,4.55,5.86,2.9,0,1.5161290322580645,1576.0,9.375,0.10355685131195336,0.1856
6,66.33,1,5,0.443,0.0288,2,0,1.3,0.617,3.02,5.22,6.59,5.7,0,1.1666666666666667,66.33,2.173913043478261,0.00758893280632411,2.5251
54,45.03,14,85,0.13,0.0416,0,0,2.7,0.615,3.71,2.12,8.57,3.6,1,1.2592592592592593,630.4200000000001,22.972972972972972,0.0,0.468
21,49.17,11,25,0.208,0.192,1,0,3.3,0.657,3.68,5.22,7.37,4.2,0,1.5238095238095237,540.87,5.813953488372094,0.02293906810035842,0.8736
35,44.85,9,28,0.383,0.128,0,0,2.3,0.835,2.9,4.67,7.47,5.4,0,1.2571428571428571,403.65000000000003,8.484848484848484,0.0,2.0682
14,40.73,1,31,0.077,0.012,2,1,0.0,0.513,4.46,3.48,8.09,3.3,0,1.0714285714285714,40.73,31.0,0.0026402640264026403,0.2541
23,101.41,6,31,0.051,0.0512,0,0,2.0,0.817,4.46,4.32,9.29,2.7,0,1.2608695652173914,608.46,10.333333333333334,0.0,0.1377
42,69.18,11,0,0.179,0.0448,0,1,2.1,0.529,3.77,6.07,8.62,3.8,0,1.2619047619047619,760.98,0.0,0.0,0.6801999999999999
24,68.48,19,18,0.047,0.1135999999999999,1,1,3.9,0.252,4.83,6.03,8.78,2.9,0,1.7916666666666665,1301.1200000000001,3.6734693877551017,0.011615541922290378,0.1363
30,167.84,8,9,0.099,0.1248,1,0,3.5,0.377,3.41,5.98,7.33,2.7,0,1.2666666666666666,1342.72,2.0,0.014981992797118846,0.26730000000000004
10,32.21,3,7,0.128,0.1608,1,0,4.9,0.816,4.06,6.38,7.86,3.7,0,1.3,96.63,1.1864406779661016,0.0181489841986456,0.4736
5,75.8,3,7,0.155,0.0288,0,0,3.5,0.335,4.52,5.92,9.42,3.6,0,1.6,227.39999999999998,1.5555555555555556,0.0,0.558
59,48.07,1,13,0.611,0.024,0,1,5.1,0.501,4.4,6.08,9.32,7.0,0,1.0169491525423728,48.07,2.1311475409836067,0.0,4.277
42,82.79,1,72,0.387,0.0088,1,0,1.1,0.546,4.6,1.8,8.9,5.2,1,1.0238095238095237,82.79,34.285714285714285,0.0008888888888888889,2.0124
30,58.24,8,175,0.093,0.1135999999999999,0,0,2.6,0.66,4.81,1.13,9.43,3.3,1,1.2666666666666666,465.92,48.61111111111111,0.0,0.3069
7,58.97,1,114,0.309,0.1504,0,0,0.9,0.662,4.46,1.0,8.96,4.8,1,1.1428571428571428,58.97,60.0,0.0,1.4831999999999999
6,107.5,2,3,0.202,0.004,1,1,3.1,0.918,2.94,5.95,7.26,3.8,0,1.3333333333333333,215.0,0.7317073170731708,0.00048426150121065375,0.7676000000000001
8,135.89,1,62,0.038,0.092,1,0,2.5,0.712,4.91,2.77,8.94,2.5,1,1.125,135.89,17.714285714285715,0.00925553319919517,0.095
52,147.07,27,32,0.464,0.0192,1,1,2.4,0.723,5.0,5.1,9.27,5.4,0,1.5192307692307692,3970.89,9.411764705882353,0.00186952288218111,2.5056000000000003
26,73.15,7,13,0.259,0.1159999999999999,2,1,1.9,0.595,2.32,5.22,5.6,4.4,0,1.2692307692307692,512.0500000000001,4.482758620689656,0.03515151515151512,1.1396000000000002
59,101.8,15,20,0.609,0.1936,1,1,3.4,0.192,2.97,5.63,6.66,6.7,0,1.2542372881355932,1527.0,4.545454545454545,0.02527415143603133,4.0803
18,73.33,10,14,0.377,0.0312,1,0,4.4,0.246,4.47,6.1,8.7,5.2,0,1.5555555555555556,733.3,2.5925925925925926,0.003216494845360825,1.9604000000000001
36,113.05,37,39,0.14,0.0104,0,0,5.8,0.691,4.08,6.22,9.05,3.3,0,2.0277777777777777,4182.849999999999,5.735294117647059,0.0,0.462
26,151.12,7,10,0.401,0.056,1,0,2.5,0.667,4.22,5.57,8.37,4.9,0,1.2692307692307692,1057.8400000000001,2.857142857142857,0.005976520811099254,1.9649000000000003
36,472.55,19,23,0.119,0.0,0,0,2.7,0.626,3.63,5.38,8.63,1.0,0,1.5277777777777777,8978.45,6.216216216216216,0.0,0.119
41,53.6,31,6,0.404,0.012,1,0,0.2,0.798,4.67,5.8,8.96,5.5,0,1.7560975609756098,1661.6000000000001,5.0,0.0012048192771084336,2.222
4,40.79,1,12,0.501,0.0008,0,0,3.2,0.552,4.3,5.5,9.3,6.3,0,1.25,40.79,2.857142857142857,0.0,3.1563
54,65.55,1,88,0.475,0.072,0,0,3.9,0.594,3.81,1.93,8.57,5.9,1,1.0185185185185186,65.55,17.959183673469386,0.0,2.8025
60,99.95,1,22,0.292,0.0032,2,0,2.4,0.83,3.8,4.73,7.46,4.4,0,1.0166666666666666,99.95,6.470588235294118,0.0007565011820330968,1.2848
13,79.66,4,23,0.094,0.0008,0,0,0.7,0.783,2.85,4.22,7.85,3.2,0,1.3076923076923077,318.64,13.529411764705882,0.0,0.3008
55,60.67,14,17,0.08,0.0448,2,0,5.6,0.29,3.81,6.48,7.33,3.2,0,1.2545454545454544,849.38,2.5757575757575757,0.010756302521008404,0.256
24,24.11,1,25,0.297,0.2152,2,0,3.2,0.798,3.21,4.85,6.16,4.9,0,1.0416666666666667,24.11,5.9523809523809526,0.06011173184357542,1.4553
55,186.85,1,43,0.481,0.0408,1,0,0.2,0.842,4.66,2.95,8.86,5.2,0,1.018181818181818,186.85,35.833333333333336,0.004137931034482759,2.5012
31,62.55,16,14,0.476,0.1159999999999999,1,1,2.3,0.245,2.96,5.6,6.91,6.0,0,1.5161290322580645,1000.8,4.242424242424242,0.01466498103666244,2.856
22,155.2,1,24,0.532,0.1832,1,0,4.0,0.792,4.84,5.17,8.56,5.8,0,1.0454545454545454,155.2,4.8,0.01916317991631799,3.0856
40,60.85,1,5,0.057,0.1104,2,0,3.2,0.695,3.72,5.85,7.02,3.0,0,1.025,60.85,1.1904761904761905,0.027531172069825437,0.171
18,109.54,19,50,0.069,0.124,0,0,0.7,0.859,4.9,3.37,9.49,2.8,0,2.0555555555555554,2081.26,29.411764705882355,0.0,0.1932
34,54.04,1,79,0.375,0.0336,0,0,0.0,0.605,3.59,1.08,8.48,5.3,1,1.0294117647058822,54.04,79.0,0.0,1.9874999999999998
23,60.18,1,13,0.167,0.0392,1,0,1.7,0.728,3.55,4.95,7.75,3.8,0,1.0434782608695652,60.18,4.814814814814815,0.00448,0.6346
39,211.93,10,32,0.589,0.0184,2,0,7.5,0.474,3.67,6.23,7.28,5.9,0,1.2564102564102564,2119.3,3.764705882352941,0.004444444444444444,3.4751
47,154.19,12,85,0.035,0.0176,0,1,1.2,0.315,4.2,1.55,9.14,2.3,1,1.2553191489361701,1850.28,38.63636363636363,0.0,0.0805
37,75.28,1,4,0.289,0.0688,0,0,1.2,0.58,5.0,5.23,9.77,4.6,0,1.027027027027027,75.28,1.8181818181818181,0.0,1.3293999999999997
58,185.9,15,15,0.229,0.036,0,1,6.3,0.581,5.0,6.85,9.88,3.5,0,1.2586206896551724,2788.5,2.0547945205479454,0.0,0.8015
47,49.66,12,16,0.329,0.0008,1,1,3.8,0.672,3.49,5.87,7.82,5.0,0,1.2553191489361701,595.92,3.3333333333333335,9.070294784580499e-05,1.645
1,49.88,1,9,0.337,0.0296,0,0,5.3,0.601,5.0,6.35,9.9,5.1,0,2.0,49.88,1.4285714285714286,0.0,1.7187
59,103.38,15,6,0.094,0.0992,2,0,6.9,0.586,4.25,7.5,7.59,3.0,0,1.2542372881355932,1550.6999999999998,0.7594936708860759,0.02309662398137369,0.28200000000000003
42,89.11,11,12,0.449,0.0408,0,0,1.0,0.594,5.0,5.1,9.86,5.6,0,1.2619047619047619,980.21,6.0,0.0,2.5143999999999997
20,45.44,21,2,0.179,0.0456,1,0,5.8,0.89,3.24,7.53,7.42,4.0,0,2.05,954.24,0.29411764705882354,0.005415676959619952,0.716
47,79.89,1,2,0.155,0.2176,0,0,4.6,0.54,3.6,6.47,7.87,3.6,0,1.0212765957446808,79.89,0.35714285714285715,0.0,0.558
25,133.21,1,43,0.372,0.0752,0,0,2.3,0.463,4.15,3.65,8.9,4.8,0,1.04,133.21,13.030303030303031,0.0,1.7855999999999999
6,126.81,2,83,0.48,0.0288,1,0,2.6,0.537,4.56,1.78,8.8,5.6,1,1.3333333333333333,253.62,23.055555555555554,0.0029387755102040815,2.6879999999999997
52,37.25,1,37,0.229,0.06,1,0,3.2,0.741,3.57,4.25,7.7,4.4,0,1.0192307692307692,37.25,8.809523809523808,0.006896551724137931,1.0076
30,77.9,8,10,0.166,0.0112,0,0,3.3,0.646,4.17,5.87,9.13,3.7,0,1.2666666666666666,623.2,2.3255813953488373,0.0,0.6142000000000001
20,46.67,1,5,0.222,0.0016,2,0,2.0,0.297,3.96,5.45,7.62,4.3,0,1.05,46.67,1.6666666666666667,0.00037122969837587004,0.9546
9,181.7,5,63,0.245,0.0112,0,0,5.4,0.753,3.49,3.82,8.45,3.6,0,1.5555555555555556,908.5,9.84375,0.0,0.882
56,30.21,15,36,0.371,0.012,2,0,3.6,0.662,4.34,4.9,7.97,5.4,0,1.2678571428571428,453.15000000000003,7.82608695652174,0.0026755852842809368,2.0034
48,58.55,1,29,0.23,0.3512,1,0,3.8,0.67,2.79,4.85,5.95,4.3,0,1.0208333333333333,58.55,6.041666666666667,0.050532374100719424,0.989
49,38.22,1,37,0.037,0.0248,0,0,2.3,0.356,3.23,3.95,8.15,3.0,0,1.0204081632653061,38.22,11.212121212121213,0.0,0.11099999999999999
18,167.61,5,35,0.445,0.0296,0,0,0.0,0.671,3.85,3.42,8.75,5.1,0,1.2777777777777777,838.0500000000001,35.0,0.0,2.2695
40,71.08,11,48,0.169,0.0536,2,0,2.9,0.521,4.78,3.93,8.27,3.8,0,1.275,781.88,12.307692307692308,0.01156418554476807,0.6422
3,38.22,1,110,0.16,0.0912,0,0,0.7,0.915,3.64,1.0,8.34,3.9,1,1.3333333333333333,38.22,64.70588235294117,0.0,0.624
36,38.33,1,11,0.193,0.04,2,0,1.3,0.715,3.01,4.92,6.54,4.1,0,1.0277777777777777,38.33,4.782608695652175,0.010610079575596816,0.7913
6,41.68,2,10,0.287,0.0512,0,0,1.2,0.541,4.22,4.97,9.05,4.8,0,1.3333333333333333,83.36,4.545454545454545,0.0,1.3776
44,103.7,23,64,0.221,0.044,2,0,6.2,0.848,2.94,4.63,6.46,3.9,1,1.5227272727272727,2385.1,8.88888888888889,0.011796246648793566,0.8619
38,51.34,20,17,0.259,0.0312,0,0,3.3,0.899,5.0,5.92,9.9,4.5,0,1.526315789473684,1026.8000000000002,3.9534883720930236,0.0,1.1655
1,51.15,1,10,0.3,0.0424,1,0,2.5,0.656,4.39,5.37,8.58,4.8,0,2.0,51.15,2.857142857142857,0.0044258872651357,1.44
19,98.38,1,85,0.077,0.1416,2,0,3.2,0.577,2.56,1.85,5.75,2.9,1,1.0526315789473684,98.38,20.238095238095237,0.04195555555555556,0.2233
38,94.84,1,21,0.242,0.0256,0,0,2.4,0.795,4.47,4.78,9.38,4.1,0,1.0263157894736843,94.84,6.176470588235294,0.0,0.9921999999999999
28,35.03,1,15,0.159,0.0328,1,0,2.5,0.291,3.95,5.12,8.17,3.9,0,1.0357142857142858,35.03,4.285714285714286,0.003576881134133043,0.6201
47,54.9,1,49,0.311,0.02,1,0,4.9,0.859,3.89,4.22,8.16,4.8,0,1.0212765957446808,54.9,8.305084745762711,0.002183406113537118,1.4928
9,106.3,1,4,0.371,0.0728,0,0,4.4,0.364,2.85,6.3,7.61,5.0,0,1.1111111111111112,106.3,0.7407407407407407,0.0,1.855
47,48.1,1,5,0.358,0.02,0,0,2.0,0.264,4.74,5.45,9.67,5.2,0,1.0212765957446808,48.1,1.6666666666666667,0.0,1.8616
10,24.97,1,50,0.396,0.1304,1,0,6.9,0.401,3.88,4.83,7.78,5.6,0,1.1,24.97,6.329113924050633,0.014851936218678813,2.2176
24,36.35,1,8,0.559,0.004,0,0,4.6,0.144,4.3,6.17,9.29,6.7,0,1.0416666666666667,36.35,1.4285714285714286,0.0,3.7453000000000003
26,55.94,7,0,0.4,0.0152,1,0,0.0,0.606,2.61,5.23,6.89,5.5,0,1.2692307692307692,391.58,0.0,0.001926489226869455,2.2
8,44.58,5,7,0.129,0.0536,2,0,3.3,0.611,2.17,5.92,5.66,3.6,0,1.625,222.89999999999998,1.627906976744186,0.016096096096096097,0.46440000000000003
5,47.95,3,7,0.294,0.064,0,1,5.1,0.636,2.79,6.45,7.58,4.8,0,1.6,143.85000000000002,1.1475409836065575,0.0,1.4111999999999998
13,87.32,7,47,0.116,0.104,0,1,2.4,0.404,4.77,3.68,9.42,3.3,0,1.5384615384615383,611.24,13.823529411764707,0.0,0.3828
22,49.15,6,17,0.01,0.0912,0,0,2.1,0.717,3.33,5.05,8.03,2.8,0,1.2727272727272727,294.9,5.483870967741935,0.0,0.027999999999999997
34,93.58,9,52,0.071,0.0072,0,0,0.8,0.714,4.75,2.97,9.73,2.9,0,1.2647058823529411,842.22,28.88888888888889,0.0,0.20589999999999997
25,108.82,7,7,0.394,0.0864,1,0,7.0,0.196,4.55,7.22,8.6,5.1,0,1.28,761.74,0.875,0.009000000000000001,2.0094
23,21.83,18,53,0.131,0.0432,1,0,0.0,0.656,4.82,2.95,9.01,3.8,0,1.7826086956521738,392.93999999999994,53.0,0.004315684315684316,0.4978
41,54.41,11,18,0.101,0.0608,0,0,3.8,0.329,3.02,5.73,7.82,3.4,0,1.2682926829268293,598.51,3.75,0.0,0.34340000000000004
48,27.46,13,6,0.155,0.0312,0,0,0.1,0.483,4.29,5.17,9.19,3.9,0,1.2708333333333333,356.98,5.454545454545454,0.0,0.6045
21,28.14,1,24,0.227,0.092,0,0,6.5,0.7,5.0,6.0,9.69,4.4,0,1.0476190476190477,28.14,3.2,0.0,0.9988000000000001
3,70.75,1,5,0.249,0.0848,3,0,0.6,0.809,3.02,4.98,5.74,4.3,0,1.3333333333333333,70.75,3.125,0.03774480712166172,1.0707
8,65.8,3,9,0.023,0.0416,0,0,4.2,0.698,5.0,6.05,9.86,2.8,0,1.375,197.39999999999998,1.7307692307692306,0.0,0.0644
46,49.63,24,2,0.44,0.032,1,0,5.3,0.332,3.44,7.47,7.67,5.8,0,1.5217391304347827,1191.1200000000001,0.31746031746031744,0.003690888119953864,2.552
50,41.28,26,133,0.499,0.0008,1,1,2.7,0.481,3.66,1.77,7.99,6.2,1,1.52,1073.28,35.945945945945944,8.898776418242492e-05,3.0938
39,177.73,1,14,0.07,0.0968,1,0,5.1,0.821,4.78,6.03,8.79,2.4,0,1.0256410256410255,177.73,2.295081967213115,0.009887640449438203,0.168
51,33.24,1,6,0.273,0.0888,1,0,5.4,0.497,3.6,6.53,7.64,4.7,0,1.0196078431372548,33.24,0.9375,0.010277777777777778,1.2831000000000001
39,87.3,10,69,0.623,0.0256,0,1,3.7,0.289,4.34,3.12,9.25,6.8,0,1.2564102564102564,873.0,14.680851063829786,0.0,4.2364
22,57.18,1,20,0.253,0.0296,0,0,3.3,0.437,4.57,5.13,9.47,4.4,0,1.0454545454545454,57.18,4.651162790697675,0.0,1.1132000000000002
45,25.0,1,27,0.317,0.028,0,0,6.0,0.796,2.93,5.68,7.84,5.1,0,1.0222222222222221,25.0,3.857142857142857,0.0,1.6166999999999998
11,76.7,3,85,0.43,0.216,1,0,2.3,0.915,3.65,1.62,7.26,5.5,1,1.2727272727272727,230.10000000000002,25.757575757575758,0.026150121065375304,2.3649999999999998
23,46.31,1,8,0.211,0.0048,1,0,1.3,0.479,4.05,5.07,8.37,4.2,0,1.0434782608695652,46.31,3.4782608695652177,0.000512273212379936,0.8862
49,48.15,25,40,0.13,0.0312,1,0,5.1,0.312,3.75,5.53,7.98,3.6,0,1.510204081632653,1203.75,6.557377049180328,0.0034743875278396433,0.468
16,75.41,5,4,0.349,0.0576,0,0,4.8,0.72,5.0,6.57,9.81,5.0,0,1.3125,377.04999999999995,0.6896551724137931,0.0,1.7449999999999999
52,292.42,14,60,0.077,0.044,3,1,3.2,0.712,4.02,3.53,6.87,1.8,0,1.2692307692307692,4093.88,14.285714285714285,0.016772554002541296,0.1386
60,111.49,31,47,0.221,0.0456,0,0,2.8,0.868,3.24,4.62,8.09,3.9,0,1.5166666666666666,3456.19,12.368421052631579,0.0,0.8619
51,23.9,26,26,0.643,0.1512,2,1,4.0,0.551,3.72,5.9,6.88,7.4,0,1.5098039215686274,621.4,5.2,0.038375634517766495,4.7582
28,173.28,8,5,0.339,0.0672,2,0,0.6,0.678,4.33,5.22,7.77,4.3,0,1.2857142857142856,1386.24,3.125,0.01532497149372862,1.4577
35,65.33,18,1,0.563,0.1912,4,1,2.2,0.689,2.61,6.28,4.31,6.5,0,1.5142857142857142,1175.94,0.3125,0.144030131826742,3.6594999999999995
42,25.28,11,14,0.521,0.0504,1,0,0.8,0.582,3.51,4.93,7.68,6.5,0,1.2619047619047619,278.08000000000004,7.777777777777778,0.005806451612903226,3.3865000000000003
29,37.44,22,1,0.232,0.048,1,0,0.0,0.676,3.89,5.68,8.06,4.4,0,1.7586206896551724,823.68,1.0,0.005298013245033113,1.0208000000000002
59,73.98,30,17,0.138,0.0176,0,0,6.9,0.565,3.55,7.45,8.49,3.5,0,1.5084745762711864,2219.4,2.151898734177215,0.0,0.48300000000000004
56,103.69,15,2,0.176,0.0168,1,1,3.8,0.821,3.96,6.67,8.24,3.6,0,1.2678571428571428,1555.35,0.4166666666666667,0.001818181818181818,0.6335999999999999
38,140.09,29,12,0.253,0.0328,2,1,7.2,0.877,2.84,7.77,6.4,3.9,0,1.763157894736842,4062.61,1.4634146341463417,0.008864864864864866,0.9867
6,40.21,2,1,0.023,0.0336,0,0,4.6,0.372,4.66,6.55,9.55,2.9,0,1.3333333333333333,80.42,0.17857142857142858,0.0,0.0667
49,70.85,1,26,0.162,0.0008,0,0,0.4,0.459,4.66,3.87,9.66,3.7,0,1.0204081632653061,70.85,18.571428571428573,0.0,0.5994
14,93.82,1,46,0.306,0.0648,0,0,1.5,0.05,5.0,3.23,9.78,4.6,0,1.0714285714285714,93.82,18.4,0.0,1.4076
29,106.47,1,65,0.375,0.0632,1,0,2.5,0.599,4.85,2.62,8.97,5.0,1,1.0344827586206897,106.47,18.571428571428573,0.0063390170511534605,1.875
49,156.19,1,21,0.387,0.0032,0,0,3.3,0.49,4.7,5.08,9.69,4.8,0,1.0204081632653061,156.19,4.883720930232558,0.0,1.8576
28,38.56,15,2,0.05,0.0488,2,0,5.1,0.578,1.56,7.1,5.06,3.1,0,1.5357142857142856,578.4000000000001,0.3278688524590164,0.016105610561056107,0.15500000000000003
10,76.3,3,36,0.221,0.1952,1,0,2.0,0.648,2.81,3.97,6.49,4.1,1,1.3,228.89999999999998,12.0,0.026061415220293725,0.9060999999999999
46,107.57,1,11,0.225,0.1144,2,0,4.4,0.506,3.48,5.95,6.77,3.9,0,1.0217391304347827,107.57,2.0370370370370368,0.029446589446589448,0.8775
47,22.51,12,50,0.584,0.1256,1,0,3.0,0.646,3.95,3.9,7.86,7.0,0,1.2553191489361701,270.12,12.5,0.01417607223476298,4.088
4,228.8,2,23,0.245,0.0112,0,0,5.3,0.694,3.62,5.68,8.58,3.3,0,1.5,457.6,3.6507936507936507,0.0,0.8085
24,103.9,13,70,0.309,0.1056,1,1,0.0,0.817,3.83,1.93,7.81,4.5,1,1.5416666666666665,1350.7,70.0,0.011986379114642454,1.3905
2,75.29,1,26,0.34,0.0656,2,0,1.8,0.748,2.97,4.33,6.42,4.9,0,1.5,75.29,9.285714285714286,0.017681940700808627,1.6660000000000001
46,39.81,1,30,0.385,0.1088,1,0,7.0,0.248,3.78,5.87,7.75,5.5,0,1.0217391304347827,39.81,3.75,0.012434285714285714,2.1175
59,145.95,1,17,0.263,0.0024,0,0,1.1,0.569,4.55,4.55,9.54,4.0,0,1.0169491525423728,145.95,8.095238095238095,0.0,1.052
29,81.11,8,21,0.134,0.0936,2,1,5.3,0.353,4.1,5.98,7.45,3.5,0,1.2758620689655173,648.88,3.3333333333333335,0.022153846153846156,0.46900000000000003
25,77.73,26,20,0.05,0.2208,0,0,1.8,0.761,4.61,5.47,8.87,2.9,0,2.04,2020.98,7.142857142857143,0.0,0.145
31,44.45,16,34,0.357,0.0704,0,1,4.9,0.656,3.19,5.47,7.96,5.2,0,1.5161290322580645,711.2,5.762711864406779,0.0,1.8564
47,81.64,12,8,0.176,0.0056,2,1,4.7,0.456,3.16,6.57,6.81,3.7,0,1.2553191489361701,979.6800000000001,1.4035087719298245,0.0014340588988476313,0.6512
51,288.81,1,69,0.66,0.1192,1,0,7.8,0.758,4.72,4.18,8.66,5.9,0,1.0196078431372548,288.81,7.84090909090909,0.012339544513457557,3.8940000000000006
46,35.47,12,40,0.234,0.0096,1,0,2.3,0.487,3.26,4.17,7.56,4.4,0,1.2608695652173914,425.64,12.121212121212121,0.0011214953271028037,1.0296
15,10.0,1,8,0.385,0.0016,1,1,1.4,0.371,4.2,5.1,8.53,5.6,0,1.0666666666666667,10.0,3.3333333333333335,0.00016789087093389298,2.1559999999999997
38,44.72,10,41,0.207,0.012,1,0,3.3,0.643,3.4,4.38,7.69,4.2,0,1.263157894736842,447.2,9.534883720930234,0.0013808975834292288,0.8694
33,41.51,1,0,0.462,0.0904,0,0,1.6,0.212,4.52,5.57,9.22,6.0,0,1.0303030303030303,41.51,0.0,0.0,2.7720000000000002
50,72.56,26,2,0.2,0.0456,0,0,4.6,0.373,2.52,7.3,7.37,4.0,0,1.52,1886.56,0.35714285714285715,0.0,0.8
49,59.36,25,45,0.505,0.128,3,0,4.7,0.481,4.01,5.15,6.58,6.2,0,1.510204081632653,1484.0,7.894736842105263,0.050659630606860157,3.1310000000000002
8,168.92,1,4,0.339,0.0056,0,0,1.3,0.779,4.21,5.27,9.19,4.4,0,1.125,168.92,1.7391304347826089,0.0,1.4916000000000003
40,42.63,21,16,0.051,0.0272,1,0,6.3,0.916,3.09,7.0,7.33,3.1,0,1.525,895.23,2.191780821917808,0.0032653061224489793,0.1581
16,84.8,1,50,0.313,0.1512,0,0,4.0,0.84,4.33,3.87,8.83,4.7,0,1.0625,84.8,10.0,0.0,1.4711
38,107.3,29,0,0.251,0.0376,1,0,6.3,0.829,4.15,8.07,8.36,4.1,0,1.763157894736842,3111.7,0.0,0.004017094017094018,1.0291
44,185.56,34,4,0.196,0.2392,2,1,1.4,0.509,4.14,6.4,7.01,3.3,0,1.7727272727272727,6309.04,1.6666666666666667,0.05972534332084894,0.6468
41,64.13,1,9,0.134,0.0472,2,0,0.5,0.502,4.34,4.75,7.85,3.6,0,1.024390243902439,64.13,6.0,0.010666666666666666,0.48240000000000005
34,82.08,18,128,0.379,0.1024,1,0,5.9,0.075,3.67,2.57,7.66,5.2,1,1.5294117647058822,1477.44,18.55072463768116,0.011824480369515012,1.9708
6,46.01,4,15,0.225,0.0024,2,0,0.6,0.71,3.27,4.58,6.93,4.3,0,1.6666666666666665,184.04,9.375,0.000605296343001261,0.9675
39,108.7,10,18,0.282,0.0432,0,0,3.8,0.915,4.44,5.7,9.3,4.3,0,1.2564102564102564,1087.0,3.75,0.0,1.2126
40,129.76,21,134,0.387,0.0072,0,0,6.4,0.507,3.79,2.83,8.77,4.9,1,1.525,2724.96,18.10810810810811,0.0,1.8963
49,101.48,13,21,0.706,0.084,0,0,4.3,0.732,4.87,5.82,9.59,7.3,0,1.2653061224489797,1319.24,3.9622641509433962,0.0,5.1537999999999995
23,96.04,18,9,0.217,0.0592,1,0,1.0,0.373,4.64,5.48,8.78,3.9,0,1.7826086956521738,1728.72,4.5,0.00605316973415133,0.8462999999999999
53,32.08,1,29,0.124,0.0896,0,0,2.1,0.941,5.0,4.28,9.7,3.7,0,1.0188679245283019,32.08,9.35483870967742,0.0,0.45880000000000004
50,123.66,38,88,0.156,0.1576,1,0,0.1,0.744,3.21,1.9,7.02,3.4,1,1.76,4699.08,80.0,0.019650872817955113,0.5304
21,97.15,11,17,0.353,0.2488,3,1,3.9,0.771,2.77,5.82,4.94,4.9,0,1.5238095238095237,1068.65,3.4693877551020407,0.12565656565656563,1.7297
35,226.65,1,44,0.118,0.0496,1,0,3.1,0.459,3.92,3.87,8.09,2.5,0,1.0285714285714285,226.65,10.731707317073171,0.005456545654565457,0.295
47,34.44,36,45,0.257,0.2864,1,0,3.3,0.873,3.57,5.05,6.95,4.6,0,1.7659574468085106,1239.84,10.465116279069768,0.0360251572327044,1.1822
29,64.85,15,11,0.033,0.1112,1,0,2.7,0.593,2.48,5.85,6.44,2.8,0,1.5172413793103448,972.7499999999999,2.972972972972973,0.014946236559139783,0.0924
35,117.62,27,6,0.371,0.0016,0,1,2.2,0.902,5.0,6.33,9.99,4.9,0,1.7714285714285714,3175.7400000000002,1.875,0.0,1.8179
2,21.52,1,12,0.289,0.0,1,0,2.4,0.638,3.51,5.23,7.84,4.9,0,1.5,21.52,3.5294117647058822,0.0,1.4161
33,135.73,17,3,0.069,0.1032,1,0,0.3,0.926,3.43,5.52,7.42,2.7,0,1.5151515151515151,2307.41,2.3076923076923075,0.012256532066508313,0.18630000000000002
26,99.16,1,57,0.221,0.2296,2,0,1.5,0.824,4.16,2.68,7.06,4.0,1,1.0384615384615385,99.16,22.8,0.05697270471464021,0.884
44,74.9,1,3,0.109,0.0696,0,0,4.6,0.813,4.44,6.42,9.21,3.3,0,1.0227272727272727,74.9,0.5357142857142857,0.0,0.35969999999999996
32,68.83,1,31,0.165,0.0056,1,0,3.8,0.653,5.0,4.75,9.31,3.7,0,1.03125,68.83,6.458333333333334,0.0005431619786614937,0.6105
18,31.08,5,28,0.072,0.1024,1,0,6.6,0.988,4.24,5.97,8.23,3.3,0,1.2777777777777777,155.39999999999998,3.68421052631579,0.011094257854821234,0.23759999999999998
34,124.59,9,38,0.26,0.2296,5,0,1.9,0.73,2.84,4.03,3.74,4.1,1,1.2647058823529411,1121.31,13.10344827586207,0.2421940928270042,1.0659999999999998
30,29.56,16,5,0.114,0.068,1,0,5.5,0.47,4.43,7.12,8.54,3.6,0,1.5333333333333332,472.96,0.7692307692307693,0.0071278825995807135,0.41040000000000004
44,36.12,12,11,0.011,0.0544,0,0,6.3,0.806,5.0,6.95,9.82,2.9,0,1.2727272727272727,433.43999999999994,1.5068493150684932,0.0,0.0319
23,63.06,1,19,0.091,0.0816,0,0,3.1,0.539,5.0,5.12,9.73,3.3,0,1.0434782608695652,63.06,4.634146341463415,0.0,0.30029999999999996
48,191.98,25,7,0.168,0.0088,0,1,2.7,0.344,4.85,6.38,9.82,3.0,0,1.5208333333333335,4799.5,1.8918918918918919,0.0,0.504
55,77.11,14,44,0.134,0.1936,2,0,5.3,0.618,4.04,5.03,7.06,3.5,0,1.2545454545454544,1079.54,6.984126984126984,0.048039702233250624,0.46900000000000003
20,100.06,1,36,0.272,0.0712,0,0,5.4,0.824,4.23,5.03,8.99,4.3,0,1.05,100.06,5.625,0.0,1.1696
46,19.54,12,36,0.34,0.044,2,0,2.7,0.282,3.69,4.5,7.21,5.3,0,1.2608695652173914,234.48,9.72972972972973,0.010718635809987819,1.802
58,146.52,44,29,0.31,0.0536,1,1,3.0,0.942,4.23,6.02,8.38,4.3,0,1.7586206896551724,6446.88,7.25,0.005714285714285714,1.333
23,95.36,6,24,0.534,0.0528,1,0,6.6,0.889,3.78,6.2,7.94,6.2,0,1.2608695652173914,572.16,3.1578947368421053,0.005906040268456375,3.3108000000000004
40,25.24,11,26,0.619,0.1184,3,1,3.6,0.858,2.22,5.27,4.83,7.2,0,1.275,277.64,5.6521739130434785,0.060926243567753,4.4568
8,34.95,3,31,0.282,0.0424,2,0,1.4,0.421,4.89,4.02,8.42,4.8,1,1.375,104.85000000000001,12.916666666666668,0.009002123142250532,1.3536
14,51.52,1,55,0.304,0.0208,0,0,4.0,0.273,4.27,3.62,9.2,4.8,0,1.0714285714285714,51.52,11.0,0.0,1.4591999999999998
60,62.63,1,3,0.357,0.0328,1,0,4.4,0.509,3.21,6.35,7.43,5.1,0,1.0166666666666666,62.63,0.5555555555555555,0.003890865954922895,1.8206999999999998
23,31.44,12,23,0.111,0.128,0,1,2.8,0.715,3.68,5.18,8.25,3.6,0,1.5217391304347827,377.28000000000003,6.052631578947369,0.0,0.3996
46,67.04,1,47,0.155,0.0256,1,0,3.5,0.279,3.93,3.85,8.18,3.7,0,1.0217391304347827,67.04,10.444444444444445,0.002788671023965142,0.5735
14,206.34,8,96,0.341,0.028,1,0,1.1,0.755,5.0,1.0,9.24,4.1,1,1.5714285714285714,1650.72,45.714285714285715,0.002734375,1.3981
2,93.48,1,10,0.469,0.2672,2,0,3.8,0.657,3.75,5.8,6.53,5.7,0,1.5,93.48,2.0833333333333335,0.07096945551128818,2.6733
58,52.0,1,57,0.031,0.0936,2,0,1.7,0.6,4.34,2.75,7.69,2.9,1,1.0172413793103448,52.0,21.11111111111111,0.021542002301495968,0.0899
4,44.79,2,16,0.217,0.0536,0,0,4.1,0.921,4.95,5.63,9.77,4.3,0,1.5,89.58,3.1372549019607847,0.0,0.9330999999999999
24,171.16,7,16,0.176,0.0592,0,0,4.0,0.829,3.08,5.77,7.88,3.2,0,1.2916666666666667,1198.12,3.2,0.0,0.5632
51,63.16,13,2,0.168,0.0584,0,1,0.9,0.43,4.71,5.63,9.52,3.8,0,1.2549019607843137,821.0799999999999,1.0526315789473684,0.0,0.6384
36,127.01,10,28,0.021,0.0224,1,0,5.3,0.593,4.14,5.7,8.4,2.4,0,1.2777777777777777,1270.1000000000001,4.444444444444445,0.0023829787234042553,0.0504
9,167.92,1,5,0.373,0.0544,0,0,0.4,0.289,4.85,4.92,9.67,4.6,0,1.1111111111111112,167.92,3.5714285714285716,0.0,1.7157999999999998
16,210.18,1,25,0.202,0.024,0,0,2.8,0.708,4.95,4.72,9.87,3.2,0,1.0625,210.18,6.578947368421053,0.0,0.6464000000000001
32,323.53,1,52,0.11,0.1696,3,0,2.9,0.592,2.59,3.4,5.02,1.8,1,1.03125,323.53,13.333333333333334,0.08451827242524917,0.198
32,33.32,1,1,0.287,0.0328,0,0,0.0,0.742,5.0,4.98,9.89,4.8,0,1.03125,33.32,1.0,0.0,1.3776
27,81.63,1,27,0.631,0.0504,0,0,4.7,0.615,5.0,5.25,9.83,6.9,0,1.037037037037037,81.63,4.7368421052631575,0.0,4.3539
15,51.26,4,15,0.341,0.0296,1,0,4.3,0.877,3.29,5.82,7.52,5.1,0,1.2666666666666666,205.04,2.8301886792452833,0.0034741784037558687,1.7391
49,212.7,1,38,0.375,0.024,0,0,3.1,0.399,2.28,4.17,7.2,4.3,0,1.0204081632653061,212.7,9.26829268292683,0.0,1.6124999999999998
4,58.83,1,26,0.387,0.0384,0,0,2.3,0.672,4.11,4.5,8.98,5.4,0,1.25,58.83,7.878787878787879,0.0,2.0898000000000003
36,44.68,1,86,0.402,0.0608,0,0,2.2,0.465,4.55,1.47,9.35,5.5,1,1.0277777777777777,44.68,26.875,0.0,2.2110000000000003
58,39.33,1,53,0.367,0.12,2,0,2.7,0.273,2.49,3.28,5.76,5.3,1,1.0172413793103448,39.33,14.324324324324323,0.03550295857988166,1.9450999999999998
25,57.44,13,0,0.244,0.0096,0,0,4.8,0.602,4.33,7.03,9.3,4.4,0,1.52,746.72,0.0,0.0,1.0736
15,35.21,1,0,0.054,0.0904,1,0,6.2,0.817,3.62,7.1,7.65,3.2,0,1.0666666666666667,35.21,0.0,0.010450867052023121,0.1728
60,155.65,16,9,0.057,0.0984,2,0,4.5,0.738,2.55,6.58,5.89,2.5,0,1.2666666666666666,2490.4,1.6363636363636365,0.02856313497822932,0.14250000000000002
12,176.65,1,34,0.513,0.0072,2,0,4.0,0.603,4.62,4.67,8.26,5.5,0,1.0833333333333333,176.65,6.8,0.0015550755939524837,2.8215
7,59.3,1,13,0.401,0.08,4,0,1.1,0.776,2.28,4.75,4.35,5.5,0,1.1428571428571428,59.3,6.19047619047619,0.059813084112149535,2.2055000000000002
36,111.05,1,37,0.286,0.0152,1,0,1.1,0.896,3.29,3.55,7.57,4.3,0,1.0277777777777777,111.05,17.619047619047617,0.0017736289381563594,1.2297999999999998
24,48.78,1,16,0.177,0.0128,0,1,5.0,0.554,5.0,5.9,9.96,3.9,0,1.0416666666666667,48.78,2.6666666666666665,0.0,0.6902999999999999
6,33.93,5,34,0.062,0.0432,1,0,3.0,0.935,3.63,4.47,7.82,3.2,0,1.8333333333333335,169.65,8.5,0.004897959183673469,0.19840000000000002
48,35.85,25,39,0.235,0.0224,0,0,0.9,0.659,2.9,4.18,7.83,4.4,0,1.5208333333333335,896.25,20.526315789473685,0.0,1.034
41,159.93,1,7,0.463,0.0576,0,0,2.7,0.81,2.58,5.58,7.39,5.3,0,1.024390243902439,159.93,1.8918918918918919,0.0,2.4539
60,61.47,1,30,0.298,0.048,1,0,4.4,0.636,4.36,5.0,8.53,4.7,0,1.0166666666666666,61.47,5.555555555555555,0.00503672612801679,1.4006
45,53.52,12,16,0.263,0.1184,1,0,7.4,0.713,3.26,7.07,7.2,4.5,0,1.2666666666666666,642.24,1.9047619047619047,0.014439024390243905,1.1835
31,68.12,16,25,0.285,0.0448,0,1,2.8,0.76,2.42,5.22,7.27,4.6,0,1.5161290322580645,1089.92,6.578947368421053,0.0,1.3109999999999997
21,118.17,6,14,0.168,0.0712,0,0,4.5,0.59,4.68,6.0,9.44,3.5,0,1.2857142857142856,709.02,2.5454545454545454,0.0,0.5880000000000001
60,122.15,31,84,0.208,0.0344,1,1,5.2,0.301,2.91,3.57,7.13,3.7,0,1.5166666666666666,3786.65,13.548387096774194,0.004231242312423124,0.7696
11,34.95,6,11,0.06,0.0544,0,0,1.6,0.371,5.0,5.18,9.82,3.2,0,1.5454545454545454,209.70000000000002,4.230769230769231,0.0,0.192
16,154.81,1,38,0.082,0.1032,1,1,2.0,0.787,4.05,3.8,8.04,2.6,0,1.0625,154.81,12.666666666666666,0.011415929203539824,0.21320000000000003
14,100.71,8,7,0.475,0.1312,0,1,4.7,0.635,5.0,6.48,9.56,5.7,0,1.5714285714285714,805.68,1.2280701754385965,0.0,2.7075
25,65.3,19,42,0.423,0.0032,0,0,2.3,0.484,3.4,4.3,8.39,5.6,0,1.76,1240.7,12.727272727272728,0.0,2.3688
14,38.8,11,34,0.289,0.0224,1,0,0.8,0.776,4.81,3.93,9.07,4.8,0,1.7857142857142856,426.79999999999995,18.88888888888889,0.002224428997020854,1.3871999999999998
38,34.43,20,29,0.093,0.1296,0,0,1.0,0.204,3.68,4.55,8.25,3.4,0,1.526315789473684,688.6,14.5,0.0,0.3162
18,45.73,5,17,0.18,0.0408,2,0,5.8,0.391,2.29,6.25,5.82,4.0,0,1.2777777777777777,228.64999999999998,2.5,0.011964809384164223,0.72
14,71.68,4,24,0.307,0.068,0,0,4.8,0.507,3.84,5.53,8.61,4.7,0,1.2857142857142856,286.72,4.137931034482759,0.0,1.4429
24,50.78,1,37,0.187,0.0672,0,0,0.5,0.371,5.0,3.35,9.78,4.0,0,1.0416666666666667,50.78,24.666666666666668,0.0,0.748
51,102.84,26,20,0.195,0.1984,2,1,2.9,0.509,3.74,5.83,6.75,3.7,0,1.5098039215686274,2673.84,5.128205128205129,0.051199999999999996,0.7215
8,91.03,1,0,0.117,0.0264,0,0,2.7,0.824,3.19,5.93,8.1,3.3,0,1.125,91.03,0.0,0.0,0.3861
45,44.18,57,6,0.467,0.1544,1,1,3.7,0.934,4.39,7.6,8.21,6.0,0,2.2666666666666666,2518.2599999999998,1.276595744680851,0.016764386536373507,2.802
25,23.59,13,35,0.193,0.2112,0,0,0.0,0.74,4.44,3.68,8.74,4.2,0,1.52,306.67,35.0,0.0,0.8106000000000001
34,39.37,1,6,0.064,0.0336,0,0,1.0,0.854,2.94,5.07,7.83,3.2,0,1.0294117647058822,39.37,3.0,0.0,0.2048
45,29.63,1,8,0.197,0.0392,0,1,3.8,0.651,3.68,5.9,8.55,4.2,0,1.0222222222222221,29.63,1.6666666666666667,0.0,0.8274
44,162.4,23,25,0.231,0.084,1,1,1.7,0.557,4.09,5.08,8.14,3.6,0,1.5227272727272727,3735.2000000000003,9.25925925925926,0.009190371991247264,0.8316
28,113.52,15,5,0.624,0.024,0,0,0.0,0.374,4.1,5.25,9.02,6.7,0,1.5357142857142856,1702.8,5.0,0.0,4.1808000000000005
24,76.08,13,17,0.276,0.0464,0,1,3.3,0.468,3.88,5.68,8.73,4.5,0,1.5416666666666665,989.04,3.9534883720930236,0.0,1.242
18,58.54,1,58,0.241,0.0456,0,0,3.5,0.323,4.71,3.3,9.56,4.3,1,1.0555555555555556,58.54,12.88888888888889,0.0,1.0363
57,124.59,1,102,0.209,0.2088,0,0,6.2,0.545,4.92,2.1,9.22,3.7,1,1.0175438596491229,124.59,14.166666666666666,0.0,0.7733
34,93.79,1,19,0.698,0.0312,0,0,7.1,0.898,3.11,6.45,8.01,7.3,0,1.0294117647058822,93.79,2.345679012345679,0.0,5.0954
42,105.46,11,75,0.26,0.0792,0,0,5.4,0.664,4.53,3.42,9.27,4.2,1,1.2619047619047619,1160.06,11.71875,0.0,1.092
3,129.5,1,34,0.129,0.0032,0,0,0.0,0.707,3.11,3.33,8.1,3.1,0,1.3333333333333333,129.5,34.0,0.0,0.39990000000000003
12,122.83,1,93,0.174,0.1568,1,0,0.0,0.559,3.15,1.0,6.96,3.5,1,1.0833333333333333,122.83,93.0,0.01969849246231156,0.609
36,93.27,1,22,0.222,0.1696,2,0,5.1,0.799,5.0,5.63,8.1,4.0,0,1.0277777777777777,93.27,3.6065573770491803,0.03727472527472528,0.888
5,126.83,2,7,0.178,0.0112,0,0,5.2,0.335,4.07,6.45,9.03,3.5,0,1.4,253.66,1.129032258064516,0.0,0.623
19,84.42,15,28,0.43,0.0232,0,0,0.0,0.545,3.71,4.1,8.63,5.5,0,1.7894736842105263,1266.3,28.0,0.0,2.3649999999999998
12,142.06,1,0,0.309,0.0064,0,0,6.0,0.181,5.0,7.03,9.98,4.3,0,1.0833333333333333,142.06,0.0,0.0,1.3287
27,107.7,7,77,0.103,0.0248,2,0,6.3,0.569,3.75,3.48,7.33,3.1,1,1.2592592592592593,753.9,10.547945205479452,0.00595438175270108,0.3193
17,18.51,5,12,0.355,0.1408,2,0,2.0,0.438,3.56,5.23,6.76,5.4,0,1.2941176470588236,92.55000000000001,4.0,0.03628865979381444,1.917
43,134.61,11,4,0.395,0.0576,2,0,4.7,0.595,3.4,6.73,6.87,5.0,0,1.255813953488372,1480.71,0.7017543859649122,0.014637865311308767,1.975
28,38.74,1,14,0.144,0.0128,0,0,2.7,0.524,4.84,5.23,9.8,3.8,0,1.0357142857142858,38.74,3.7837837837837838,0.0,0.5471999999999999
40,41.31,11,40,0.479,0.056,0,0,3.7,0.477,3.96,4.6,8.77,6.1,0,1.275,454.41,8.51063829787234,0.0,2.9218999999999995
22,48.0,6,39,0.235,0.1104,1,0,2.3,0.393,3.77,4.02,7.74,4.4,0,1.2727272727272727,288.0,11.818181818181818,0.01263157894736842,1.034
10,26.54,1,14,0.255,0.0488,1,0,4.7,0.651,3.26,5.9,7.43,4.6,0,1.1,26.54,2.456140350877193,0.005788849347568209,1.1729999999999998
41,106.43,11,36,0.214,0.0968,2,0,5.0,0.87,2.48,5.23,5.82,3.9,0,1.2682926829268293,1170.73,6.0,0.028387096774193547,0.8346
6,54.1,2,27,0.505,0.0624,2,0,5.2,0.515,3.91,5.45,7.37,6.2,0,1.3333333333333333,108.2,4.354838709677419,0.014910394265232973,3.1310000000000002
17,208.26,5,21,0.382,0.1135999999999999,1,0,2.5,0.631,3.73,4.95,7.68,4.4,0,1.2941176470588236,1041.3,6.0,0.013087557603686625,1.6808
12,93.61,10,9,0.196,0.0592,0,0,3.1,0.82,2.99,5.92,7.79,3.8,0,1.8333333333333335,936.1,2.1951219512195124,0.0,0.7448
6,36.56,2,12,0.235,0.0856,0,0,1.2,0.792,4.84,4.87,9.55,4.4,0,1.3333333333333333,73.12,5.454545454545454,0.0,1.034
43,112.99,22,20,0.334,0.0848,0,0,2.3,0.602,4.32,5.5,9.04,4.7,0,1.5116279069767442,2485.7799999999997,6.0606060606060606,0.0,1.5698
22,114.27,6,22,0.609,0.1256,1,0,3.7,0.831,2.59,5.33,6.5,6.6,0,1.2727272727272727,685.62,4.680851063829787,0.016746666666666667,4.0194
50,78.21,26,38,0.081,0.1512,1,1,4.7,0.428,4.37,5.53,8.2,3.1,0,1.52,2033.4599999999998,6.666666666666666,0.016434782608695655,0.2511
16,90.58,9,25,0.545,0.1808,0,0,4.1,0.546,5.0,5.42,9.4,6.3,0,1.5625,815.22,4.901960784313726,0.0,3.4335
4,100.66,2,15,0.348,0.0304,0,0,3.1,0.628,2.72,5.35,7.62,4.8,0,1.5,201.32,3.658536585365854,0.0,1.6703999999999999
25,74.48,1,19,0.53,0.1152,3,0,2.7,0.321,3.46,4.98,6.08,6.3,0,1.04,74.48,5.135135135135135,0.0488135593220339,3.339
33,58.42,9,30,0.189,0.048,1,0,3.8,0.85,3.22,5.07,7.39,4.0,0,1.2727272727272727,525.78,6.25,0.0057210965435041715,0.756
57,64.54,43,39,0.264,0.0192,2,1,0.9,0.838,3.88,4.78,7.48,4.5,0,1.7543859649122808,2775.2200000000003,20.526315789473685,0.004528301886792452,1.1880000000000002
1,121.81,1,47,0.131,0.0168,0,0,3.2,0.788,4.94,3.75,9.88,3.2,0,2.0,121.81,11.19047619047619,0.0,0.4192
15,74.32,1,22,0.26,0.0192,1,1,4.7,0.405,3.14,5.5,7.41,4.4,0,1.0666666666666667,74.32,3.8596491228070176,0.0022829964328180733,1.1440000000000001
17,22.08,5,22,0.387,0.1344,0,0,5.3,0.856,3.38,5.83,7.93,5.6,0,1.2941176470588236,110.39999999999999,3.492063492063492,0.0,2.1672
43,30.78,54,31,0.273,0.064,2,0,6.8,0.543,4.59,7.38,8.04,4.7,0,2.255813953488372,1662.1200000000001,3.9743589743589745,0.014159292035398232,1.2831000000000001
58,44.13,30,16,0.125,0.2056,2,1,0.1,0.831,4.16,5.23,7.14,3.6,0,1.5172413793103448,1323.9,14.545454545454545,0.05051597051597052,0.45
19,79.43,1,2,0.337,0.0416,0,0,3.9,0.654,4.49,6.23,9.35,4.9,0,1.0526315789473684,79.43,0.4081632653061224,0.0,1.6513000000000002
54,24.66,14,0,0.202,0.0256,1,1,0.6,0.813,3.04,5.67,7.29,4.3,0,1.2592592592592593,345.24,0.0,0.0030880579010856457,0.8686
50,92.47,13,44,0.17,0.0528,1,0,1.1,0.762,3.92,3.6,8.08,3.6,0,1.26,1202.11,20.952380952380953,0.005814977973568282,0.6120000000000001
19,69.13,5,8,0.194,0.0264,0,0,0.1,0.712,3.58,4.8,8.49,3.9,0,1.263157894736842,345.65,7.2727272727272725,0.0,0.7566
20,88.74,6,9,0.068,0.1192,1,0,5.0,0.717,3.93,6.42,7.87,2.9,0,1.3,532.4399999999999,1.5,0.01343855693348365,0.19720000000000001
1,53.65,1,100,0.367,0.044,1,0,1.9,0.778,4.31,1.0,8.5,5.2,1,2.0,53.65,34.48275862068966,0.004631578947368421,1.9084
23,61.89,6,6,0.73,0.0016,0,0,3.1,0.459,5.0,5.93,9.99,7.7,0,1.2608695652173914,371.34000000000003,1.4634146341463417,0.0,5.6209999999999996
16,45.25,1,22,0.358,0.1808,0,1,1.8,0.568,4.62,4.53,9.02,5.2,0,1.0625,45.25,7.857142857142858,0.0,1.8616
24,66.14,1,103,0.291,0.0088,0,0,3.4,0.519,2.78,1.17,7.75,4.6,1,1.0416666666666667,66.14,23.409090909090907,0.0,1.3385999999999998
20,86.94,1,36,0.56,0.0112,0,0,4.7,0.877,2.68,4.8,7.64,6.4,0,1.05,86.94,6.315789473684211,0.0,3.5840000000000005
15,52.78,12,54,0.041,0.024,0,1,6.0,0.143,4.56,4.7,9.48,3.0,0,1.8,633.36,7.714285714285714,0.0,0.123
58,144.11,15,3,0.282,0.0104,1,0,5.2,0.133,4.64,7.08,8.94,4.1,0,1.2586206896551724,2161.65,0.48387096774193544,0.0010462776659959758,1.1562
24,26.71,7,3,0.138,0.1184,2,0,2.6,0.741,4.38,5.95,7.65,3.8,0,1.2916666666666667,186.97,0.8333333333333333,0.0273757225433526,0.5244
58,70.85,15,19,0.384,0.0208,0,0,2.6,0.757,5.0,5.42,9.93,5.3,0,1.2586206896551724,1062.75,5.277777777777778,0.0,2.0352
37,22.12,19,2,0.227,0.0504,1,0,0.3,0.425,2.92,5.63,7.09,4.5,0,1.5135135135135136,420.28000000000003,1.5384615384615383,0.006229913473423981,1.0215
41,190.52,1,17,0.467,0.0128,0,0,0.5,0.766,4.57,4.35,9.53,5.1,0,1.024390243902439,190.52,11.333333333333334,0.0,2.3817
33,59.52,1,6,0.067,0.0032,1,0,0.9,0.576,4.08,5.03,8.4,3.1,0,1.0303030303030303,59.52,3.1578947368421053,0.00034042553191489364,0.20770000000000002
32,56.65,1,1,0.112,0.0232,1,0,3.9,0.68,2.98,6.28,7.24,3.4,0,1.03125,56.65,0.2040816326530612,0.002815533980582524,0.38079999999999997
58,54.63,1,55,0.027,0.1232,1,0,2.8,0.464,3.11,3.22,7.03,2.9,1,1.0172413793103448,54.63,14.473684210526317,0.015342465753424656,0.0783
56,162.8,1,25,0.43,0.036,0,0,2.9,0.965,3.31,4.75,8.19,5.0,0,1.0178571428571428,162.8,6.410256410256411,0.0,2.15
31,76.47,8,4,0.125,0.0944,0,0,7.4,0.334,3.67,7.53,8.36,3.4,0,1.2580645161290323,611.76,0.47619047619047616,0.0,0.425
15,135.66,4,7,0.436,0.1072,1,0,0.0,0.953,3.93,4.78,7.91,5.2,0,1.2666666666666666,542.64,7.0,0.012031425364758699,2.2672
1,54.51,1,6,0.314,0.024,0,1,0.0,0.551,4.41,4.73,9.33,4.9,0,2.0,54.51,6.0,0.0,1.5386000000000002
49,70.38,1,3,0.653,0.0016,0,0,4.0,0.389,5.0,6.22,9.99,7.1,0,1.0204081632653061,70.38,0.6,0.0,4.6363
12,281.36,10,2,0.071,0.0016,2,0,4.1,0.887,3.7,6.6,7.36,1.8,0,1.8333333333333335,2813.6000000000004,0.3921568627450981,0.00038277511961722495,0.1278
35,35.88,1,6,0.03,0.0592,0,0,2.7,0.503,5.0,5.63,9.8,3.0,0,1.0285714285714285,35.88,1.6216216216216215,0.0,0.09
37,70.98,19,7,0.512,0.0824,4,1,0.8,0.89,3.82,5.55,5.88,6.2,0,1.5135135135135136,1348.6200000000001,3.888888888888889,0.04790697674418605,3.1744000000000003
48,191.36,13,48,0.143,0.0408,2,0,3.4,0.758,2.66,4.17,6.19,2.9,0,1.2708333333333333,2487.6800000000003,10.909090909090908,0.011349095966620306,0.41469999999999996
30,110.71,23,54,0.121,0.0152,1,1,1.9,0.313,2.44,3.7,6.72,3.2,0,1.7666666666666666,2546.33,18.620689655172413,0.0019689119170984456,0.3872
26,30.41,14,16,0.059,0.1544,2,0,2.4,0.966,3.61,5.47,6.76,3.2,0,1.5384615384615383,425.74,4.705882352941177,0.039793814432989696,0.1888
11,58.14,3,98,0.214,0.0448,1,0,6.3,0.343,3.49,2.3,7.67,4.1,1,1.2727272727272727,174.42000000000002,13.424657534246576,0.00516724336793541,0.8774
60,87.74,31,30,0.208,0.0712,1,1,4.5,0.469,4.65,6.03,8.75,3.9,0,1.5166666666666666,2719.94,5.454545454545454,0.007302564102564102,0.8111999999999999
32,55.54,1,30,0.09,0.0016,1,0,3.8,0.573,3.29,4.8,7.62,3.3,0,1.03125,55.54,6.25,0.00018561484918793502,0.297
2,65.78,1,23,0.172,0.0392,0,1,2.4,0.9,4.27,4.68,9.14,3.8,0,1.5,65.78,6.764705882352941,0.0,0.6536
10,155.38,1,85,0.326,0.1528,0,0,3.3,0.913,4.08,1.88,8.57,4.3,1,1.1,155.38,19.767441860465116,0.0,1.4018
60,86.9,1,62,0.54,0.024,1,0,2.7,0.619,3.99,2.83,8.24,6.3,0,1.0166666666666666,86.9,16.756756756756754,0.0025974025974025974,3.402
46,33.85,12,9,0.127,0.0416,0,0,3.7,0.951,4.15,6.18,9.01,3.7,0,1.2608695652173914,406.20000000000005,1.9148936170212765,0.0,0.46990000000000004
22,193.41,12,5,0.345,0.1064,0,0,2.9,0.272,3.19,6.12,7.84,4.3,0,1.5454545454545454,2320.92,1.2820512820512822,0.0,1.4834999999999998
9,49.61,1,71,0.45,0.0208,3,0,0.0,0.82,4.55,1.48,7.48,5.9,1,1.1111111111111112,49.61,71.0,0.007358490566037735,2.6550000000000002
54,58.81,1,117,0.18,0.0984,1,0,0.0,0.954,2.85,1.0,6.86,3.9,1,1.0185185185185186,58.81,117.0,0.012519083969465649,0.702
55,77.62,1,10,0.484,0.0368,0,0,6.3,0.723,3.65,6.63,8.53,5.9,0,1.018181818181818,77.62,1.36986301369863,0.0,2.8556
57,28.49,15,54,0.479,0.06,1,1,1.1,0.651,5.0,3.17,9.13,6.2,0,1.263157894736842,427.34999999999997,25.71428571428571,0.00592300098716683,2.9697999999999998
59,49.38,30,41,0.243,0.0592,1,1,2.5,0.398,3.84,4.78,7.98,4.4,0,1.5084745762711864,1481.4,11.714285714285714,0.0065924276169265035,1.0692000000000002
30,73.03,16,18,0.073,0.1672,0,0,5.3,0.797,3.65,6.4,8.09,3.1,0,1.5333333333333332,1168.48,2.857142857142857,0.0,0.2263
53,205.32,27,4,0.265,0.016,0,1,2.5,0.337,4.51,6.53,9.46,3.6,0,1.509433962264151,5543.639999999999,1.1428571428571428,0.0,0.9540000000000001
25,55.45,7,12,0.115,0.0744,1,0,5.9,0.556,3.33,6.6,7.42,3.5,0,1.28,388.15000000000003,1.7391304347826086,0.008836104513064132,0.4025
21,49.26,1,18,0.263,0.0992,1,0,4.3,0.283,3.45,5.57,7.45,4.5,0,1.0476190476190477,49.26,3.3962264150943398,0.011739644970414203,1.1835
18,133.28,5,11,0.043,0.0376,0,0,0.6,0.714,5.0,4.82,9.87,2.5,0,1.2777777777777777,666.4,6.875,0.0,0.10749999999999998
20,163.7,6,33,0.388,0.0024,0,1,1.6,0.232,3.87,4.08,8.86,4.7,0,1.3,982.1999999999999,12.692307692307692,0.0,1.8236
51,50.95,13,39,0.229,0.2584,2,0,3.7,0.804,3.53,4.72,6.34,4.3,0,1.2549019607843137,662.35,8.297872340425531,0.07040871934604906,0.9847
40,61.12,21,66,0.532,0.1256,0,0,0.0,0.25,5.0,2.4,9.58,6.4,1,1.525,1283.52,66.0,0.0,3.4048000000000003
16,44.41,1,6,0.447,0.16,2,0,3.6,0.415,4.26,5.93,7.39,5.9,0,1.0625,44.41,1.3043478260869565,0.03814064362336114,2.6373
49,123.64,1,85,0.16,0.1376,1,1,5.3,0.985,4.43,2.55,8.3,3.4,1,1.0204081632653061,123.64,13.492063492063492,0.014795698924731182,0.544
39,85.69,30,65,0.183,0.0472,4,1,3.4,0.695,1.56,3.88,3.74,3.8,1,1.7692307692307692,2570.7,14.772727272727272,0.03983122362869198,0.6953999999999999
35,43.33,9,15,0.089,0.0176,0,0,0.5,0.741,5.0,4.72,9.94,3.4,0,1.2571428571428571,389.96999999999997,10.0,0.0,0.3026
29,101.36,1,60,0.168,0.0048,1,0,5.0,0.395,4.21,3.7,8.53,3.6,1,1.0344827586206897,101.36,10.0,0.0005036726128016789,0.6048
46,81.33,1,24,0.101,0.0584,0,0,3.5,0.671,2.84,5.0,7.65,3.2,0,1.0217391304347827,81.33,5.333333333333333,0.0,0.32320000000000004
56,65.92,15,29,0.38,0.0008,1,0,4.4,0.845,3.81,5.52,8.14,5.3,0,1.2678571428571428,988.8000000000001,5.37037037037037,8.7527352297593e-05,2.014
30,58.4,16,4,0.044,0.0376,2,1,5.1,0.666,3.6,7.03,7.14,3.0,0,1.5333333333333332,934.4,0.6557377049180328,0.009238329238329238,0.132
52,155.43,53,31,0.274,0.0448,0,1,2.6,0.664,4.47,5.98,9.32,4.0,0,2.019230769230769,8237.79,8.61111111111111,0.0,1.096
55,46.95,1,39,0.165,0.06,1,0,3.1,0.82,2.88,4.12,7.01,3.9,0,1.018181818181818,46.95,9.51219512195122,0.00749063670411985,0.6435
53,125.8,27,18,0.173,0.0128,0,1,4.1,0.202,3.1,6.37,8.06,3.5,0,1.509433962264151,3396.6,3.5294117647058827,0.0,0.6054999999999999
48,200.55,13,60,0.212,0.0192,1,0,0.8,0.442,3.81,2.7,8.08,3.3,1,1.2708333333333333,2607.15,33.333333333333336,0.0021145374449339205,0.6995999999999999
3,44.95,2,18,0.461,0.1184,3,0,4.8,0.641,2.05,5.77,4.66,6.0,0,1.6666666666666665,89.9,3.103448275862069,0.06275618374558305,2.766
55,86.54,1,4,0.22,0.0024,1,0,1.8,0.591,4.48,5.43,8.81,4.0,0,1.018181818181818,86.54,1.4285714285714286,0.0002446483180428134,0.88
32,94.66,9,2,0.334,0.0464,1,0,6.6,0.623,2.53,7.4,6.71,4.8,0,1.28125,851.9399999999999,0.2631578947368421,0.006018158236057068,1.6032
58,10.93,30,53,0.149,0.06,0,0,3.2,0.741,4.78,4.42,9.58,4.0,0,1.5172413793103448,327.9,12.619047619047619,0.0,0.596
14,209.28,1,44,0.388,0.08,1,0,3.7,0.394,3.57,4.07,7.64,4.5,0,1.0714285714285714,209.28,9.361702127659575,0.009259259259259259,1.746
26,87.79,1,11,0.499,0.0584,0,0,4.1,0.71,3.97,5.85,8.78,6.0,0,1.0384615384615385,87.79,2.1568627450980395,0.0,2.9939999999999998
5,49.72,2,55,0.282,0.0888,1,0,1.2,0.633,4.0,2.72,8.04,4.7,1,1.4,99.44,24.999999999999996,0.009823008849557523,1.3254
28,72.23,22,47,0.608,0.208,1,0,2.3,0.568,3.31,4.15,6.95,6.8,1,1.7857142857142856,1589.0600000000002,14.242424242424244,0.026163522012578613,4.134399999999999
8,42.67,5,24,0.247,0.0552,4,0,1.9,0.808,1.0,4.6,3.15,4.5,0,1.625,213.35000000000002,8.275862068965518,0.05320481927710843,1.1115
45,10.0,23,54,0.388,0.0008,0,0,1.6,0.41,4.46,3.6,9.46,5.7,0,1.511111111111111,230.0,20.76923076923077,0.0,2.2116000000000002
48,64.77,13,47,0.53,0.0824,0,0,5.2,0.897,3.4,4.82,8.13,6.3,0,1.2708333333333333,842.01,7.580645161290322,0.0,3.339
33,35.42,9,16,0.055,0.0256,0,1,6.1,0.497,3.92,6.53,8.83,3.2,0,1.2727272727272727,318.78000000000003,2.2535211267605635,0.0,0.17600000000000002
36,120.68,19,21,0.171,0.04,0,0,7.9,0.165,3.45,7.22,8.32,3.5,0,1.5277777777777777,2292.92,2.359550561797753,0.0,0.5985
60,111.79,31,26,0.128,0.0248,0,0,0.8,0.755,4.56,5.0,9.48,3.2,0,1.5166666666666666,3465.4900000000002,14.444444444444445,0.0,0.4096
13,91.39,1,28,0.202,0.128,0,0,0.5,0.766,4.88,3.8,9.45,3.9,0,1.0769230769230769,91.39,18.666666666666668,0.0,0.7878000000000001
20,31.92,1,20,0.152,0.0168,0,0,2.2,0.892,2.46,4.77,7.4,3.9,0,1.05,31.92,6.25,0.0,0.5928
18,39.92,1,28,0.241,0.0504,0,0,5.5,0.508,3.69,5.47,8.52,4.4,0,1.0555555555555556,39.92,4.3076923076923075,0.0,1.0604
51,132.18,26,13,0.325,0.0,0,0,0.0,0.449,5.0,5.22,10.0,4.5,0,1.5098039215686274,3436.6800000000003,13.0,0.0,1.4625000000000001
50,80.64,26,40,0.098,0.1048,1,1,3.5,0.347,1.93,5.03,5.91,3.2,0,1.52,2096.64,8.88888888888889,0.015166425470332852,0.31360000000000005
20,64.53,16,20,0.617,0.0512,0,0,3.7,0.61,5.0,5.77,9.83,6.9,0,1.8,1032.48,4.25531914893617,0.0,4.2573
43,139.77,11,34,0.242,0.016,0,0,3.1,0.788,5.0,4.7,9.95,3.9,0,1.255813953488372,1537.47,8.292682926829269,0.0,0.9438
33,30.95,1,1,0.436,0.1272,0,0,0.0,0.94,3.37,4.98,7.95,5.9,0,1.0303030303030303,30.95,1.0,0.0,2.5724
21,39.78,6,2,0.397,0.0576,1,0,1.2,0.248,4.54,5.5,8.68,5.5,0,1.2857142857142856,238.68,0.9090909090909091,0.0059504132231404955,2.1835
46,68.41,12,29,0.44,0.0328,2,0,2.4,0.796,3.06,4.75,6.62,5.7,0,1.2608695652173914,820.92,8.529411764705882,0.008608923884514437,2.508
24,168.28,1,19,0.236,0.0048,1,0,5.6,0.791,4.3,5.95,8.62,3.6,0,1.0416666666666667,168.28,2.878787878787879,0.000498960498960499,0.8496
28,192.54,15,51,0.324,0.0488,1,0,1.3,0.366,3.62,3.38,7.79,4.1,0,1.5357142857142856,2888.1,22.17391304347826,0.005551763367463027,1.3284
5,74.92,3,18,0.365,0.0208,1,0,1.1,0.589,4.85,4.57,9.11,5.1,0,1.6,224.76,8.571428571428571,0.002057368941641939,1.8615
30,49.55,8,24,0.112,0.2856,0,0,1.3,0.431,4.42,4.5,8.47,3.5,0,1.2666666666666666,396.4,10.434782608695652,0.0,0.392
43,52.78,11,0,0.284,0.0344,0,0,3.7,0.545,3.97,6.6,8.86,4.7,0,1.255813953488372,580.58,0.0,0.0,1.3348
53,201.67,1,27,0.456,0.028,1,0,4.8,0.507,2.9,5.28,7.14,5.0,0,1.0188679245283019,201.67,4.655172413793103,0.0034398034398034397,2.2800000000000002
24,29.35,13,7,0.311,0.1272,2,0,1.3,0.702,2.63,5.52,5.87,5.0,0,1.5416666666666665,381.55,3.0434782608695654,0.03703056768558952,1.555
39,89.86,20,13,0.033,0.144,0,1,3.8,0.562,3.71,6.28,8.23,2.7,0,1.5128205128205128,1797.2,2.7083333333333335,0.0,0.08910000000000001
14,37.22,4,51,0.187,0.0368,0,0,2.1,0.504,4.56,3.28,9.44,4.1,0,1.2857142857142856,148.88,16.451612903225804,0.0,0.7666999999999999
36,139.23,10,82,0.159,0.1512,1,0,4.7,0.505,4.76,2.8,8.59,3.3,1,1.2777777777777777,1392.3,14.385964912280702,0.015766423357664233,0.5246999999999999
36,29.49,19,19,0.063,0.0128,0,0,4.1,0.726,3.84,6.05,8.8,3.3,0,1.5277777777777777,560.31,3.7254901960784315,0.0,0.2079
26,99.94,14,39,0.311,0.0464,0,0,3.0,0.353,4.52,4.52,9.37,4.6,0,1.5384615384615383,1399.1599999999999,9.75,0.0,1.4305999999999999
55,39.54,1,48,0.455,0.0232,2,0,2.1,0.923,3.63,3.33,7.22,5.9,1,1.018181818181818,39.54,15.483870967741934,0.005644768856447689,2.6845000000000003
13,54.81,1,10,0.07,0.22,2,0,3.5,0.771,3.02,5.7,5.95,3.2,0,1.0769230769230769,54.81,2.2222222222222223,0.06330935251798561,0.22400000000000003
40,49.62,1,1,0.242,0.1399999999999999,0,0,5.4,0.85,4.51,6.78,9.04,4.4,0,1.025,49.62,0.15625,0.0,1.0648
21,96.85,1,1,0.542,0.004,1,0,2.4,0.669,4.57,5.78,8.89,6.2,0,1.0476190476190477,96.85,0.29411764705882354,0.0004044489383215369,3.3604000000000003
26,66.01,20,73,0.068,0.0008,1,0,0.3,0.395,3.95,2.12,8.28,3.1,1,1.7692307692307692,1320.2,56.15384615384615,8.620689655172414e-05,0.21080000000000002
34,277.97,1,21,0.173,0.0648,0,0,2.2,0.397,4.3,4.72,9.08,2.5,0,1.0294117647058822,277.97,6.5625,0.0,0.4325
40,45.16,1,25,0.191,0.1112,3,0,0.9,0.332,4.86,4.08,7.49,4.1,0,1.025,45.16,13.157894736842106,0.03929328621908127,0.7830999999999999
14,45.39,4,74,0.35,0.1296,0,0,0.0,0.953,4.74,1.43,9.31,5.2,1,1.2857142857142856,181.56,74.0,0.0,1.8199999999999998
21,32.53,1,24,0.49,0.0792,1,0,0.7,0.652,2.59,4.07,6.66,6.2,0,1.0476190476190477,32.53,14.117647058823529,0.010339425587467364,3.038
43,43.48,1,5,0.268,0.0912,2,0,0.7,0.497,3.03,5.02,6.39,4.6,0,1.0232558139534884,43.48,2.9411764705882355,0.024682002706359948,1.2328
59,128.54,30,7,0.458,0.0088,2,0,3.6,0.394,4.78,6.85,8.42,5.4,0,1.5084745762711864,3856.2,1.5217391304347827,0.0018683651804670914,2.4732000000000003
49,118.87,13,86,0.232,0.0504,1,0,0.0,0.91,3.66,1.13,7.83,3.9,1,1.2653061224489797,1545.31,86.0,0.005707814269535674,0.9048
47,75.1,1,25,0.202,0.0336,0,1,6.0,0.644,2.94,5.78,7.83,4.0,0,1.0212765957446808,75.1,3.5714285714285716,0.0,0.808
50,25.7,26,30,0.557,0.2504,1,0,3.2,0.561,2.68,5.43,6.18,6.7,0,1.52,668.1999999999999,7.142857142857142,0.03487465181058496,3.7319000000000004
19,38.48,5,87,0.324,0.192,1,0,3.1,0.686,3.53,1.85,7.22,5.0,1,1.263157894736842,192.39999999999998,21.219512195121954,0.023357664233576644,1.62
12,43.4,1,28,0.251,0.0504,1,0,2.1,0.585,3.68,4.33,7.85,4.5,0,1.0833333333333333,43.4,9.032258064516128,0.005694915254237288,1.1295
36,81.27,10,42,0.147,0.0416,0,0,4.7,0.908,4.34,4.8,9.2,3.5,0,1.2777777777777777,812.6999999999999,7.368421052631579,0.0,0.5145
58,231.37,1,17,0.277,0.0024,1,0,3.4,0.812,3.6,5.32,7.93,3.6,0,1.0172413793103448,231.37,3.8636363636363633,0.00026875699888017913,0.9972000000000001
30,51.06,8,11,0.431,0.052,3,0,4.8,0.223,3.75,6.32,6.58,5.7,0,1.2666666666666666,408.48,1.896551724137931,0.02058047493403694,2.4567
44,77.71,1,51,0.257,0.0552,1,0,5.2,0.909,5.0,4.22,9.15,4.3,0,1.0227272727272727,77.71,8.225806451612902,0.005438423645320197,1.1051
33,57.94,9,15,0.194,0.0848,3,0,1.1,0.574,3.23,4.92,5.95,4.0,0,1.2727272727272727,521.46,7.142857142857142,0.03660431654676259,0.776
44,93.98,1,8,0.136,0.0384,0,0,6.0,0.675,4.32,6.63,9.19,3.4,0,1.0227272727272727,93.98,1.1428571428571428,0.0,0.46240000000000003
23,194.29,6,35,0.334,0.0,0,0,2.4,0.368,4.46,4.25,9.46,4.2,0,1.2608695652173914,1165.74,10.294117647058824,0.0,1.4028
41,67.87,11,4,0.074,0.0016,0,0,0.0,0.795,4.49,5.17,9.48,3.1,0,1.2682926829268293,746.57,4.0,0.0,0.2294
13,47.18,4,13,0.472,0.104,1,0,2.8,0.651,3.04,5.42,7.03,6.0,0,1.3076923076923077,188.72,3.4210526315789473,0.012951432129514318,2.832
28,27.06,1,15,0.278,0.0592,0,0,2.9,0.696,4.31,5.25,9.11,4.8,0,1.0357142857142858,27.06,3.8461538461538463,0.0,1.3344
28,66.75,15,30,0.068,0.1144,1,0,2.4,0.755,5.0,4.8,8.95,3.1,0,1.5357142857142856,1001.25,8.823529411764707,0.01149748743718593,0.21080000000000002
19,102.98,5,32,0.179,0.02,1,0,3.7,0.106,3.51,4.8,7.78,3.6,0,1.263157894736842,514.9,6.808510638297872,0.002277904328018223,0.6444
37,31.32,19,69,0.231,0.1512,2,0,0.9,0.194,3.94,2.48,7.1,4.4,1,1.5135135135135136,595.08,36.31578947368421,0.037333333333333336,1.0164000000000002
31,43.48,1,39,0.217,0.0008,1,0,1.2,0.389,3.03,3.48,7.36,4.3,0,1.032258064516129,43.48,17.727272727272727,9.569377990430624e-05,0.9330999999999999
50,122.82,1,34,0.375,0.0264,1,0,2.0,0.448,4.34,4.0,8.59,4.9,0,1.02,122.82,11.333333333333334,0.0027528675703858184,1.8375000000000001
42,255.33,11,221,0.045,0.0456,3,1,3.7,0.951,4.43,1.6,7.28,1.8,1,1.2619047619047619,2808.63,47.02127659574468,0.01652173913043478,0.081
39,58.91,1,57,0.25,0.2016,1,0,1.0,0.384,3.55,2.52,7.21,4.4,1,1.0256410256410255,58.91,28.5,0.02455542021924482,1.1
17,40.7,9,37,0.367,0.008,0,0,2.3,0.28,3.78,4.22,8.75,5.3,0,1.5294117647058822,366.3,11.212121212121213,0.0,1.9450999999999998
28,173.58,1,72,0.368,0.0528,2,0,2.2,0.393,4.56,2.17,8.05,4.5,1,1.0357142857142858,173.58,22.5,0.011668508287292817,1.656
4,130.6,1,43,0.664,0.0424,0,1,1.3,0.985,5.0,3.32,9.86,6.9,0,1.25,130.6,18.695652173913047,0.0,4.581600000000001
6,72.41,2,58,0.331,0.1032,0,0,2.4,0.683,4.56,2.97,9.22,4.9,0,1.3333333333333333,144.82,17.058823529411764,0.0,1.6219000000000001
60,54.63,1,27,0.269,0.0567999999999999,1,0,6.0,0.644,3.7,5.68,7.84,4.6,0,1.0166666666666666,54.63,3.857142857142857,0.006425339366515826,1.2374
19,55.98,15,25,0.085,0.1032,3,1,0.7,0.733,4.3,4.48,6.96,3.3,0,1.7894736842105263,839.6999999999999,14.705882352941178,0.03889447236180904,0.2805
58,26.55,1,61,0.245,0.0064,1,0,2.4,0.693,5.0,2.78,9.31,4.6,0,1.0172413793103448,26.55,17.941176470588236,0.000620756547041707,1.127
23,98.56,1,8,0.272,0.0112,1,0,4.2,0.81,3.07,6.03,7.37,4.3,0,1.0434782608695652,98.56,1.5384615384615383,0.0013381123058542413,1.1696
40,73.59,11,68,0.32,0.0368,1,0,2.6,0.567,4.16,2.83,8.37,4.8,1,1.275,809.49,18.88888888888889,0.003927427961579509,1.536
60,52.03,31,51,0.239,0.04,1,1,2.3,0.37,3.12,4.25,7.32,4.4,0,1.5166666666666666,1612.93,15.454545454545455,0.004807692307692308,1.0516
45,29.49,12,13,0.301,0.0328,3,1,1.1,0.825,3.26,5.12,6.15,4.9,0,1.2666666666666666,353.88,6.19047619047619,0.013762237762237764,1.4749
42,62.77,1,73,0.207,0.0616,1,0,2.0,0.576,3.72,2.05,7.85,4.1,1,1.0238095238095237,62.77,24.333333333333332,0.006960451977401131,0.8486999999999999
6,48.81,1,12,0.523,0.0496,4,0,2.5,0.857,2.26,5.27,4.43,6.4,0,1.1666666666666667,48.81,3.4285714285714284,0.036537753222836096,3.3472000000000004
24,64.76,7,4,0.151,0.1216,1,0,2.6,0.701,5.0,5.9,8.93,3.7,0,1.2916666666666667,453.32000000000005,1.1111111111111112,0.012245720040281974,0.5587
22,24.37,6,77,0.623,0.1328,2,0,0.2,0.88,3.78,1.42,7.0,7.2,1,1.2727272727272727,146.22,64.16666666666667,0.0332,4.4856
53,70.21,1,117,0.156,0.0608,0,0,0.2,0.882,2.73,1.0,7.53,3.7,1,1.0188679245283019,70.21,97.5,0.0,0.5772
21,108.31,11,41,0.244,0.2856,1,0,5.5,0.837,3.82,5.15,7.2,4.1,0,1.5238095238095237,1191.41,6.3076923076923075,0.03482926829268293,1.0004
14,59.52,4,6,0.099,0.1648,1,0,2.1,0.479,4.93,5.53,8.71,3.3,0,1.2857142857142856,238.08,1.9354838709677418,0.016972193614830072,0.3267
24,30.96,19,14,0.095,0.144,1,0,3.2,0.512,3.23,6.0,7.08,3.5,0,1.7916666666666665,588.24,3.333333333333333,0.01782178217821782,0.3325
25,28.75,1,29,0.181,0.1584,1,0,1.5,0.671,4.71,4.08,8.52,4.1,0,1.04,28.75,11.6,0.016638655462184876,0.7420999999999999
17,79.03,13,15,0.179,0.0056,0,0,1.2,0.383,3.75,5.08,8.73,3.8,0,1.7647058823529411,1027.39,6.8181818181818175,0.0,0.6801999999999999
59,78.59,30,4,0.291,0.0528,0,0,3.4,0.63,5.0,6.93,9.82,4.6,0,1.5084745762711864,2357.7000000000003,0.9090909090909091,0.0,1.3385999999999998
51,34.3,1,44,0.323,0.0424,2,0,4.5,0.358,3.16,4.33,6.69,5.1,0,1.0196078431372548,34.3,8.0,0.011027308192457737,1.6473
46,75.72,35,36,0.378,0.1608,1,0,3.3,0.804,3.53,5.47,7.33,5.2,0,1.7608695652173914,2650.2,8.372093023255815,0.019303721488595438,1.9656
35,159.65,9,43,0.438,0.0488,2,0,4.0,0.36,3.0,4.48,6.5,5.1,0,1.2571428571428571,1436.8500000000001,8.6,0.013013333333333333,2.2338
17,78.24,5,5,0.21,0.2072,0,0,0.0,0.793,5.0,4.92,9.31,4.0,0,1.2941176470588236,391.2,5.0,0.0,0.84
56,101.28,15,6,0.181,0.168,1,0,3.4,0.672,4.95,6.33,8.72,3.7,0,1.2678571428571428,1519.2,1.3636363636363635,0.01728395061728395,0.6697
28,92.6,29,3,0.436,0.0248,1,0,0.6,0.782,3.52,6.02,7.77,5.5,0,2.0357142857142856,2685.3999999999996,1.875,0.002827822120866591,2.398
2,81.55,1,10,0.03,0.0544,0,0,0.9,0.311,3.44,4.83,8.26,2.7,0,1.5,81.55,5.2631578947368425,0.0,0.081
34,138.34,1,36,0.355,0.0216,0,0,1.3,0.692,4.86,3.67,9.79,4.7,0,1.0294117647058822,138.34,15.65217391304348,0.0,1.6684999999999999
1,36.27,1,1,0.402,0.0448,0,1,0.0,0.835,4.4,4.98,9.25,5.6,0,2.0,36.27,1.0,0.0,2.2512
47,35.9,24,2,0.091,0.2344,0,1,3.7,0.946,4.61,6.93,8.83,3.4,0,1.5106382978723403,861.5999999999999,0.425531914893617,0.0,0.3094
3,46.04,1,43,0.469,0.1264,0,0,1.5,0.577,4.22,3.38,8.8,6.0,0,1.3333333333333333,46.04,17.2,0.0,2.814
59,103.1,15,14,0.203,0.0256,1,0,0.0,0.666,3.06,4.8,7.31,3.8,0,1.2542372881355932,1546.5,14.0,0.003080625752105897,0.7714
56,35.88,1,49,0.075,0.004,0,0,5.3,0.631,3.0,4.35,7.99,3.3,0,1.0178571428571428,35.88,7.777777777777778,0.0,0.24749999999999997
22,42.04,6,2,0.484,0.0496,2,0,0.0,0.636,3.6,5.1,7.1,6.1,0,1.2727272727272727,252.24,2.0,0.012246913580246913,2.9524
42,67.88,1,50,0.292,0.1032,2,0,4.8,0.32,3.88,4.13,7.2,4.6,0,1.0238095238095237,67.88,8.620689655172415,0.025170731707317075,1.3431999999999997
4,84.39,2,11,0.519,0.0072,0,0,6.6,0.192,3.59,6.72,8.57,6.1,0,1.5,168.78,1.4473684210526316,0.0,3.1658999999999997
15,37.31,4,20,0.431,0.2304,3,0,3.3,0.802,2.95,5.23,5.18,5.8,0,1.2666666666666666,149.24,4.651162790697675,0.11184466019417477,2.4998
36,149.88,10,8,0.248,0.0384,0,1,2.2,0.687,3.77,5.67,8.64,3.8,0,1.2777777777777777,1498.8,2.5,0.0,0.9423999999999999
39,81.17,10,58,0.019,0.1176,0,0,1.1,0.628,3.95,2.8,8.56,2.6,1,1.2564102564102564,811.7,27.619047619047617,0.0,0.0494
54,52.01,28,83,0.4,0.048,0,1,5.8,0.521,3.49,3.72,8.33,5.5,0,1.5185185185185186,1456.28,12.205882352941178,0.0,2.2
12,41.53,4,0,0.201,0.0696,0,0,3.5,0.815,4.17,6.3,8.94,4.2,0,1.3333333333333333,166.12,0.0,0.0,0.8442000000000001
37,48.92,38,72,0.083,0.0168,0,0,4.4,0.704,4.97,4.13,9.91,3.3,0,2.027027027027027,1858.96,13.333333333333332,0.0,0.2739
48,37.08,13,15,0.23,0.0136,0,0,7.2,0.614,3.82,7.08,8.77,4.4,0,1.2708333333333333,482.03999999999996,1.829268292682927,0.0,1.0120000000000002
41,17.67,11,14,0.235,0.0664,0,0,1.3,0.512,3.58,5.1,8.36,4.5,0,1.2682926829268293,194.37,6.086956521739131,0.0,1.0574999999999999
58,36.79,15,2,0.523,0.1135999999999999,2,0,3.0,0.757,2.73,6.4,6.02,6.4,0,1.2586206896551724,551.85,0.5,0.03236467236467234,3.3472000000000004
7,99.62,2,52,0.014,0.0368,0,0,3.0,0.37,4.2,3.47,9.08,2.5,0,1.2857142857142856,199.24,13.0,0.0,0.035
31,78.18,1,19,0.444,0.1808,3,0,3.6,0.904,2.76,5.28,5.16,5.6,0,1.032258064516129,78.18,4.130434782608696,0.08805194805194805,2.4863999999999997
5,21.9,3,13,0.248,0.0024,1,0,0.9,0.873,3.96,4.75,8.29,4.6,0,1.6,65.69999999999999,6.842105263157895,0.0002583423035522067,1.1407999999999998
27,82.62,1,49,0.088,0.0432,0,0,0.0,0.648,3.1,2.58,7.96,3.1,1,1.037037037037037,82.62,49.0,0.0,0.2728
25,48.93,7,18,0.37,0.1856,2,0,5.6,0.21,4.07,6.2,7.12,5.3,0,1.28,342.51,2.7272727272727275,0.04571428571428571,1.9609999999999999
17,41.06,1,138,0.498,0.1,0,0,7.0,0.814,3.72,2.37,8.39,6.2,1,1.0588235294117647,41.06,17.25,0.0,3.0876
28,82.49,1,63,0.488,0.052,1,0,1.9,0.086,3.47,2.52,7.63,5.9,1,1.0357142857142858,82.49,21.724137931034484,0.006025492468134415,2.8792
55,59.06,14,1,0.278,0.0152,0,1,1.2,0.579,3.97,5.82,8.92,4.6,0,1.2545454545454544,826.84,0.45454545454545453,0.0,1.2788
27,60.8,7,1,0.35,0.0968,1,0,5.2,0.764,3.33,6.92,7.34,5.1,0,1.2592592592592593,425.59999999999997,0.16129032258064516,0.011606714628297363,1.7849999999999997
53,85.04,1,43,0.322,0.148,0,0,2.4,0.524,3.69,3.68,8.2,4.7,0,1.0188679245283019,85.04,12.647058823529411,0.0,1.5134
26,107.84,1,7,0.103,0.0008,1,0,2.4,0.497,3.73,5.48,8.06,3.1,0,1.0384615384615385,107.84,2.058823529411765,8.830022075055188e-05,0.3193
49,69.1,25,47,0.355,0.0016,0,0,1.6,0.944,5.0,4.02,9.99,5.1,0,1.510204081632653,1727.4999999999998,18.076923076923077,0.0,1.8104999999999998
29,73.61,8,10,0.263,0.0936,0,0,3.6,0.724,4.42,5.97,9.11,4.4,0,1.2758620689655173,588.88,2.173913043478261,0.0,1.1572000000000002
60,30.93,1,13,0.219,0.0608,0,0,2.0,0.595,3.69,5.05,8.49,4.3,0,1.0166666666666666,30.93,4.333333333333333,0.0,0.9417
27,28.62,1,14,0.319,0.124,1,0,0.2,0.408,2.94,4.4,6.86,5.1,0,1.037037037037037,28.62,11.666666666666668,0.015776081424936386,1.6269
17,49.11,5,23,0.321,0.0512,0,0,3.8,0.76,4.33,5.28,9.16,5.0,0,1.2941176470588236,245.55,4.791666666666667,0.0,1.605
38,41.74,1,4,0.214,0.0296,0,0,1.1,0.877,4.5,5.2,9.4,4.2,0,1.0263157894736843,41.74,1.9047619047619047,0.0,0.8988
16,59.25,1,2,0.274,0.1056,1,0,2.3,0.745,3.47,5.7,7.45,4.6,0,1.0625,59.25,0.6060606060606061,0.012497041420118345,1.2604
9,46.65,5,41,0.069,0.1496,4,0,4.5,0.898,3.52,4.62,5.35,3.2,0,1.5555555555555556,233.25,7.454545454545454,0.09423622047244096,0.22080000000000002
32,123.61,9,17,0.328,0.068,0,0,0.0,0.514,4.04,4.45,8.81,4.6,0,1.28125,1112.49,17.0,0.0,1.5088
1,62.51,1,13,0.15,0.1968,1,0,6.1,0.757,3.85,6.42,7.53,3.7,0,2.0,62.51,1.8309859154929577,0.023071512309495893,0.555
9,56.47,3,14,0.063,0.0528,0,1,3.3,0.841,3.1,5.5,7.92,3.1,0,1.3333333333333333,169.41,3.255813953488372,0.0,0.1953
50,81.9,13,20,0.174,0.0344,0,0,1.5,0.442,2.49,4.93,7.38,3.7,0,1.26,1064.7,8.0,0.0,0.6438
7,27.76,1,23,0.586,0.0352,0,0,0.0,0.347,4.73,3.88,9.61,6.9,0,1.1428571428571428,27.76,23.0,0.0,4.0434
44,456.89,34,1,0.534,0.048,0,1,5.5,0.732,3.93,7.92,8.77,4.0,0,1.7727272727272727,15534.26,0.15384615384615385,0.0,2.136
37,40.5,1,1,0.268,0.0768,2,0,3.8,0.561,4.97,6.25,8.38,4.6,0,1.027027027027027,40.5,0.20833333333333334,0.016375266524520253,1.2328
40,34.31,1,44,0.447,0.0024,0,0,5.6,0.791,2.75,4.7,7.74,5.9,0,1.025,34.31,6.666666666666667,0.0,2.6373
51,68.62,39,9,0.292,0.3088,2,0,0.4,0.659,2.65,5.98,5.29,4.6,0,1.7647058823529411,2676.1800000000003,6.428571428571429,0.09818759936406996,1.3431999999999997
45,11.43,23,4,0.281,0.0567999999999999,3,0,2.0,0.657,2.86,6.23,5.67,4.9,0,1.511111111111111,262.89,1.3333333333333333,0.02554722638680655,1.3769000000000002
60,104.21,16,51,0.243,0.2279999999999999,1,0,3.3,0.885,4.24,4.08,7.81,4.1,0,1.2666666666666666,1667.36,11.86046511627907,0.02587968217934165,0.9962999999999999
6,96.84,1,14,0.349,0.0344,0,0,2.7,0.608,3.83,5.23,8.72,4.9,0,1.1666666666666667,96.84,3.7837837837837838,0.0,1.7101
37,41.6,19,1,0.187,0.0048,0,0,1.4,0.507,5.0,6.05,9.98,4.1,0,1.5135135135135136,790.4,0.4166666666666667,0.0,0.7666999999999999
39,68.37,1,16,0.13,0.084,0,0,3.6,0.599,3.25,5.43,7.97,3.5,0,1.0256410256410255,68.37,3.4782608695652177,0.0,0.455
4,36.23,2,4,0.068,0.0032,0,0,1.1,0.309,3.77,5.23,8.76,3.3,0,1.5,72.46,1.9047619047619047,0.0,0.22440000000000002
49,56.83,25,63,0.427,0.036,2,0,5.3,0.433,3.7,4.45,7.25,5.6,0,1.510204081632653,1420.75,10.0,0.008727272727272726,2.3912
37,25.39,19,16,0.31,0.096,2,0,0.0,0.255,4.74,4.83,8.09,5.0,0,1.5135135135135136,482.41,16.0,0.021122112211221122,1.55
10,73.13,1,9,0.146,0.1216,1,0,0.7,0.667,4.78,4.82,8.71,3.6,0,1.1,73.13,5.294117647058823,0.012523171987641605,0.5256
10,66.37,1,148,0.077,0.02,0,1,0.0,0.579,4.7,1.0,9.63,3.1,1,1.1,66.37,148.0,0.0,0.2387
49,29.13,13,7,0.563,0.1496,0,0,3.9,0.646,2.06,6.38,6.56,6.8,0,1.2653061224489797,378.69,1.4285714285714284,0.0,3.8283999999999994
35,28.05,9,0,0.302,0.0344,0,0,0.9,0.798,2.15,5.6,7.04,4.9,0,1.2571428571428571,252.45000000000002,0.0,0.0,1.4798
8,27.38,9,161,0.17,0.0567999999999999,0,0,4.6,0.861,5.0,1.83,9.81,4.0,1,2.125,246.42,28.750000000000004,0.0,0.68
23,23.36,1,21,0.221,0.0888,1,0,2.0,0.462,4.15,4.65,8.19,4.4,0,1.0434782608695652,23.36,7.0,0.009662676822633299,0.9724
49,65.22,1,90,0.352,0.0064,0,1,4.0,0.928,2.85,1.87,7.83,5.1,1,1.0204081632653061,65.22,18.0,0.0,1.7951999999999997
52,90.83,14,43,0.398,0.0304,0,0,2.4,0.551,4.49,4.12,9.39,5.2,0,1.2692307692307692,1271.62,12.647058823529411,0.0,2.0696000000000003
7,64.73,4,42,0.239,0.0144,0,0,1.0,0.19,3.43,3.37,8.38,4.3,0,1.5714285714285714,258.92,21.0,0.0,1.0276999999999998
53,94.99,1,42,0.274,0.1135999999999999,1,0,1.6,0.585,5.0,3.47,8.95,4.3,0,1.0188679245283019,94.99,16.153846153846153,0.01141708542713567,1.1782000000000001
2,111.25,2,11,0.281,0.0552,0,1,0.0,0.83,5.0,4.52,9.82,4.3,0,2.0,222.5,11.0,0.0,1.2083000000000002
38,62.09,1,18,0.402,0.0896,1,0,3.2,0.726,4.89,5.2,8.92,5.4,0,1.0263157894736843,62.09,4.285714285714286,0.009032258064516128,2.1708000000000003
20,17.16,6,15,0.525,0.0032,1,0,2.5,0.853,2.75,5.28,7.07,6.6,0,1.3,102.96000000000001,4.285714285714286,0.00039653035935563816,3.465
31,104.72,24,3,0.185,0.0856,0,0,4.2,0.875,3.86,7.05,8.57,3.7,0,1.7741935483870968,2513.2799999999997,0.5769230769230769,0.0,0.6845
30,42.0,1,9,0.325,0.0408,0,0,0.7,0.836,3.74,4.82,8.6,5.0,0,1.0333333333333334,42.0,5.294117647058823,0.0,1.625
48,252.19,13,9,0.316,0.0944,1,0,3.1,0.718,4.6,6.02,8.62,3.7,0,1.2708333333333333,3278.47,2.1951219512195124,0.009812889812889813,1.1692
25,99.06,1,46,0.085,0.1176,0,0,1.9,0.252,4.46,3.37,9.07,3.0,1,1.04,99.06,15.862068965517242,0.0,0.255
10,79.6,11,37,0.254,0.056,1,0,0.9,0.861,3.85,3.82,8.0,4.3,0,2.1,875.5999999999999,19.473684210526315,0.006222222222222223,1.0922
60,92.7,31,31,0.139,0.0544,2,1,1.4,0.712,3.75,4.95,7.24,3.4,0,1.5166666666666666,2873.7000000000003,12.916666666666668,0.01320388349514563,0.4726
17,30.52,5,31,0.404,0.0328,1,0,3.8,0.758,3.55,4.88,7.77,5.6,0,1.2941176470588236,152.6,6.458333333333334,0.003740022805017104,2.2624
9,18.88,7,37,0.497,0.0792,0,0,4.5,0.37,4.11,4.88,8.85,6.4,0,1.7777777777777777,132.16,6.7272727272727275,0.0,3.1808
43,73.55,33,5,0.27,0.0432,1,0,4.5,0.44,3.95,7.35,8.14,4.4,0,1.7674418604651163,2427.15,0.9090909090909091,0.004726477024070022,1.1880000000000002
58,122.8,1,23,0.43,0.0128,0,0,4.0,0.489,5.0,5.22,9.96,5.3,0,1.0172413793103448,122.8,4.6,0.0,2.279
32,56.19,9,3,0.326,0.0752,3,0,1.7,0.139,2.32,5.72,5.07,4.9,0,1.28125,505.71,1.111111111111111,0.03716639209225701,1.5974000000000002
24,105.02,1,2,0.394,0.1384,1,0,4.0,0.252,4.99,6.27,8.86,5.1,0,1.0416666666666667,105.02,0.4,0.014036511156186614,2.0094
16,39.71,1,36,0.185,0.0104,0,0,4.2,0.717,3.75,4.63,8.72,4.1,0,1.0625,39.71,6.9230769230769225,0.0,0.7585
46,46.68,58,16,0.258,0.0408,1,0,4.2,0.13,4.49,7.27,8.69,4.5,0,2.2608695652173916,2707.44,3.0769230769230766,0.0042105263157894745,1.161
12,69.25,4,44,0.353,0.0024,0,0,3.9,0.307,3.63,4.23,8.62,5.1,0,1.3333333333333333,277.0,8.979591836734693,0.0,1.8002999999999998
35,54.99,9,20,0.22,0.0152,0,0,1.0,0.703,4.35,4.63,9.3,4.2,0,1.2571428571428571,494.91,10.0,0.0,0.924
53,113.13,14,14,0.674,0.0448,0,0,3.2,0.67,3.47,5.83,8.32,7.0,0,1.2641509433962264,1583.82,3.333333333333333,0.0,4.718
43,108.29,11,33,0.461,0.2024,0,0,1.3,0.807,3.0,4.15,7.33,5.6,0,1.255813953488372,1191.19,14.347826086956523,0.0,2.5816
47,69.01,24,7,0.272,0.0056,0,0,4.3,0.58,3.83,6.88,8.81,4.5,0,1.5106382978723403,1656.2400000000002,1.3207547169811322,0.0,1.2240000000000002
46,49.79,1,145,0.175,0.0416,2,0,2.1,0.777,2.66,1.0,6.19,3.9,1,1.0217391304347827,49.79,46.774193548387096,0.011571627260083449,0.6825
17,52.97,1,21,0.498,0.1088,1,0,0.0,0.795,2.92,3.98,6.89,6.2,0,1.0588235294117647,52.97,21.0,0.013789607097591888,3.0876
29,276.57,1,32,0.226,0.0272,1,0,1.0,0.909,3.73,3.77,7.97,2.9,0,1.0344827586206897,276.57,16.0,0.003032329988851728,0.6554
57,153.83,1,1,0.221,0.1135999999999999,0,1,7.0,0.246,4.58,7.32,9.2,3.6,0,1.0175438596491229,153.83,0.125,0.0,0.7956
36,38.57,10,19,0.008,0.0344,1,0,3.5,0.522,3.61,5.55,7.83,2.8,0,1.2777777777777777,385.7,4.222222222222222,0.003895809739524349,0.0224
35,61.3,18,27,0.142,0.0352,2,0,0.7,0.538,4.61,4.48,8.16,3.6,0,1.5142857142857142,1103.3999999999999,15.882352941176471,0.0076855895196506555,0.5112
4,57.75,1,209,0.508,0.0224,0,0,1.6,0.654,4.93,1.0,9.86,6.2,1,1.25,57.75,80.38461538461539,0.0,3.1496
7,50.0,2,20,0.476,0.0224,0,1,0.9,0.444,3.67,4.37,8.6,6.0,0,1.2857142857142856,100.0,10.526315789473685,0.0,2.856
19,91.11,5,16,0.313,0.024,0,0,2.6,0.254,4.88,5.23,9.8,4.6,0,1.263157894736842,455.55,4.444444444444445,0.0,1.4398
47,50.46,24,22,0.183,0.0984,1,1,0.0,0.37,3.08,4.7,7.09,4.0,0,1.5106382978723403,1211.04,22.0,0.012163164400494439,0.732
28,67.56,1,48,0.047,0.0088,1,0,0.5,0.442,3.64,2.8,7.94,2.9,1,1.0357142857142858,67.56,32.0,0.0009843400447427293,0.1363
41,77.01,31,2,0.145,0.0264,1,0,1.8,0.662,2.96,6.53,7.21,3.6,0,1.7560975609756098,2387.31,0.7142857142857143,0.0032155907429963454,0.522
22,28.0,1,14,0.177,0.0856,0,1,3.3,0.643,3.8,5.43,8.51,4.1,0,1.0454545454545454,28.0,3.255813953488372,0.0,0.7256999999999999
21,89.44,6,5,0.256,0.0992,0,0,4.3,0.732,3.52,6.38,8.19,4.3,0,1.2857142857142856,536.64,0.9433962264150944,0.0,1.1008
5,73.07,2,32,0.073,0.0864,1,0,1.4,0.794,4.36,3.93,8.41,3.1,0,1.4,146.14,13.333333333333334,0.009181721572794899,0.2263
45,31.34,1,3,0.175,0.0672,1,0,4.9,0.862,3.59,6.52,7.7,4.0,0,1.0222222222222221,31.34,0.5084745762711864,0.007724137931034483,0.7
49,106.98,1,53,0.521,0.052,0,0,7.1,0.502,4.37,4.75,9.2,6.0,0,1.0204081632653061,106.98,6.5432098765432105,0.0,3.1260000000000003
32,38.11,1,13,0.097,0.012,2,0,2.8,0.798,3.91,5.32,7.54,3.5,0,1.03125,38.11,3.4210526315789473,0.0028103044496487124,0.3395
60,59.11,16,9,0.45,0.0552,1,1,3.2,0.706,3.77,6.15,7.92,5.8,0,1.2666666666666666,945.76,2.142857142857143,0.006188340807174888,2.61
1,182.13,1,11,0.436,0.132,1,0,2.6,0.35,3.3,5.35,7.19,5.0,0,2.0,182.13,3.0555555555555554,0.016117216117216115,2.18
20,76.02,6,2,0.521,0.1656,1,1,2.5,0.858,3.51,5.93,7.29,6.2,0,1.3,456.12,0.5714285714285714,0.01997587454764777,3.2302000000000004
28,116.62,1,48,0.411,0.0536,1,0,3.5,0.856,3.59,3.8,7.74,5.2,0,1.0357142857142858,116.62,10.666666666666666,0.006132723112128147,2.1372
57,51.78,15,28,0.501,0.1184,0,0,3.9,0.472,4.29,5.4,8.9,6.2,0,1.263157894736842,776.7,5.7142857142857135,0.0,3.1062000000000003
44,90.18,1,13,0.439,0.188,2,0,2.8,0.459,3.51,5.32,6.55,5.5,0,1.0227272727272727,90.18,3.4210526315789473,0.04980132450331126,2.4145
54,52.45,14,3,0.115,0.0624,0,0,6.0,0.375,4.39,7.32,9.18,3.5,0,1.2592592592592593,734.3000000000001,0.42857142857142855,0.0,0.4025
48,71.97,13,2,0.259,0.004,0,0,6.3,0.407,4.92,7.43,9.91,4.4,0,1.2708333333333333,935.61,0.273972602739726,0.0,1.1396000000000002
37,109.42,10,27,0.035,0.0432,0,0,2.2,0.785,3.59,4.72,8.45,2.6,0,1.2702702702702702,1094.2,8.4375,0.0,0.09100000000000001
60,75.37,1,32,0.057,0.0144,0,0,0.0,0.553,3.57,3.43,8.52,2.9,0,1.0166666666666666,75.37,32.0,0.0,0.1653
12,118.81,4,6,0.312,0.1016,1,0,4.2,0.487,4.06,6.23,8.05,4.5,0,1.3333333333333333,475.24,1.1538461538461537,0.011226519337016573,1.404
18,210.62,1,29,0.383,0.0136,0,0,4.5,0.841,4.59,5.08,9.54,4.4,0,1.0555555555555556,210.62,5.2727272727272725,0.0,1.6852000000000003
53,94.06,27,14,0.583,0.2264,0,0,3.2,0.517,4.56,6.27,8.81,6.5,0,1.509433962264151,2539.62,3.333333333333333,0.0,3.7895
45,46.2,1,40,0.304,0.0144,0,1,3.2,0.498,5.0,4.1,9.95,4.9,0,1.0222222222222221,46.2,9.523809523809524,0.0,1.4896
51,57.36,13,17,0.125,0.244,4,1,1.8,0.912,1.71,5.18,3.23,3.5,0,1.2549019607843137,745.68,6.071428571428572,0.23073286052009453,0.4375
50,155.7,13,100,0.11,0.0632,0,0,2.6,0.631,3.75,1.3,8.54,2.8,1,1.26,2024.1,27.77777777777778,0.0,0.308
5,82.15,2,11,0.116,0.0528,0,0,3.0,0.6,3.89,5.52,8.71,3.3,0,1.4,164.3,2.75,0.0,0.3828
31,75.03,1,55,0.09,0.0288,1,0,4.2,0.537,3.65,3.68,7.89,3.2,0,1.032258064516129,75.03,10.576923076923077,0.0032395950506186725,0.288
2,79.89,2,1,0.096,0.0192,3,0,4.1,0.497,4.64,6.38,7.58,3.2,0,2.0,159.78,0.19607843137254904,0.006713286713286713,0.30720000000000003
45,93.95,1,29,0.35,0.0208,2,0,1.8,0.422,3.66,4.18,7.26,4.9,0,1.0222222222222221,93.95,10.357142857142858,0.005036319612590799,1.715
59,50.1,30,27,0.516,0.0848,2,0,3.0,0.225,3.8,5.65,7.18,6.3,0,1.5084745762711864,1503.0,6.75,0.02073349633251834,3.2508
9,185.63,1,11,0.544,0.0096,0,0,4.3,0.605,4.47,5.92,9.44,5.7,0,1.1111111111111112,185.63,2.0754716981132075,0.0,3.1008000000000004
2,112.17,2,5,0.196,0.0776,0,0,3.9,0.331,3.83,6.12,8.57,3.7,0,2.0,224.34,1.0204081632653061,0.0,0.7252000000000001
18,11.74,19,111,0.181,0.1504,2,0,0.9,0.691,4.34,1.0,7.51,4.2,1,2.0555555555555554,223.06,58.42105263157895,0.03534665099882491,0.7602
56,82.43,15,1,0.327,0.1264,0,1,0.0,0.306,4.47,5.45,9.05,4.8,0,1.2678571428571428,1236.45,1.0,0.0,1.5696
35,49.69,27,52,0.326,0.048,1,0,3.8,0.28,4.6,4.57,8.77,5.0,0,1.7714285714285714,1341.6299999999999,10.833333333333334,0.004912998976458547,1.6300000000000001
44,105.45,12,45,0.334,0.1184,2,0,3.9,0.066,3.94,4.45,7.21,4.7,0,1.2727272727272727,1265.4,9.183673469387754,0.02884287454323995,1.5698
25,74.15,7,104,0.155,0.028,1,1,3.5,0.722,4.84,1.4,9.08,3.6,1,1.28,519.0500000000001,23.11111111111111,0.002777777777777778,0.558
16,14.55,9,20,0.117,0.1544,0,0,5.6,0.68,5.0,6.17,9.49,3.7,0,1.5625,130.95000000000002,3.0303030303030303,0.0,0.43290000000000006
58,29.25,44,27,0.354,0.0072,0,0,1.2,0.757,2.49,5.52,7.47,5.3,0,1.7586206896551724,1287.0,12.272727272727272,0.0,1.8761999999999999
41,116.73,21,13,0.208,0.1176,1,0,1.7,0.217,4.54,5.62,8.48,3.8,0,1.5121951219512195,2451.33,4.814814814814815,0.01240506329113924,0.7903999999999999
44,68.36,1,50,0.03,0.2056,0,0,8.2,0.229,4.17,5.27,8.48,2.8,0,1.0227272727272727,68.36,5.434782608695652,0.0,0.08399999999999999
46,122.03,12,13,0.212,0.3312,3,0,1.0,0.529,3.22,5.08,5.12,3.8,0,1.2608695652173914,1464.3600000000001,6.5,0.1623529411764706,0.8056
20,51.49,6,111,0.093,0.0048,4,0,5.0,0.845,2.63,1.87,4.95,3.3,1,1.3,308.94,18.5,0.0032268907563025207,0.3069
59,116.62,1,5,0.33,0.0104,1,1,6.2,0.671,4.54,6.85,8.84,4.6,0,1.0169491525423728,116.62,0.6944444444444444,0.001056910569105691,1.518
4,57.95,1,47,0.188,0.0896,1,0,6.0,0.323,4.24,4.68,8.27,4.0,0,1.25,57.95,6.714285714285714,0.009665587918015103,0.752
53,103.44,1,13,0.118,0.0656,0,0,4.7,0.747,4.12,5.95,8.9,3.2,0,1.0188679245283019,103.44,2.280701754385965,0.0,0.3776
32,74.03,9,27,0.474,0.0168,0,0,3.2,0.73,3.91,5.02,8.85,5.9,0,1.28125,666.27,6.428571428571428,0.0,2.7966
52,50.97,14,119,0.094,0.096,2,0,3.3,0.611,3.74,1.57,7.09,3.4,1,1.2692307692307692,713.5799999999999,27.674418604651162,0.02373300370828183,0.3196
20,63.45,6,11,0.432,0.1816,2,1,6.4,0.426,4.74,6.78,7.8,5.6,0,1.3,380.70000000000005,1.4864864864864864,0.04127272727272727,2.4192
39,117.65,30,24,0.413,0.0248,2,0,0.5,0.781,2.89,4.97,6.47,5.2,0,1.7692307692307692,3529.5,16.0,0.006639892904953146,2.1476
15,133.17,4,93,0.293,0.0728,1,0,0.8,0.568,2.89,1.0,6.98,4.3,1,1.2666666666666666,532.68,51.666666666666664,0.009122807017543859,1.2598999999999998
18,80.9,5,5,0.185,0.036,0,0,4.5,0.458,3.54,6.42,8.42,3.8,0,1.2777777777777777,404.5,0.9090909090909091,0.0,0.703
7,192.84,1,72,0.381,0.0032,0,0,3.6,0.501,4.93,2.63,9.92,4.5,1,1.1428571428571428,192.84,15.65217391304348,0.0,1.7145000000000001
3,22.34,2,45,0.686,0.0576,0,0,0.3,0.662,3.41,2.92,8.22,7.7,1,1.6666666666666665,44.68,34.61538461538461,0.0,5.2822000000000005
8,72.01,5,108,0.096,0.0768,1,0,1.8,0.908,4.0,1.0,8.08,3.2,1,1.625,360.05,38.57142857142858,0.008458149779735682,0.30720000000000003
29,233.83,15,1,0.144,0.016,0,0,2.0,0.574,3.29,6.12,8.24,2.6,0,1.5172413793103448,3507.4500000000003,0.3333333333333333,0.0,0.3744
8,27.63,3,25,0.254,0.068,0,0,4.5,0.728,4.83,5.35,9.6,4.6,0,1.375,82.89,4.545454545454546,0.0,1.1683999999999999
1,94.32,1,0,0.236,0.1208,0,0,2.7,0.836,4.5,5.93,9.1,4.1,0,2.0,94.32,0.0,0.0,0.9675999999999999
43,74.75,11,34,0.052,0.1416,0,0,3.6,0.883,5.0,4.87,9.53,2.9,0,1.255813953488372,822.25,7.391304347826088,0.0,0.1508
54,96.43,1,24,0.249,0.1056,1,0,0.4,0.637,3.75,3.97,7.73,4.2,0,1.0185185185185186,96.43,17.142857142857142,0.012096219931271477,1.0458
21,237.38,6,1,0.245,0.0696,1,0,3.8,0.783,3.7,6.42,7.8,3.3,0,1.2857142857142856,1424.28,0.20833333333333334,0.007909090909090907,0.8085
39,54.11,10,3,0.231,0.0552,0,1,6.3,0.727,5.0,7.28,9.82,4.3,0,1.2564102564102564,541.1,0.4109589041095891,0.0,0.9933
45,131.95,12,2,0.529,0.0776,0,0,2.7,0.636,3.42,6.2,8.16,5.9,0,1.2666666666666666,1583.3999999999999,0.5405405405405405,0.0,3.1211
2,59.4,1,15,0.712,0.0664,1,0,2.0,0.597,3.35,4.95,7.46,7.6,0,1.5,59.4,5.0,0.00784869976359338,5.411199999999999
34,266.05,9,12,0.338,0.0008,1,0,6.9,0.568,3.13,7.0,7.46,3.8,0,1.2647058823529411,2394.4500000000003,1.5189873417721518,9.45626477541371e-05,1.2844
21,186.42,1,4,0.587,0.1976,2,1,0.0,0.879,4.53,4.83,7.54,6.0,0,1.0476190476190477,186.42,4.0,0.04627634660421546,3.522
48,74.13,13,20,0.302,0.0192,1,0,1.6,0.335,3.02,4.97,7.29,4.7,0,1.2708333333333333,963.6899999999999,7.692307692307692,0.002316043425814234,1.4194
33,47.0,17,71,0.028,0.1536,2,0,3.5,0.298,2.57,3.18,5.72,2.9,1,1.5151515151515151,799.0,15.777777777777779,0.045714285714285714,0.0812
56,32.41,15,31,0.326,0.0016,0,0,0.9,0.625,2.95,4.25,7.94,5.1,0,1.2678571428571428,486.15,16.315789473684212,0.0,1.6625999999999999
39,206.91,1,7,0.33,0.0376,0,0,7.3,0.606,4.85,7.12,9.72,4.1,0,1.0256410256410255,206.91,0.8433734939759036,0.0,1.353
57,36.64,15,11,0.372,0.1544,1,0,2.4,0.499,5.0,5.75,8.82,5.4,0,1.263157894736842,549.6,3.235294117647059,0.015723014256619147,2.0088
40,68.23,11,26,0.328,0.1472,2,0,2.7,0.962,4.33,4.97,7.51,4.9,0,1.275,750.5300000000001,7.027027027027026,0.034594594594594595,1.6072000000000002
7,73.55,2,16,0.315,0.0304,0,0,0.0,0.526,4.58,4.27,9.48,4.8,0,1.2857142857142856,147.1,16.0,0.0,1.512
15,56.17,1,11,0.141,0.0176,3,0,0.0,0.656,2.55,4.48,5.49,3.6,0,1.0666666666666667,56.17,11.0,0.008135593220338983,0.5075999999999999
9,58.53,1,14,0.209,0.0248,0,0,6.9,0.729,4.81,6.63,9.73,4.1,0,1.1111111111111112,58.53,1.7721518987341771,0.0,0.8568999999999999
30,16.93,16,35,0.269,0.0464,0,0,5.4,0.687,3.6,5.58,8.45,4.8,0,1.5333333333333332,270.88,5.46875,0.0,1.2912000000000001
44,38.22,1,3,0.278,0.1264,0,0,5.2,0.4,3.79,6.62,8.37,4.7,0,1.0227272727272727,38.22,0.48387096774193544,0.0,1.3066000000000002
51,125.63,1,2,0.248,0.02,1,0,3.0,0.67,1.58,5.93,5.85,4.0,0,1.0196078431372548,125.63,0.5,0.0029197080291970805,0.992
55,130.94,1,21,0.221,0.0296,0,0,5.4,0.178,3.84,5.78,8.74,3.8,0,1.018181818181818,130.94,3.28125,0.0,0.8398
60,73.69,16,27,0.215,0.0072,1,1,4.3,0.838,3.12,5.62,7.43,4.1,0,1.2666666666666666,1179.04,5.09433962264151,0.0008540925266903915,0.8815
53,81.37,14,12,0.341,0.0216,0,1,4.0,0.726,3.48,6.2,8.41,4.9,0,1.2641509433962264,1139.18,2.4,0.0,1.6709000000000003
17,65.01,9,12,0.415,0.0192,2,0,3.6,0.705,3.49,5.9,7.09,5.5,0,1.5294117647058822,585.09,2.608695652173913,0.004746600741656366,2.2824999999999998
38,44.77,10,56,0.1,0.0128,1,0,4.2,0.503,2.79,3.93,7.08,3.4,1,1.263157894736842,447.70000000000005,10.769230769230768,0.0015841584158415843,0.34
41,73.28,1,8,0.346,0.1848,2,0,2.2,0.559,2.79,5.37,5.84,5.0,0,1.024390243902439,73.28,2.5,0.05403508771929824,1.73
39,37.72,1,47,0.325,0.0048,0,0,6.0,0.956,3.89,4.68,8.87,5.0,0,1.0256410256410255,37.72,6.714285714285714,0.0,1.625
48,75.88,13,67,0.295,0.1112,0,0,3.8,0.771,3.55,3.35,8.18,4.6,1,1.2708333333333333,986.4399999999999,13.958333333333334,0.0,1.3569999999999998
21,61.51,1,5,0.087,0.0488,1,0,3.8,0.298,2.75,6.05,6.92,3.2,0,1.0476190476190477,61.51,1.0416666666666667,0.006161616161616162,0.2784
3,154.54,2,16,0.305,0.0536,0,0,3.4,0.845,5.0,5.4,9.82,4.2,0,1.6666666666666665,309.08,3.6363636363636362,0.0,1.281
37,94.43,19,10,0.268,0.252,0,0,0.5,0.558,3.56,5.3,7.72,4.3,0,1.5135135135135136,1794.17,6.666666666666667,0.0,1.1524
17,111.57,1,66,0.093,0.0528,0,0,0.0,0.643,4.38,1.73,9.2,3.0,1,1.0588235294117647,111.57,66.0,0.0,0.279
17,29.55,5,0,0.471,0.0096,0,0,2.9,0.645,4.68,6.13,9.65,6.1,0,1.2941176470588236,147.75,0.0,0.0,2.8730999999999995
54,36.74,1,8,0.426,0.0048,1,0,3.8,0.735,5.0,5.9,9.32,5.8,0,1.0185185185185186,36.74,1.6666666666666667,0.0004651162790697674,2.4707999999999997
11,47.17,1,11,0.313,0.0016,1,0,0.0,0.711,4.73,4.48,9.06,4.9,0,1.0909090909090908,47.17,11.0,0.00015904572564612326,1.5337
10,70.88,3,26,0.509,0.0104,1,0,5.0,0.652,2.95,5.47,7.25,6.1,0,1.3,212.64,4.333333333333333,0.0012606060606060606,3.1048999999999998
1,58.75,1,36,0.457,0.0072,1,1,3.2,0.525,4.0,4.3,8.31,5.8,0,2.0,58.75,8.571428571428571,0.0007733619763694951,2.6506
10,291.08,3,11,0.416,0.0008,1,1,3.6,0.616,2.69,5.75,7.02,4.2,0,1.3,873.24,2.3913043478260874,9.975062344139652e-05,1.7472
25,40.12,7,3,0.682,0.1936,0,0,3.3,0.766,4.87,6.18,9.22,7.5,0,1.28,280.84,0.6976744186046512,0.0,5.115
16,164.44,9,18,0.469,0.0232,1,1,5.8,0.614,3.46,6.33,7.72,5.3,0,1.5625,1479.96,2.6470588235294117,0.0026605504587155966,2.4856999999999996
55,80.55,1,81,0.224,0.0136,1,0,2.1,0.742,4.47,1.68,8.76,4.1,1,1.018181818181818,80.55,26.129032258064516,0.0013934426229508196,0.9184
59,95.74,15,22,0.21,0.072,0,1,0.0,0.547,4.25,4.4,9.01,3.9,0,1.2542372881355932,1436.1,22.0,0.0,0.819
38,72.18,10,57,0.125,0.0104,1,0,4.2,0.455,3.68,3.88,7.98,3.4,0,1.263157894736842,721.8000000000001,10.961538461538462,0.0011581291759465478,0.425
54,21.54,1,60,0.269,0.0024,1,0,4.5,0.454,4.11,3.53,8.44,4.8,0,1.0185185185185186,21.54,10.909090909090908,0.0002542372881355932,1.2912000000000001
32,41.88,1,150,0.122,0.0296,0,0,5.1,0.944,3.59,1.73,8.49,3.6,1,1.03125,41.88,24.59016393442623,0.0,0.4392
52,55.82,14,27,0.272,0.1144,0,1,5.5,0.85,3.8,5.95,8.42,4.6,0,1.2692307692307692,781.48,4.153846153846154,0.0,1.2512
25,128.33,13,13,0.269,0.0032,2,0,3.6,0.907,4.47,5.98,8.13,4.1,0,1.52,1668.2900000000002,2.8260869565217392,0.0007009857612267251,1.1029
13,39.86,1,11,0.235,0.0456,1,0,3.5,0.622,4.07,5.65,8.25,4.4,0,1.0769230769230769,39.86,2.4444444444444446,0.00492972972972973,1.034
43,132.87,1,73,0.359,0.0192,0,1,6.0,0.881,3.48,3.38,8.42,4.7,1,1.0232558139534884,132.87,10.428571428571429,0.0,1.6873
16,25.88,1,3,0.251,0.0376,0,0,0.0,0.583,2.5,4.88,7.37,4.6,0,1.0625,25.88,3.0,0.0,1.1545999999999998
50,110.61,13,11,0.172,0.052,1,1,4.9,0.613,3.16,6.52,7.32,3.5,0,1.26,1437.93,1.8644067796610169,0.0062499999999999995,0.602
41,72.5,11,43,0.196,0.0,1,0,3.2,0.716,3.53,4.28,7.86,3.9,0,1.2682926829268293,797.5,10.238095238095237,0.0,0.7644
20,85.82,6,19,0.237,0.0768,1,1,6.8,0.602,4.35,6.52,8.43,4.1,0,1.3,514.92,2.435897435897436,0.008144220572640509,0.9716999999999999
28,216.38,15,24,0.151,0.1776,2,0,4.4,0.536,3.18,5.77,6.25,2.8,0,1.5357142857142856,3245.7,4.444444444444444,0.048993103448275864,0.42279999999999995
60,215.93,1,6,0.31,0.0696,0,0,3.7,0.774,3.71,5.97,8.48,3.9,0,1.0166666666666666,215.93,1.276595744680851,0.0,1.209
8,66.66,3,2,0.172,0.0096,0,0,6.5,0.532,4.09,7.17,9.06,3.8,0,1.375,199.98,0.26666666666666666,0.0,0.6536
57,57.3,29,59,0.158,0.2584,2,0,1.3,0.648,3.91,3.45,6.72,3.8,1,1.5087719298245614,1661.6999999999998,25.65217391304348,0.06694300518134716,0.6003999999999999
31,110.27,1,12,0.275,0.1312,1,0,4.1,0.483,3.81,5.8,7.71,4.3,0,1.032258064516129,110.27,2.3529411764705883,0.015063145809414466,1.1825
54,29.08,14,10,0.288,0.0688,1,0,5.8,0.571,3.47,6.9,7.57,4.8,0,1.2592592592592593,407.12,1.4705882352941178,0.008028004667444574,1.3823999999999999
28,75.74,1,69,0.185,0.0567999999999999,0,0,0.0,0.488,5.0,1.58,9.81,3.8,1,1.0357142857142858,75.74,69.0,0.0,0.703
29,80.65,8,11,0.265,0.028,0,0,4.8,0.495,4.27,6.32,9.18,4.4,0,1.2758620689655173,645.2,1.896551724137931,0.0,1.1660000000000001
42,68.74,53,56,0.148,0.1224,0,0,0.0,0.643,4.07,3.87,8.66,3.6,0,2.261904761904762,3643.22,56.0,0.0,0.5327999999999999
34,20.33,18,5,0.14,0.0088,3,1,2.0,0.407,3.13,6.02,6.1,3.9,0,1.5294117647058822,365.93999999999994,1.6666666666666667,0.00371830985915493,0.546
37,26.09,10,60,0.247,0.1872,3,0,0.3,0.761,4.27,2.43,6.65,4.6,1,1.2702702702702702,260.9,46.15384615384615,0.07341176470588234,1.1361999999999999
42,70.63,1,86,0.115,0.0416,0,0,4.7,0.545,3.01,2.3,7.87,3.4,1,1.0238095238095237,70.63,15.087719298245613,0.0,0.391
60,32.17,1,98,0.372,0.0736,1,0,5.0,0.319,3.42,1.8,7.51,5.4,1,1.0166666666666666,32.17,16.333333333333332,0.008648648648648649,2.0088
20,96.06,6,17,0.115,0.0864,1,0,5.3,0.553,4.53,6.12,8.58,3.2,0,1.3,576.36,2.6984126984126986,0.009018789144050104,0.36800000000000005
5,37.93,3,4,0.299,0.1744,1,0,5.4,0.956,3.78,6.7,7.53,4.9,0,1.6,113.78999999999999,0.625,0.020445486518171158,1.4651
27,167.52,7,21,0.23,0.0768,2,0,2.9,0.819,2.7,5.15,6.11,3.6,0,1.2592592592592593,1172.64,5.384615384615385,0.021603375527426156,0.8280000000000001
37,149.36,1,6,0.219,0.0088,0,0,3.9,0.482,4.93,6.03,9.9,3.6,0,1.027027027027027,149.36,1.2244897959183672,0.0,0.7884
37,79.78,1,16,0.287,0.0392,0,0,2.6,0.988,5.0,5.1,9.87,4.5,0,1.027027027027027,79.78,4.444444444444445,0.0,1.2914999999999999
31,102.8,1,4,0.366,0.0464,1,0,0.7,0.689,4.32,5.07,8.5,4.9,0,1.032258064516129,102.8,2.3529411764705883,0.0048842105263157895,1.7934
33,85.72,1,22,0.347,0.1504,0,0,4.3,0.314,3.97,5.37,8.47,4.9,0,1.0303030303030303,85.72,4.150943396226415,0.0,1.7003
48,65.36,1,6,0.05,0.1112,1,0,3.0,0.712,3.98,5.73,7.94,3.0,0,1.0208333333333333,65.36,1.5,0.012438478747203576,0.15000000000000002
32,82.91,1,17,0.519,0.0888,0,0,4.5,0.538,3.9,5.68,8.6,6.1,0,1.03125,82.91,3.090909090909091,0.0,3.1658999999999997
17,33.94,5,5,0.628,0.152,4,0,4.5,0.304,2.92,6.42,4.75,7.2,0,1.2941176470588236,169.7,0.9090909090909091,0.1057391304347826,4.5216
43,105.46,11,13,0.442,0.0048,1,0,3.1,0.509,5.0,5.75,9.32,5.5,0,1.255813953488372,1160.06,3.1707317073170733,0.0004651162790697674,2.431
23,66.08,12,78,0.134,0.0024,1,0,3.1,0.385,5.0,2.53,9.33,3.5,1,1.5217391304347827,792.96,19.02439024390244,0.0002323330106485963,0.46900000000000003
48,41.44,1,45,0.273,0.2352,1,0,3.9,0.558,3.58,4.08,7.13,4.7,1,1.0208333333333333,41.44,9.183673469387754,0.02892988929889299,1.2831000000000001
45,85.32,12,4,0.149,0.1608,1,0,2.4,0.837,3.84,6.0,7.64,3.5,0,1.2666666666666666,1023.8399999999999,1.1764705882352942,0.01861111111111111,0.5215
41,71.55,11,3,0.388,0.0704,2,0,0.0,0.872,4.17,5.22,7.6,5.3,0,1.2682926829268293,787.05,3.0,0.016372093023255815,2.0564
37,62.36,10,8,0.287,0.0456,0,0,3.9,0.273,3.04,6.23,7.89,4.6,0,1.2702702702702702,623.6,1.6326530612244896,0.0,1.3201999999999998
59,92.2,1,25,0.091,0.0408,1,0,1.5,0.701,5.0,4.28,9.2,3.1,0,1.0169491525423728,92.2,10.0,0.004000000000000001,0.2821
57,102.9,1,7,0.127,0.0,0,0,0.8,0.241,3.87,4.95,8.87,3.3,0,1.0175438596491229,102.9,3.888888888888889,0.0,0.4191
17,186.06,5,35,0.199,0.0864,2,0,5.0,0.841,3.75,5.08,7.13,3.3,0,1.2941176470588236,930.3,5.833333333333333,0.021254612546125463,0.6567
48,159.36,13,13,0.074,0.0224,0,0,3.9,0.591,4.72,6.08,9.65,2.6,0,1.2708333333333333,2071.6800000000003,2.6530612244897958,0.0,0.1924
18,219.23,5,39,0.267,0.0128,0,0,3.5,0.389,4.59,4.38,9.55,3.6,0,1.2777777777777777,1096.1499999999999,8.666666666666666,0.0,0.9612
14,59.34,4,10,0.828,0.0488,0,1,5.6,0.455,4.92,6.5,9.76,8.4,0,1.2857142857142856,237.36,1.5151515151515151,0.0,6.9552
60,56.69,1,64,0.16,0.036,0,0,4.2,0.647,2.35,3.23,7.23,3.8,0,1.0166666666666666,56.69,12.307692307692307,0.0,0.608
16,55.96,9,4,0.204,0.0104,3,0,2.9,0.826,1.81,6.07,4.78,4.1,0,1.5625,503.64,1.0256410256410258,0.005397923875432526,0.8363999999999999
24,33.17,19,18,0.173,0.02,1,0,3.8,0.886,4.02,6.0,8.29,4.0,0,1.7916666666666665,630.23,3.75,0.0021528525296017225,0.692
39,128.57,20,2,0.449,0.1296,2,1,4.9,0.105,4.09,7.2,7.32,5.4,0,1.5128205128205128,2571.3999999999996,0.3389830508474576,0.03115384615384615,2.4246000000000003
3,62.16,1,11,0.547,0.1632,2,0,1.5,0.799,2.04,4.98,5.16,6.5,0,1.3333333333333333,62.16,4.4,0.05298701298701299,3.5555000000000003
13,87.04,4,20,0.481,0.0696,0,0,2.7,0.581,4.06,5.03,8.83,5.8,0,1.3076923076923077,348.16,5.405405405405405,0.0,2.7897999999999996
39,64.66,10,23,0.344,0.136,1,0,1.4,0.944,4.28,4.65,8.16,5.0,0,1.2564102564102564,646.5999999999999,9.583333333333334,0.014847161572052403,1.7199999999999998
21,54.88,6,10,0.387,0.1904,2,0,0.3,0.956,3.59,4.8,6.62,5.4,0,1.2857142857142856,329.28000000000003,7.692307692307692,0.049973753280839896,2.0898000000000003
19,37.99,1,14,0.332,0.02,0,0,5.6,0.302,4.19,6.2,9.12,5.1,0,1.0526315789473684,37.99,2.121212121212121,0.0,1.6932
16,78.3,1,43,0.178,0.0144,1,0,4.0,0.501,4.34,4.22,8.63,3.8,0,1.0625,78.3,8.6,0.0014953271028037382,0.6763999999999999
28,53.06,1,41,0.49,0.0264,0,1,2.5,0.798,2.66,3.82,7.57,6.1,0,1.0357142857142858,53.06,11.714285714285714,0.0,2.989
5,12.8,1,68,0.061,0.004,3,0,1.9,0.706,3.27,2.27,6.26,3.4,1,1.2,12.8,23.448275862068968,0.0016528925619834713,0.2074
8,40.99,5,48,0.476,0.0728,1,0,5.2,0.856,2.77,4.5,6.86,6.1,0,1.625,204.95000000000002,7.741935483870967,0.009262086513994912,2.9035999999999995
15,94.65,1,22,0.086,0.044,0,0,4.5,0.442,4.7,5.43,9.55,3.0,0,1.0666666666666667,94.65,4.0,0.0,0.258
54,65.89,41,3,0.136,0.0032,0,0,1.8,0.726,4.37,6.82,9.36,3.6,0,1.7592592592592593,2701.4900000000002,1.0714285714285714,0.0,0.48960000000000004
9,49.59,5,14,0.191,0.0424,0,0,1.6,0.848,2.59,5.0,7.45,4.0,0,1.5555555555555556,247.95000000000002,5.384615384615384,0.0,0.764
18,40.96,10,21,0.232,0.196,1,1,1.9,0.704,4.43,4.92,8.11,4.4,0,1.5555555555555556,409.6,7.241379310344827,0.021514818880351266,1.0208000000000002
20,43.09,11,38,0.403,0.0104,0,0,6.2,0.859,3.25,5.53,8.22,5.6,0,1.55,473.99,5.277777777777778,0.0,2.2568
36,51.75,1,121,0.34,0.0472,0,0,7.3,0.763,4.63,2.47,9.47,5.1,1,1.0277777777777777,51.75,14.578313253012047,0.0,1.734
45,36.22,34,2,0.467,0.012,1,1,3.3,0.438,3.94,7.13,8.23,6.1,0,1.7555555555555555,1231.48,0.46511627906976744,0.0013001083423618634,2.8487
59,83.95,1,28,0.389,0.0136,2,0,2.4,0.845,2.46,4.43,6.08,5.2,0,1.0169491525423728,83.95,8.23529411764706,0.0038418079096045193,2.0228
44,54.79,23,3,0.345,0.1776,0,1,3.7,0.655,3.33,6.85,7.74,5.1,0,1.5227272727272727,1260.17,0.6382978723404255,0.0,1.7594999999999998
26,101.36,7,34,0.264,0.144,1,1,0.0,0.403,2.91,3.53,6.76,4.2,0,1.2692307692307692,709.52,34.0,0.018556701030927835,1.1088
2,47.3,1,1,0.176,0.0544,0,0,1.1,0.104,4.28,5.35,9.1,3.9,0,1.5,47.3,0.47619047619047616,0.0,0.6863999999999999
38,71.48,20,54,0.076,0.0048,1,0,2.8,0.123,4.1,3.9,8.42,3.1,0,1.526315789473684,1429.6000000000001,14.210526315789474,0.0005095541401273885,0.2356
6,75.85,2,23,0.176,0.2664,0,0,5.3,0.369,3.44,5.68,7.55,3.8,0,1.3333333333333333,151.7,3.6507936507936507,0.0,0.6688
3,87.02,3,21,0.326,0.1432,2,0,2.8,0.444,3.75,4.98,6.94,4.8,0,2.0,261.06,5.526315789473684,0.036070528967254406,1.5648
21,29.93,16,1,0.526,0.0584,0,0,1.1,0.94,3.82,5.85,8.63,6.5,0,1.7619047619047619,478.88,0.47619047619047616,0.0,3.419
23,251.11,12,72,0.353,0.0504,1,0,8.7,0.412,3.16,4.7,7.33,4.0,1,1.5217391304347827,3013.32,7.422680412371134,0.006050420168067227,1.412
26,62.73,7,39,0.423,0.1968,2,0,3.6,0.92,3.35,4.48,6.36,5.6,0,1.2692307692307692,439.10999999999996,8.478260869565219,0.05347826086956522,2.3688
49,40.46,25,31,0.594,0.0536,0,1,1.9,0.421,3.95,4.92,8.77,6.9,0,1.510204081632653,1011.5,10.689655172413794,0.0,4.0986
58,93.84,15,42,0.427,0.04,0,0,4.5,0.878,5.0,4.9,9.87,5.4,0,1.2586206896551724,1407.6000000000001,7.636363636363637,0.0,2.3058
22,105.34,1,46,0.277,0.0192,0,1,3.4,0.858,4.57,3.87,9.51,4.3,0,1.0454545454545454,105.34,10.454545454545453,0.0,1.1911
20,53.05,6,47,0.317,0.136,2,0,2.9,0.641,3.48,3.82,6.69,4.9,1,1.3,318.29999999999995,12.051282051282051,0.03537061118335501,1.5533000000000001
45,55.0,1,2,0.165,0.0032,0,0,0.0,0.45,4.25,4.93,9.24,3.8,0,1.0222222222222221,55.0,2.0,0.0,0.627
30,45.07,16,30,0.324,0.1056,1,0,3.2,0.48,3.41,5.1,7.39,5.0,0,1.5333333333333332,721.12,7.142857142857142,0.012586412395709177,1.62
60,110.59,1,63,0.823,0.0096,0,0,1.1,0.597,3.95,2.25,8.92,8.1,1,1.0166666666666666,110.59,30.0,0.0,6.6663
32,64.05,17,12,0.577,0.0104,1,1,0.1,0.843,2.56,5.0,6.86,6.7,0,1.53125,1088.85,10.909090909090908,0.0013231552162849872,3.8659
48,116.42,25,21,0.339,0.2688,3,0,2.1,0.828,3.66,5.48,5.76,4.7,0,1.5208333333333335,2910.5,6.774193548387097,0.11928994082840237,1.5933000000000002
2,62.77,1,7,0.24,0.0392,1,1,0.0,0.37,3.4,4.68,7.6,4.3,0,1.5,62.77,7.0,0.004558139534883721,1.032
48,22.62,13,2,0.294,0.1104,0,0,3.7,0.508,4.07,6.57,8.7,4.9,0,1.2708333333333333,294.06,0.425531914893617,0.0,1.4406
40,55.51,21,7,0.14,0.2144,0,1,4.4,0.694,2.77,6.82,7.06,3.6,0,1.525,1165.71,1.2962962962962963,0.0,0.5040000000000001
39,76.54,1,13,0.513,0.0968,0,0,2.1,0.684,2.4,5.08,7.08,6.1,0,1.0256410256410255,76.54,4.193548387096774,0.0,3.1292999999999997
38,66.1,1,21,0.529,0.0224,2,0,4.7,0.607,3.37,5.55,6.96,6.3,0,1.0263157894736843,66.1,3.6842105263157894,0.005628140703517588,3.3327
30,184.33,16,22,0.196,0.0344,0,1,2.7,0.45,3.89,5.33,8.78,3.3,0,1.5333333333333332,2949.28,5.945945945945946,0.0,0.6468
32,71.92,9,5,0.28,0.0224,0,0,1.8,0.721,4.32,5.65,9.25,4.5,0,1.28125,647.28,1.7857142857142858,0.0,1.2600000000000002
27,82.35,7,20,0.274,0.1336,0,0,2.2,0.417,4.7,4.97,9.25,4.4,0,1.2592592592592593,576.4499999999999,6.25,0.0,1.2056000000000002
12,164.98,7,4,0.133,0.0208,0,0,2.4,0.554,4.74,5.83,9.67,2.9,0,1.5833333333333335,1154.86,1.1764705882352942,0.0,0.3857
46,57.25,24,6,0.269,0.0144,0,0,2.6,0.63,4.19,6.37,9.14,4.5,0,1.5217391304347827,1374.0,1.6666666666666665,0.0,1.2105000000000001
23,68.92,6,24,0.526,0.0232,0,0,1.4,0.447,4.09,4.47,9.01,6.3,0,1.2608695652173914,413.52,10.0,0.0,3.3138
15,81.46,12,16,0.395,0.1072,2,0,0.7,0.354,1.61,4.83,4.92,5.3,0,1.8,977.52,9.411764705882353,0.03621621621621622,2.0935
60,52.66,16,12,0.243,0.0216,2,0,0.0,0.917,4.03,4.93,7.62,4.4,0,1.2666666666666666,842.56,12.0,0.005011600928074246,1.0692000000000002
35,78.92,1,3,0.158,0.02,1,0,1.6,0.346,4.19,5.42,8.46,3.6,0,1.0285714285714285,78.92,1.1538461538461537,0.002114164904862579,0.5688
41,81.97,1,17,0.205,0.0032,1,0,2.8,0.784,1.84,5.12,6.16,3.9,0,1.024390243902439,81.97,4.473684210526316,0.000446927374301676,0.7995
50,198.38,51,16,0.364,0.152,2,1,3.0,0.359,3.92,6.87,7.08,4.4,0,2.02,10117.38,4.0,0.03762376237623762,1.6016000000000001
43,159.77,11,42,0.456,0.2768,2,1,1.1,0.611,3.6,3.63,6.34,5.2,0,1.255813953488372,1757.47,20.0,0.07542234332425068,2.3712
3,50.94,2,90,0.164,0.0352,1,0,2.3,0.935,3.5,1.33,7.72,3.8,1,1.6666666666666665,101.88,27.272727272727273,0.004036697247706423,0.6232
15,63.53,4,12,0.049,0.06,2,0,1.4,0.924,4.13,5.0,7.6,3.0,0,1.2666666666666666,254.12,5.0,0.013953488372093023,0.14700000000000002
5,127.15,2,6,0.111,0.0168,0,0,2.1,0.473,3.97,5.47,8.91,3.0,0,1.4,254.3,1.9354838709677418,0.0,0.333
28,84.34,15,29,0.132,0.0576,0,0,2.3,0.316,4.22,4.82,9.03,3.4,0,1.5357142857142856,1265.1000000000001,8.787878787878789,0.0,0.44880000000000003
40,102.42,21,64,0.251,0.0704,0,0,2.3,0.385,3.77,3.27,8.54,4.1,1,1.525,2150.82,19.393939393939394,0.0,1.0291
10,59.64,3,66,0.12,0.0432,0,0,2.7,0.696,3.84,2.7,8.7,3.5,1,1.3,178.92000000000002,17.83783783783784,0.0,0.42
46,120.65,47,8,0.579,0.0704,3,0,4.6,0.495,4.03,7.7,6.8,6.3,0,2.0217391304347827,5670.55,1.4285714285714286,0.02707692307692308,3.6476999999999995
22,131.76,12,16,0.08,0.0312,1,0,7.9,0.79,4.22,7.23,8.45,2.8,0,1.5454545454545454,1581.12,1.797752808988764,0.0033015873015873015,0.22399999999999998
3,43.14,1,5,0.511,0.112,1,0,0.3,0.696,4.21,4.88,8.17,6.3,0,1.3333333333333333,43.14,3.846153846153846,0.012213740458015267,3.2193
50,142.63,38,16,0.505,0.056,2,1,2.2,0.819,2.71,6.2,6.19,5.7,0,1.76,5419.94,5.0,0.015577190542420027,2.8785000000000003
39,24.26,30,67,0.435,0.2224,4,0,1.8,0.489,4.05,3.25,5.64,5.9,1,1.7692307692307692,727.8000000000001,23.92857142857143,0.13397590361445783,2.5665
38,97.52,1,10,0.149,0.0352,1,0,3.5,0.526,3.4,5.7,7.62,3.5,0,1.0263157894736843,97.52,2.2222222222222223,0.004083526682134571,0.5215
36,45.38,1,3,0.142,0.0048,0,0,2.3,0.486,4.6,5.65,9.58,3.7,0,1.0277777777777777,45.38,0.9090909090909092,0.0,0.5254
44,63.04,34,0,0.506,0.1392,1,0,1.8,0.497,4.8,6.73,8.67,6.2,0,1.7727272727272727,2143.36,0.0,0.014395036194415718,3.1372
2,118.15,2,18,0.062,0.0144,0,0,2.3,0.271,3.55,4.93,8.5,2.7,0,2.0,236.3,5.454545454545455,0.0,0.16740000000000002
54,83.65,1,37,0.432,0.0792,2,0,0.0,0.612,2.13,3.18,5.53,5.5,1,1.0185185185185186,83.65,37.0,0.0242572741194487,2.376
57,112.1,29,31,0.411,0.0336,0,1,1.6,0.881,3.21,4.95,8.1,5.2,0,1.5087719298245614,3250.8999999999996,11.923076923076923,0.0,2.1372
25,78.32,1,22,0.42,0.0728,0,0,2.2,0.305,5.0,4.67,9.76,5.5,0,1.04,78.32,6.875,0.0,2.31
38,76.35,10,16,0.259,0.0768,1,1,0.9,0.597,3.63,4.83,7.71,4.4,0,1.263157894736842,763.5,8.421052631578947,0.008817451205510906,1.1396000000000002
30,90.89,1,22,0.286,0.0624,1,0,0.8,0.865,4.25,4.2,8.38,4.5,0,1.0333333333333334,90.89,12.222222222222221,0.006652452025586353,1.287
6,57.91,5,180,0.317,0.0567999999999999,0,0,4.1,0.82,4.24,1.53,9.05,4.9,1,1.8333333333333335,289.54999999999995,35.294117647058826,0.0,1.5533000000000001
15,68.54,8,23,0.347,0.0432,1,0,1.1,0.347,5.0,4.48,9.19,5.0,0,1.5333333333333332,548.32,10.952380952380953,0.004239450441609421,1.7349999999999999
21,53.69,11,6,0.072,0.0567999999999999,1,0,3.3,0.466,2.11,6.17,6.25,3.2,0,1.5238095238095237,590.5899999999999,1.3953488372093024,0.007834482758620675,0.2304
58,64.17,1,5,0.383,0.044,0,0,2.4,0.284,4.07,5.58,8.92,5.3,0,1.0172413793103448,64.17,1.4705882352941178,0.0,2.0299
20,97.95,16,26,0.201,0.0016,0,1,1.9,0.588,3.26,4.87,8.25,3.8,0,1.8,1567.2,8.965517241379311,0.0,0.7638
13,18.86,4,46,0.116,0.18,0,0,0.5,0.699,4.16,3.0,8.56,3.7,0,1.3076923076923077,75.44,30.666666666666668,0.0,0.4292
11,98.42,1,86,0.143,0.0567999999999999,0,0,3.8,0.637,2.39,2.0,7.2,3.4,1,1.0909090909090908,98.42,17.916666666666668,0.0,0.48619999999999997
4,114.22,1,64,0.093,0.04,3,0,0.8,0.616,3.38,2.1,6.25,3.0,1,1.25,114.22,35.55555555555556,0.016551724137931035,0.279
53,33.99,14,4,0.214,0.0808,0,0,5.2,0.657,4.18,7.0,8.91,4.3,0,1.2641509433962264,475.86,0.6451612903225806,0.0,0.9201999999999999
34,137.84,9,50,0.295,0.0928,3,0,3.5,0.686,4.07,3.97,6.76,4.2,0,1.2647058823529411,1240.56,11.11111111111111,0.035876288659793816,1.2389999999999999
14,35.99,4,36,0.249,0.0848,0,0,4.0,0.37,3.42,4.67,8.14,4.5,0,1.2857142857142856,143.96,7.2,0.0,1.1205
59,52.82,15,55,0.08,0.0567999999999999,0,0,3.6,0.885,4.2,3.95,9.01,3.2,0,1.2542372881355932,792.3,11.956521739130435,0.0,0.256
58,82.68,1,44,0.114,0.0632,2,0,5.4,0.75,4.46,4.63,7.92,3.3,0,1.0172413793103448,82.68,6.875,0.014170403587443947,0.3762
38,70.01,1,1,0.376,0.0592,0,0,2.9,0.733,3.47,5.95,8.27,5.2,0,1.0263157894736843,70.01,0.25641025641025644,0.0,1.9552
58,162.66,1,1,0.273,0.0392,0,0,3.7,0.962,4.27,6.22,9.14,3.9,0,1.0172413793103448,162.66,0.2127659574468085,0.0,1.0647
12,38.42,4,3,0.108,0.108,0,0,3.3,0.649,4.91,6.08,9.55,3.5,0,1.3333333333333333,153.68,0.6976744186046512,0.0,0.378
14,54.11,11,17,0.073,0.032,1,1,1.4,0.779,4.12,4.98,8.35,3.2,0,1.7857142857142856,595.21,7.083333333333334,0.0034224598930481286,0.2336
56,55.77,15,9,0.312,0.048,1,1,4.5,0.729,3.34,6.55,7.51,4.8,0,1.2678571428571428,836.5500000000001,1.6363636363636365,0.00564042303172738,1.4976
14,188.68,11,48,0.518,0.0672,1,0,4.9,0.816,3.75,4.6,7.86,5.5,0,1.7857142857142856,2075.48,8.135593220338983,0.0075846501128668175,2.849
25,186.88,1,30,0.105,0.0424,0,0,2.5,0.383,3.3,4.37,8.16,2.6,0,1.04,186.88,8.571428571428571,0.0,0.273
19,23.71,5,24,0.504,0.0648,0,1,0.5,0.304,3.26,4.13,8.04,6.4,0,1.263157894736842,118.55000000000001,16.0,0.0,3.2256
60,60.71,31,13,0.32,0.032,2,1,1.4,0.922,3.27,5.85,6.83,4.9,0,1.5166666666666666,1882.01,5.416666666666667,0.008173690932311623,1.568
57,25.23,1,2,0.57,0.2688,2,0,0.4,0.461,3.97,5.07,6.74,6.8,0,1.0175438596491229,25.23,1.4285714285714286,0.06945736434108526,3.8759999999999994
18,77.18,1,2,0.156,0.1528,3,0,3.4,0.58,4.14,6.07,6.63,3.6,0,1.0555555555555556,77.18,0.45454545454545453,0.0600786369593709,0.5616
55,67.33,1,104,0.493,0.0056,0,1,4.8,0.756,3.25,1.63,8.23,6.0,1,1.018181818181818,67.33,17.931034482758623,0.0,2.958
59,37.19,1,24,0.35,0.0016,1,0,5.0,0.613,3.59,5.5,7.92,5.2,0,1.0169491525423728,37.19,4.0,0.00017937219730941706,1.8199999999999998
49,108.6,13,9,0.105,0.0096,1,0,3.7,0.768,3.03,6.22,7.33,3.1,0,1.2653061224489797,1411.8,1.9148936170212765,0.0011524609843937574,0.3255
12,25.82,1,41,0.12,0.0567999999999999,1,1,1.2,0.842,5.0,3.38,9.14,3.7,0,1.0833333333333333,25.82,18.636363636363633,0.005601577909270207,0.444
3,89.07,2,54,0.034,0.0567999999999999,2,0,3.5,0.443,3.59,3.53,7.07,2.7,0,1.6666666666666665,178.14,12.0,0.01407682775712513,0.0918
37,52.16,10,41,0.509,0.0016,2,0,6.4,0.583,1.15,5.42,4.81,6.3,0,1.2702702702702702,521.5999999999999,5.54054054054054,0.0005507745266781412,3.2067
54,188.01,1,21,0.369,0.1408,0,0,2.8,0.593,4.14,4.92,8.67,4.5,0,1.0185185185185186,188.01,5.526315789473684,0.0,1.6604999999999999
9,101.27,1,9,0.501,0.0504,0,0,4.6,0.799,4.32,6.12,9.15,5.9,0,1.1111111111111112,101.27,1.6071428571428572,0.0,2.9559
29,54.83,8,6,0.371,0.0816,0,0,6.8,0.6,3.55,7.23,8.28,5.3,0,1.2758620689655173,438.64,0.7692307692307693,0.0,1.9663
28,55.54,1,12,0.133,0.0048,1,0,2.8,0.592,3.96,5.37,8.28,3.6,0,1.0357142857142858,55.54,3.1578947368421053,0.0005172413793103448,0.47880000000000006
53,48.39,14,21,0.192,0.0912,1,1,2.0,0.357,3.7,5.08,7.73,4.1,0,1.2641509433962264,677.46,7.0,0.010446735395189003,0.7871999999999999
22,85.74,1,35,0.349,0.052,1,0,1.1,0.324,3.04,3.65,7.2,4.9,1,1.0454545454545454,85.74,16.666666666666664,0.006341463414634147,1.7101
1,27.69,1,30,0.304,0.0488,0,1,3.8,0.556,4.32,4.8,9.16,5.0,0,2.0,27.69,6.25,0.0,1.52
12,32.57,1,0,0.205,0.008,1,0,0.0,0.636,4.49,5.03,8.8,4.2,0,1.0833333333333333,32.57,0.0,0.0008163265306122448,0.861
4,79.93,2,5,0.188,0.0632,0,0,6.9,0.851,5.0,7.12,9.79,3.8,0,1.5,159.86,0.6329113924050632,0.0,0.7143999999999999
24,42.8,1,45,0.395,0.0328,1,0,6.3,0.745,2.83,4.88,7.05,5.5,0,1.0416666666666667,42.8,6.164383561643835,0.004074534161490683,2.1725000000000003
3,49.27,2,18,0.145,0.0112,0,1,0.0,0.602,3.65,4.17,8.61,3.7,0,1.6666666666666665,98.54,18.0,0.0,0.5365
59,64.9,1,80,0.253,0.0296,0,0,0.3,0.716,2.45,1.13,7.35,4.4,1,1.0169491525423728,64.9,61.53846153846153,0.0,1.1132000000000002
6,17.95,2,3,0.589,0.0096,1,0,0.2,0.435,4.53,4.98,8.83,7.0,0,1.3333333333333333,35.9,2.5,0.0009766022380467954,4.122999999999999
1,54.69,1,19,0.256,0.0552,2,0,1.2,0.806,2.96,4.48,6.44,4.5,0,2.0,54.69,8.636363636363635,0.014838709677419354,1.1520000000000001
17,88.14,1,51,0.198,0.2584,3,0,4.9,0.54,4.37,4.12,6.51,3.9,0,1.0588235294117647,88.14,8.64406779661017,0.10322237017310255,0.7722
3,100.5,1,28,0.254,0.0448,1,1,0.0,0.663,3.39,3.63,7.57,4.2,0,1.3333333333333333,100.5,28.0,0.005227537922987164,1.0668
51,23.21,13,100,0.039,0.0248,0,0,2.3,0.495,2.94,1.2,7.86,3.1,1,1.2549019607843137,301.73,30.303030303030305,0.0,0.12090000000000001
3,25.53,2,19,0.296,0.076,0,0,0.9,0.718,3.78,4.42,8.53,4.9,0,1.6666666666666665,51.06,10.0,0.0,1.4504000000000001
56,84.12,1,44,0.112,0.1264,1,0,1.4,0.61,4.1,3.3,8.01,3.3,0,1.0178571428571428,84.12,18.333333333333336,0.01402885682574917,0.3696
9,163.47,10,8,0.319,0.1024,1,0,1.9,0.578,3.73,5.57,7.72,4.3,0,2.111111111111111,1634.7,2.7586206896551726,0.011743119266055048,1.3717
18,106.93,1,13,0.038,0.136,3,0,0.8,0.642,1.68,4.65,4.23,2.6,0,1.0555555555555556,106.93,7.222222222222222,0.0780114722753346,0.0988
33,178.93,9,15,0.512,0.0616,0,0,4.2,0.885,3.12,5.95,7.91,5.5,0,1.2727272727272727,1610.3700000000001,2.8846153846153846,0.0,2.816
43,16.09,22,4,0.064,0.0224,0,1,2.1,0.711,5.0,6.23,9.93,3.4,0,1.5116279069767442,353.98,1.2903225806451613,0.0,0.2176
26,140.38,14,29,0.384,0.0048,0,0,3.3,0.458,5.0,5.12,9.98,4.8,0,1.5384615384615383,1965.32,6.744186046511628,0.0,1.8432
56,74.84,43,74,0.318,0.0792,0,0,1.2,0.973,5.0,3.13,9.74,4.8,0,1.7678571428571428,3218.1200000000003,33.63636363636363,0.0,1.5264
22,105.84,17,30,0.205,0.2224,0,1,1.5,0.51,5.0,4.57,9.26,3.8,0,1.7727272727272727,1799.28,12.0,0.0,0.7789999999999999
60,238.89,16,86,0.246,0.2936,0,0,2.6,0.684,4.65,2.1,8.67,3.3,1,1.2666666666666666,3822.24,23.88888888888889,0.0,0.8118
57,63.03,43,10,0.295,0.0376,1,1,3.6,0.752,4.02,7.13,8.23,4.7,0,1.7543859649122808,2710.29,2.173913043478261,0.004073672806067173,1.3865
1,101.25,1,8,0.202,0.028,0,0,2.0,0.402,4.23,5.3,9.14,3.8,0,2.0,101.25,2.6666666666666665,0.0,0.7676000000000001
19,94.41,5,9,0.435,0.0736,1,0,0.3,0.416,4.15,4.82,8.24,5.5,0,1.263157894736842,472.04999999999995,6.9230769230769225,0.007965367965367965,2.3925
6,177.8,1,24,0.295,0.1456,1,0,5.9,0.416,3.47,5.8,7.32,4.0,0,1.1666666666666667,177.8,3.4782608695652173,0.0175,1.18
26,41.23,1,49,0.345,0.0488,0,0,7.3,0.453,3.01,5.02,7.85,5.2,0,1.0384615384615385,41.23,5.903614457831325,0.0,1.7939999999999998
21,24.63,6,42,0.382,0.0032,0,0,5.1,0.631,4.82,4.8,9.81,5.5,0,1.2857142857142856,147.78,6.885245901639345,0.0,2.101
5,27.83,1,49,0.197,0.1352,1,0,1.2,0.236,5.0,2.98,8.88,4.2,0,1.2,27.83,22.27272727272727,0.013684210526315787,0.8274
18,113.89,10,156,0.166,0.3344,3,0,2.9,0.326,1.66,1.3,3.55,3.5,1,1.5555555555555556,1138.9,40.0,0.22048351648351647,0.5810000000000001
45,74.14,12,9,0.464,0.0856,1,0,2.7,0.654,4.68,5.85,8.73,5.8,0,1.2666666666666666,889.6800000000001,2.4324324324324325,0.008797533401849947,2.6912000000000003
15,36.58,8,31,0.459,0.1104,1,0,1.2,0.307,4.66,4.12,8.63,6.0,0,1.5333333333333332,292.64,14.09090909090909,0.01146417445482866,2.754
20,97.32,1,60,0.285,0.0192,2,0,2.3,0.706,2.74,2.8,6.34,4.4,1,1.05,97.32,18.181818181818183,0.005231607629427793,1.254
48,89.49,1,10,0.194,0.0584,3,0,1.8,0.695,3.04,5.13,5.85,3.8,0,1.0208333333333333,89.49,3.5714285714285716,0.025576642335766425,0.7372
54,62.52,1,22,0.471,0.0344,1,0,4.8,0.355,4.47,5.53,8.69,5.9,0,1.0185185185185186,62.52,3.793103448275862,0.0035500515995872035,2.7789
28,108.5,15,7,0.022,0.0488,1,1,3.8,0.87,4.63,6.42,8.8,2.5,0,1.5357142857142856,1627.5,1.4583333333333335,0.004979591836734694,0.05499999999999999
57,51.88,15,12,0.09,0.0968,1,0,2.2,0.551,4.82,5.63,8.83,3.3,0,1.263157894736842,778.2,3.75,0.009847405900305188,0.297
37,83.84,1,42,0.538,0.2744,4,0,3.7,0.497,2.52,4.17,3.94,6.3,1,1.027027027027027,83.84,8.936170212765957,0.22218623481781377,3.3894
51,59.86,13,67,0.231,0.0904,2,1,1.4,0.442,3.84,2.55,7.21,4.3,1,1.2549019607843137,778.18,27.916666666666668,0.02202192448233861,0.9933
9,74.3,1,34,0.173,0.0304,0,0,5.0,0.659,2.57,5.0,7.47,3.8,0,1.1111111111111112,74.3,5.666666666666667,0.0,0.6573999999999999
26,51.52,7,41,0.043,0.0648,0,0,0.0,0.619,4.03,3.18,8.81,3.0,0,1.2692307692307692,360.64000000000004,41.0,0.0,0.129
20,90.27,16,41,0.352,0.0576,2,0,1.9,0.502,1.45,4.12,4.92,4.9,1,1.8,1444.32,14.13793103448276,0.01945945945945946,1.7248
43,42.74,1,6,0.239,0.0272,0,0,3.0,0.611,3.96,5.73,8.87,4.4,0,1.0232558139534884,42.74,1.5,0.0,1.0516
7,56.54,1,31,0.167,0.0688,1,1,4.7,0.498,3.11,5.05,7.21,3.8,0,1.1428571428571428,56.54,5.43859649122807,0.00838002436053593,0.6346
51,106.9,13,16,0.38,0.0864,0,1,2.6,0.571,5.0,5.5,9.71,5.0,0,1.2549019607843137,1389.7,4.444444444444445,0.0,1.9
58,157.69,1,30,0.041,0.0256,0,0,2.4,0.817,5.0,4.33,9.91,2.3,0,1.0172413793103448,157.69,8.823529411764707,0.0,0.0943
9,48.52,5,87,0.316,0.0032,0,0,2.2,0.38,4.02,1.55,9.01,4.9,1,1.5555555555555556,242.60000000000002,27.1875,0.0,1.5484000000000002
33,29.0,1,23,0.149,0.1592,0,0,1.2,0.914,4.04,4.28,8.51,3.9,0,1.0303030303030303,29.0,10.454545454545453,0.0,0.5811
22,25.06,1,104,0.191,0.0648,0,0,3.4,0.921,5.0,1.17,9.78,4.2,1,1.0454545454545454,25.06,23.636363636363633,0.0,0.8022
1,64.85,1,4,0.401,0.0856,1,0,2.1,0.308,4.36,5.53,8.41,5.4,0,2.0,64.85,1.2903225806451613,0.009096705632306057,2.1654000000000004
8,106.09,1,11,0.197,0.0256,0,0,2.9,0.348,4.03,5.45,8.94,3.7,0,1.125,106.09,2.8205128205128207,0.0,0.7289000000000001
50,91.05,1,83,0.429,0.1432,1,0,3.7,0.92,3.18,2.12,7.04,5.5,1,1.02,91.05,17.659574468085104,0.01781094527363184,2.3595
55,36.98,14,38,0.292,0.104,2,1,1.1,0.087,3.71,3.93,7.03,4.8,0,1.2545454545454544,517.7199999999999,18.095238095238095,0.025902864259028636,1.4016
34,26.03,18,39,0.315,0.0008,2,1,3.2,0.521,3.92,4.72,7.58,5.0,0,1.5294117647058822,468.54,9.285714285714285,0.00018648018648018648,1.575
48,52.47,37,17,0.176,0.0296,1,1,4.4,0.677,4.1,6.85,8.33,3.9,0,1.7708333333333335,1941.3899999999999,3.148148148148148,0.003172561629153269,0.6863999999999999
39,54.2,1,39,0.163,0.0232,0,0,3.6,0.361,4.16,4.28,9.08,3.8,0,1.0256410256410255,54.2,8.478260869565219,0.0,0.6194
25,79.33,13,13,0.336,0.0256,1,0,3.3,0.954,3.72,5.88,7.97,4.9,0,1.52,1031.29,3.0232558139534884,0.002853957636566333,1.6464000000000003
33,38.58,25,20,0.482,0.1312,1,0,4.6,0.53,2.47,6.37,6.37,6.1,0,1.7575757575757576,964.5,3.5714285714285716,0.01780189959294437,2.9402
9,123.66,3,18,0.198,0.064,1,0,5.9,0.875,3.09,6.17,7.21,3.6,0,1.3333333333333333,370.98,2.608695652173913,0.007795371498172959,0.7128000000000001
56,60.25,29,28,0.319,0.012,0,0,4.8,0.334,4.53,6.17,9.49,4.9,0,1.5178571428571428,1747.25,4.827586206896552,0.0,1.5631000000000002
44,27.55,12,23,0.289,0.1208,0,0,1.6,0.728,3.39,4.78,7.99,4.9,0,1.2727272727272727,330.6,8.846153846153847,0.0,1.4161
44,55.25,12,84,0.412,0.1848,1,0,3.7,0.772,4.19,2.43,7.91,5.6,1,1.2727272727272727,663.0,17.872340425531913,0.02074074074074074,2.3072
49,72.18,13,2,0.094,0.0312,0,1,3.7,0.759,5.0,6.57,9.9,3.2,0,1.2653061224489797,938.3400000000001,0.425531914893617,0.0,0.3008
17,48.84,1,65,0.393,0.0,1,0,3.2,0.911,3.66,2.85,7.99,5.5,1,1.0588235294117647,48.84,15.476190476190476,0.0,2.1615
57,234.72,29,76,0.227,0.0104,2,0,3.1,0.822,4.29,3.2,7.92,3.2,1,1.5087719298245614,6806.88,18.53658536585366,0.0023318385650224214,0.7264
11,141.75,6,56,0.283,0.0416,2,0,7.3,0.855,3.74,4.83,7.27,4.1,0,1.5454545454545454,850.5,6.746987951807228,0.010060459492140267,1.1602999999999999
19,95.4,5,36,0.27,0.0048,2,0,4.3,0.477,3.76,4.8,7.41,4.3,0,1.263157894736842,477.0,6.7924528301886795,0.0011414982164090366,1.161
22,135.89,1,19,0.031,0.0496,1,0,2.3,0.553,4.76,4.85,8.93,2.4,0,1.0454545454545454,135.89,5.757575757575758,0.00499496475327291,0.0744
9,209.95,3,140,0.563,0.0032,0,0,2.6,0.224,4.04,1.0,9.03,5.7,1,1.3333333333333333,629.8499999999999,38.888888888888886,0.0,3.2091
10,71.7,6,79,0.234,0.0,3,0,2.1,0.663,3.2,1.95,6.2,4.2,1,1.6,430.20000000000005,25.483870967741936,0.0,0.9828000000000001
25,27.39,7,31,0.329,0.0736,1,0,2.9,0.228,3.59,4.65,7.68,5.1,0,1.28,191.73000000000002,7.948717948717949,0.00847926267281106,1.6779
21,43.68,6,68,0.474,0.0904,1,1,4.7,0.304,2.82,3.37,6.85,6.1,1,1.2857142857142856,262.08,11.929824561403509,0.01151592356687898,2.8913999999999995
11,67.85,3,26,0.517,0.1776,0,1,4.1,0.069,4.55,5.17,8.96,6.2,0,1.2727272727272727,203.54999999999998,5.098039215686275,0.0,3.2054
20,34.92,11,12,0.189,0.0736,2,0,3.8,0.567,3.15,6.03,6.57,4.1,0,1.55,384.12,2.5,0.019445178335535006,0.7748999999999999
12,85.86,1,43,0.125,0.0616,1,0,5.6,0.549,4.31,4.75,8.44,3.4,0,1.0833333333333333,85.86,6.515151515151516,0.00652542372881356,0.425
39,10.0,10,8,0.395,0.0064,1,0,5.1,0.827,4.31,6.63,8.62,5.7,0,1.2564102564102564,100.0,1.3114754098360657,0.0006652806652806654,2.2515
50,159.49,1,7,0.144,0.0728,2,0,0.6,0.472,3.3,4.88,6.72,3.1,0,1.02,159.49,4.375,0.018860103626943008,0.44639999999999996
15,34.05,4,51,0.501,0.42,2,0,4.5,0.409,4.44,4.08,6.71,6.3,0,1.2666666666666666,136.2,9.272727272727273,0.10894941634241245,3.1563
6,57.19,1,1,0.23,0.008,0,0,2.7,0.696,4.25,5.88,9.22,4.3,0,1.1666666666666667,57.19,0.27027027027027023,0.0,0.989
17,84.12,5,11,0.448,0.0632,2,0,4.6,0.765,2.91,6.15,6.37,5.6,0,1.2941176470588236,420.6,1.9642857142857144,0.017150610583446406,2.5088
57,44.56,15,52,0.293,0.036,0,1,6.1,0.614,4.41,4.93,9.29,4.8,0,1.263157894736842,668.4000000000001,7.323943661971831,0.0,1.4063999999999999
5,112.5,1,75,0.412,0.056,2,0,1.9,0.635,2.28,1.92,5.76,5.2,1,1.2,112.5,25.862068965517242,0.016568047337278107,2.1424
15,187.48,4,43,0.033,0.3488,3,1,4.6,0.531,4.18,4.52,6.02,2.1,0,1.2666666666666666,749.92,7.678571428571429,0.14905982905982906,0.0693
32,57.84,9,43,0.436,0.0064,1,0,2.8,0.758,3.94,4.08,8.25,5.7,0,1.28125,520.5600000000001,11.31578947368421,0.000691891891891892,2.4852
60,17.92,1,7,0.637,0.0712,1,0,3.3,0.762,2.98,5.78,7.08,7.4,0,1.0166666666666666,17.92,1.627906976744186,0.008811881188118811,4.7138
48,68.9,1,24,0.088,0.1176,1,0,2.6,0.67,4.94,4.7,8.88,3.2,0,1.0208333333333333,68.9,6.666666666666666,0.011902834008097165,0.2816
51,92.51,13,11,0.26,0.1064,1,0,4.1,0.882,4.59,6.25,8.57,4.3,0,1.2549019607843137,1202.63,2.1568627450980395,0.011118077324973876,1.1179999999999999
3,88.1,2,7,0.113,0.0048,0,0,2.9,0.903,4.6,5.68,9.58,3.3,0,1.6666666666666665,176.2,1.794871794871795,0.0,0.3729
3,114.43,3,10,0.419,0.0376,1,0,6.3,0.73,3.29,6.7,7.5,5.2,0,2.0,343.29,1.36986301369863,0.004423529411764706,2.1788
15,63.18,8,34,0.125,0.1512,0,1,2.1,0.812,3.7,4.27,8.2,3.5,0,1.5333333333333332,505.44,10.96774193548387,0.0,0.4375
48,95.73,37,4,0.198,0.0752,1,1,0.0,0.788,5.0,6.03,9.08,3.8,0,1.7708333333333335,3542.01,4.0,0.0074603174603174605,0.7524
32,122.77,9,0,0.1,0.1024,3,0,6.4,0.451,3.57,7.43,6.23,3.0,0,1.28125,1104.93,0.0,0.042489626556016596,0.30000000000000004
8,98.98,3,75,0.102,0.0848,0,0,0.9,0.169,3.38,1.65,8.1,3.1,1,1.375,296.94,39.473684210526315,0.0,0.3162
6,41.39,4,28,0.626,0.0088,1,0,2.1,0.72,3.76,4.43,8.06,7.1,0,1.6666666666666665,165.56,9.032258064516128,0.0009713024282560706,4.444599999999999
5,79.05,3,3,0.594,0.0728,1,0,3.4,0.465,3.67,6.08,7.76,6.7,0,1.6,237.14999999999998,0.6818181818181818,0.008310502283105023,3.9798
47,59.04,12,55,0.214,0.1704,1,0,4.4,0.628,4.59,4.12,8.36,4.1,0,1.2553191489361701,708.48,10.185185185185185,0.018205128205128207,0.8774
16,474.14,9,1,0.419,0.0928,0,1,3.7,0.625,3.98,6.48,8.67,3.1,0,1.5625,4267.26,0.2127659574468085,0.0,1.2989
46,148.77,35,3,0.244,0.084,0,0,1.0,0.732,3.19,6.35,7.91,3.8,0,1.7608695652173914,5206.950000000001,1.5,0.0,0.9271999999999999
53,306.03,1,1,0.058,0.1312,1,0,4.2,0.24,3.07,6.38,6.97,1.6,0,1.0188679245283019,306.03,0.1923076923076923,0.016461731493099124,0.09280000000000001
17,73.32,1,3,0.472,0.0488,1,0,3.4,0.876,3.65,6.02,7.82,5.9,0,1.0588235294117647,73.32,0.6818181818181818,0.005532879818594104,2.7848
39,134.32,10,94,0.419,0.0096,0,0,0.2,0.64,3.25,1.0,8.22,5.1,1,1.2564102564102564,1343.1999999999998,78.33333333333334,0.0,2.1369
5,57.72,2,21,0.322,0.0592,3,0,4.0,0.815,3.05,5.35,5.85,4.9,0,1.4,115.44,4.2,0.025927007299270076,1.5778
24,148.22,1,21,0.191,0.0064,0,0,4.7,0.656,4.04,5.55,9.02,3.4,0,1.0416666666666667,148.22,3.6842105263157894,0.0,0.6494
27,39.52,7,33,0.255,0.1232,2,0,1.2,0.792,3.24,3.98,6.5,4.5,0,1.2592592592592593,276.64000000000004,14.999999999999998,0.03285333333333333,1.1475
25,92.96,13,10,0.36,0.0128,0,0,3.4,0.979,3.92,6.07,8.88,5.0,0,1.52,1208.48,2.2727272727272725,0.0,1.7999999999999998
21,38.27,1,69,0.155,0.1808,1,0,2.5,0.389,4.64,2.42,8.37,3.9,1,1.0476190476190477,38.27,19.714285714285715,0.019295624332977587,0.6045
46,89.03,1,5,0.46,0.0168,0,0,2.9,0.491,4.39,5.75,9.33,5.7,0,1.0217391304347827,89.03,1.2820512820512822,0.0,2.6220000000000003
8,44.12,5,10,0.198,0.008,0,0,4.9,0.475,5.0,6.3,9.97,4.1,0,1.625,220.6,1.694915254237288,0.0,0.8118
46,86.99,1,6,0.13,0.0888,0,0,1.8,0.372,4.38,5.33,9.08,3.4,0,1.0217391304347827,86.99,2.142857142857143,0.0,0.442
34,71.86,9,19,0.466,0.0288,2,0,3.9,0.212,3.21,5.65,6.78,5.8,0,1.2647058823529411,646.74,3.877551020408163,0.007403598971722365,2.7028
15,163.62,1,16,0.191,0.0608,1,0,2.7,0.557,3.38,5.13,7.51,3.4,0,1.0666666666666667,163.62,4.324324324324324,0.007144535840188014,0.6494
35,89.36,9,9,0.543,0.0232,0,0,1.4,0.567,3.96,5.32,8.88,6.3,0,1.2571428571428571,804.24,3.75,0.0,3.4209
26,65.36,1,88,0.524,0.084,0,0,1.0,0.632,3.0,1.0,7.72,6.3,1,1.0384615384615385,65.36,44.0,0.0,3.3012
36,49.27,1,2,0.231,0.0976,2,0,5.5,0.809,2.9,6.77,6.24,4.3,0,1.0277777777777777,49.27,0.3076923076923077,0.02696132596685083,0.9933
34,33.51,9,6,0.049,0.0032,1,0,4.0,0.847,3.11,6.33,7.43,3.1,0,1.2647058823529411,301.59,1.2,0.0003795966785290629,0.1519
35,17.93,1,14,0.36,0.004,0,1,3.6,0.739,4.03,5.53,9.02,5.4,0,1.0285714285714285,17.93,3.0434782608695654,0.0,1.944
55,63.96,28,42,0.206,0.0224,2,0,4.1,0.488,5.0,5.2,8.59,4.1,0,1.509090909090909,1790.88,8.23529411764706,0.004671532846715329,0.8445999999999999
53,124.84,1,82,0.178,0.1264,0,0,0.3,0.465,3.38,1.03,7.96,3.5,1,1.0188679245283019,124.84,63.07692307692307,0.0,0.623
15,198.71,1,20,0.661,0.0232,1,0,1.7,0.485,5.0,4.6,9.26,6.4,0,1.0666666666666667,198.71,7.4074074074074066,0.0022612085769980507,4.2304
3,30.1,1,3,0.163,0.0976,2,0,0.0,0.291,2.88,4.88,6.22,4.0,0,1.3333333333333333,30.1,3.0,0.027036011080332413,0.652
41,59.25,11,10,0.46,0.0792,0,0,4.2,0.689,4.41,6.27,9.15,5.9,0,1.2682926829268293,651.75,1.923076923076923,0.0,2.7140000000000004
9,65.05,3,1,0.319,0.032,0,0,4.0,0.737,3.9,6.38,8.79,4.8,0,1.3333333333333333,195.14999999999998,0.2,0.0,1.5312
36,79.43,28,17,0.546,0.0552,2,0,4.4,0.381,3.1,6.55,6.58,6.3,0,1.7777777777777777,2224.04,3.148148148148148,0.014564643799472294,3.4398
52,137.59,1,82,0.15,0.0488,0,0,6.4,0.857,3.95,3.07,8.79,3.2,1,1.0192307692307692,137.59,11.08108108108108,0.0,0.48
43,48.97,11,22,0.329,0.1128,1,0,4.1,0.627,3.04,5.63,7.0,5.0,0,1.255813953488372,538.67,4.313725490196079,0.0141,1.645
56,62.04,1,148,0.112,0.0832,1,0,3.0,0.754,3.72,1.03,7.78,3.4,1,1.0178571428571428,62.04,37.0,0.009476082004555807,0.38079999999999997
58,143.16,44,1,0.029,0.0128,0,1,6.9,0.757,3.71,8.72,8.67,2.3,0,1.7586206896551724,6299.04,0.12658227848101264,0.0,0.0667
26,70.96,14,165,0.214,0.2048,1,0,1.2,0.692,4.23,1.0,7.88,4.1,1,1.5384615384615383,993.4399999999999,75.0,0.023063063063063067,0.8774
10,31.25,6,1,0.16,0.0024,0,0,1.6,0.603,3.93,5.68,8.92,3.9,0,1.6,187.5,0.3846153846153846,0.0,0.624
30,56.85,1,68,0.036,0.0256,0,0,3.4,0.521,3.7,2.77,8.61,2.9,1,1.0333333333333334,56.85,15.454545454545453,0.0,0.10439999999999999
42,142.36,22,5,0.211,0.008,0,0,1.4,0.67,5.0,5.95,9.97,3.6,0,1.5238095238095237,3131.92,2.0833333333333335,0.0,0.7595999999999999
36,26.02,1,15,0.122,0.1016,2,0,5.4,0.561,4.45,6.08,7.78,3.7,0,1.0277777777777777,26.02,2.34375,0.023143507972665144,0.4514
58,96.65,15,89,0.467,0.0376,1,0,4.0,0.734,4.39,2.38,8.6,5.7,1,1.2586206896551724,1449.75,17.8,0.003916666666666667,2.6619
17,21.68,9,22,0.098,0.0904,0,0,0.3,0.623,4.42,4.3,9.12,3.6,0,1.5294117647058822,195.12,16.923076923076923,0.0,0.3528
25,31.9,13,27,0.327,0.028,0,1,6.5,0.237,3.93,6.25,8.84,5.1,0,1.52,414.7,3.6,0.0,1.6677
11,75.57,3,22,0.111,0.012,0,0,3.0,0.758,3.56,5.0,8.52,3.3,0,1.2727272727272727,226.70999999999998,5.5,0.0,0.36629999999999996
59,89.85,15,8,0.177,0.1344,0,0,3.3,0.802,3.8,6.2,8.35,3.7,0,1.2542372881355932,1347.75,1.8604651162790697,0.0,0.6549
56,127.75,43,29,0.182,0.0,0,1,3.0,0.835,3.71,5.98,8.71,3.5,0,1.7678571428571428,5493.25,7.25,0.0,0.637
47,36.97,12,56,0.46,0.0656,3,0,0.0,0.445,3.09,2.6,5.87,6.0,1,1.2553191489361701,443.64,56.0,0.02864628820960699,2.7600000000000002
31,60.62,1,35,0.496,0.0112,0,0,1.3,0.222,4.27,3.72,9.23,6.1,0,1.032258064516129,60.62,15.217391304347828,0.0,3.0256
12,70.0,4,10,0.08,0.0392,0,0,5.7,0.619,2.69,6.53,7.56,3.1,0,1.3333333333333333,280.0,1.4925373134328357,0.0,0.24800000000000003
25,99.34,1,72,0.572,0.0008,0,0,0.1,0.601,3.56,1.47,8.56,6.4,1,1.04,99.34,65.45454545454545,0.0,3.6608
26,30.79,7,54,0.342,0.0968,0,0,7.4,0.537,5.0,5.0,9.68,5.2,0,1.2692307692307692,215.53,6.428571428571428,0.0,1.7784000000000002
39,30.93,10,65,0.792,0.1176,0,1,0.0,0.542,3.17,2.08,7.78,8.4,1,1.2564102564102564,309.3,65.0,0.0,6.652800000000001
56,74.29,15,3,0.361,0.0136,2,0,5.9,0.282,4.18,7.32,7.8,5.1,0,1.2678571428571428,1114.3500000000001,0.43478260869565216,0.0030909090909090903,1.8410999999999997
13,74.43,4,1,0.043,0.0608,0,0,3.2,0.592,5.0,6.15,9.8,2.9,0,1.3076923076923077,297.72,0.23809523809523808,0.0,0.12469999999999999
30,20.79,8,6,0.044,0.18,1,0,2.4,0.777,4.85,5.77,8.58,3.2,0,1.2666666666666666,166.32,1.7647058823529411,0.018789144050104383,0.1408
3,50.42,2,18,0.195,0.076,0,0,1.7,0.346,4.82,4.73,9.57,4.1,0,1.6666666666666665,100.84,6.666666666666666,0.0,0.7995
54,176.87,14,83,0.218,0.1064,2,0,2.5,0.621,3.43,2.15,6.74,3.5,1,1.2592592592592593,2476.1800000000003,23.714285714285715,0.027493540051679585,0.763
31,165.49,24,34,0.218,0.1248,0,0,2.7,0.718,4.13,5.0,8.71,3.5,0,1.7741935483870968,3971.76,9.18918918918919,0.0,0.763
21,109.7,11,1,0.428,0.0224,0,0,2.6,0.506,3.97,6.18,8.9,5.3,0,1.5238095238095237,1206.7,0.2777777777777778,0.0,2.2683999999999997
46,69.14,12,8,0.105,0.048,1,1,3.3,0.798,4.15,6.1,8.32,3.3,0,1.2608695652173914,829.6800000000001,1.8604651162790697,0.005150214592274678,0.3465
35,89.8,18,38,0.09,0.04,0,0,2.5,0.685,3.51,4.53,8.38,3.1,0,1.5142857142857142,1616.3999999999999,10.857142857142858,0.0,0.27899999999999997
56,75.32,1,17,0.223,0.0576,0,1,4.5,0.569,3.58,5.68,8.39,4.1,0,1.0178571428571428,75.32,3.090909090909091,0.0,0.9142999999999999
29,36.64,15,4,0.599,0.1224,0,0,1.2,0.765,5.0,5.7,9.59,7.0,0,1.5172413793103448,549.6,1.8181818181818181,0.0,4.193
13,61.12,4,118,0.223,0.0352,0,1,1.3,0.318,4.24,1.0,9.12,4.2,1,1.3076923076923077,244.48,51.30434782608696,0.0,0.9366000000000001
30,188.01,1,51,0.749,0.2232,2,0,0.2,0.463,4.13,2.55,7.05,7.1,1,1.0333333333333334,188.01,42.5,0.05545341614906832,5.3179
6,39.13,5,49,0.116,0.1032,2,0,5.3,0.414,3.61,4.48,6.93,3.6,1,1.8333333333333335,195.65,7.777777777777778,0.026027742749054224,0.4176
11,78.44,1,101,0.025,0.016,0,0,3.2,0.74,2.33,1.1,7.28,2.7,1,1.0909090909090908,78.44,24.047619047619047,0.0,0.0675
11,35.92,1,18,0.237,0.0816,0,0,6.8,0.587,4.96,6.4,9.69,4.4,0,1.0909090909090908,35.92,2.307692307692308,0.0,1.0428
4,78.61,2,23,0.465,0.0912,0,0,2.3,0.324,3.38,4.68,8.08,5.8,0,1.5,157.22,6.96969696969697,0.0,2.697
50,57.45,38,3,0.283,0.1008,2,0,2.0,0.964,3.01,6.78,6.34,4.6,0,1.76,2183.1,1.0,0.027465940054495912,1.3017999999999998
22,90.78,6,42,0.23,0.1296,0,0,3.6,0.376,2.9,4.3,7.47,4.1,0,1.2727272727272727,544.6800000000001,9.130434782608697,0.0,0.943
34,149.86,1,10,0.287,0.0056,0,0,1.7,0.366,4.42,5.1,9.4,4.1,0,1.0294117647058822,149.86,3.7037037037037033,0.0,1.1766999999999999
30,163.28,8,25,0.325,0.088,1,0,8.1,0.652,4.31,6.72,8.35,4.3,0,1.2666666666666666,1306.24,2.7472527472527473,0.009411764705882352,1.3975
5,107.95,1,14,0.057,0.0656,1,0,4.3,0.329,2.97,5.77,7.08,2.8,0,1.2,107.95,2.6415094339622645,0.008118811881188119,0.1596
31,112.11,1,89,0.573,0.2271999999999999,0,0,1.0,0.766,3.02,1.0,7.26,6.3,1,1.032258064516129,112.11,44.5,0.0,3.6098999999999997
28,55.33,15,16,0.087,0.0704,2,0,2.7,0.785,3.85,5.6,7.28,3.3,0,1.5357142857142856,829.9499999999999,4.324324324324324,0.017004830917874393,0.28709999999999997
31,104.77,16,2,0.523,0.044,1,1,2.2,0.809,4.9,6.17,9.09,6.0,0,1.5161290322580645,1676.32,0.625,0.004360753221010902,3.138
23,57.19,1,8,0.478,0.0272,1,0,4.2,0.862,4.19,6.03,8.43,6.0,0,1.0434782608695652,57.19,1.5384615384615383,0.0028844114528101803,2.868
3,82.86,1,4,0.135,0.124,0,0,4.4,0.749,1.56,6.3,6.15,3.4,0,1.3333333333333333,82.86,0.7407407407407407,0.0,0.459
35,29.35,1,29,0.101,0.2512,2,0,2.7,0.398,4.92,4.48,7.75,3.5,0,1.0285714285714285,29.35,7.837837837837838,0.057417142857142854,0.35350000000000004
21,44.07,6,30,0.416,0.1528,3,0,4.4,0.656,4.97,5.17,7.46,5.6,0,1.2857142857142856,264.42,5.555555555555555,0.05418439716312056,2.3295999999999997
60,55.41,16,40,0.327,0.016,0,1,3.8,0.476,5.0,4.8,9.95,5.0,0,1.2666666666666666,886.56,8.333333333333334,0.0,1.635
21,44.25,11,5,0.543,0.072,0,1,3.5,0.362,4.29,6.28,9.05,6.5,0,1.5238095238095237,486.75,1.1111111111111112,0.0,3.5295
10,46.37,1,85,0.246,0.2088,0,0,3.4,0.518,3.25,1.92,7.55,4.4,1,1.1,46.37,19.318181818181817,0.0,1.0824
59,69.53,1,21,0.645,0.0088,0,0,2.1,0.619,5.0,4.68,9.97,7.1,0,1.0169491525423728,69.53,6.774193548387097,0.0,4.5794999999999995
12,41.47,4,38,0.061,0.0128,1,0,5.3,0.537,5.0,5.0,9.29,3.2,0,1.3333333333333333,165.88,6.031746031746032,0.0012439261418853258,0.1952
27,39.41,7,82,0.542,0.0336,0,0,3.7,0.316,5.0,2.37,9.89,6.6,1,1.2592592592592593,275.87,17.4468085106383,0.0,3.5772
37,88.66,10,31,0.014,0.0216,2,0,3.9,0.697,2.65,5.08,6.24,2.6,0,1.2702702702702702,886.5999999999999,6.326530612244897,0.0059668508287292815,0.0364
12,21.37,4,9,0.218,0.0256,0,0,4.7,0.736,3.54,6.25,8.45,4.4,0,1.3333333333333333,85.48,1.5789473684210527,0.0,0.9592
23,82.66,6,29,0.156,0.0048,0,0,1.4,0.705,3.64,4.22,8.62,3.6,0,1.2608695652173914,495.96,12.083333333333334,0.0,0.5616
22,69.75,1,24,0.291,0.18,1,0,3.2,0.406,3.32,4.9,7.05,4.6,0,1.0454545454545454,69.75,5.714285714285714,0.022360248447204967,1.3385999999999998
23,135.51,1,4,0.166,0.0224,1,0,2.1,0.565,3.82,5.53,8.08,3.3,0,1.0434782608695652,135.51,1.2903225806451613,0.0024669603524229075,0.5478
23,154.21,1,15,0.436,0.108,3,0,3.9,0.906,2.11,5.58,4.75,5.1,0,1.0434782608695652,154.21,3.061224489795918,0.05634782608695652,2.2236
15,90.39,8,56,0.424,0.0176,1,0,0.0,0.756,4.58,2.47,8.85,5.4,1,1.5333333333333332,723.12,56.0,0.001786802030456853,2.2896
26,75.8,7,36,0.664,0.0848,0,0,5.6,0.683,4.67,5.3,9.39,7.2,0,1.2692307692307692,530.6,5.454545454545455,0.0,4.7808
54,47.69,1,4,0.436,0.052,1,0,1.1,0.895,4.88,5.2,9.04,5.8,0,1.0185185185185186,47.69,1.9047619047619047,0.0051792828685258965,2.5288
28,157.29,15,98,0.502,0.028,0,0,6.5,0.737,5.0,2.77,9.91,5.6,1,1.5357142857142856,2359.35,13.066666666666666,0.0,2.8112
13,27.32,1,63,0.337,0.0392,0,0,2.8,0.398,3.74,2.82,8.61,5.2,1,1.0769230769230769,27.32,16.578947368421055,0.0,1.7524000000000002
35,78.57,1,49,0.266,0.1104,0,0,2.3,0.724,2.66,3.35,7.29,4.4,1,1.0285714285714285,78.57,14.84848484848485,0.0,1.1704
37,125.25,1,39,0.113,0.0024,0,0,6.6,0.546,4.73,5.28,9.72,3.0,0,1.027027027027027,125.25,5.131578947368421,0.0,0.339
44,41.74,12,39,0.32,0.0312,0,0,0.9,0.558,4.49,3.75,9.39,5.0,0,1.2727272727272727,500.88,20.526315789473685,0.0,1.6
38,23.89,1,17,0.151,0.0024,0,0,5.3,0.582,3.81,5.95,8.8,3.9,0,1.0263157894736843,23.89,2.6984126984126986,0.0,0.5889
4,100.67,2,20,0.163,0.02,1,0,1.5,0.856,3.64,4.57,7.91,3.5,0,1.5,201.34,8.0,0.002244668911335578,0.5705
14,54.35,1,4,0.556,0.0136,0,0,4.6,0.635,2.61,6.37,7.56,6.6,0,1.0714285714285714,54.35,0.7142857142857143,0.0,3.6696
47,51.59,12,16,0.515,0.0448,0,0,7.5,0.896,4.18,7.1,9.03,6.3,0,1.2553191489361701,619.08,1.8823529411764706,0.0,3.2445
37,84.87,1,44,0.252,0.1016,3,0,3.5,0.17,5.0,4.0,7.66,4.3,0,1.027027027027027,84.87,9.777777777777779,0.03519630484988452,1.0836
8,53.58,1,15,0.403,0.0704,0,0,0.6,0.77,3.33,4.48,8.1,5.5,0,1.125,53.58,9.375,0.0,2.2165
34,71.59,9,74,0.229,0.0776,2,1,0.9,0.786,1.63,1.9,5.04,4.2,1,1.2647058823529411,644.3100000000001,38.94736842105263,0.025695364238410595,0.9618000000000001
2,122.4,1,68,0.355,0.0216,0,0,1.1,0.52,3.82,2.0,8.75,4.8,1,1.5,122.4,32.38095238095238,0.0,1.704
8,128.29,3,15,0.169,0.2759999999999999,1,0,3.2,0.955,4.08,5.42,7.49,3.4,0,1.375,384.87,3.571428571428571,0.032508833922261476,0.5746
57,69.63,1,25,0.694,0.0392,1,0,2.7,0.689,4.21,4.68,8.41,7.4,0,1.0175438596491229,69.63,6.756756756756756,0.004165781083953241,5.1356
25,34.1,1,75,0.146,0.0784,2,0,3.7,0.443,4.19,2.52,7.6,3.8,1,1.04,34.1,15.957446808510637,0.018232558139534883,0.5548
27,78.07,21,66,0.327,0.0104,0,1,1.9,0.717,3.32,3.03,8.29,4.8,0,1.7777777777777777,1639.4699999999998,22.758620689655174,0.0,1.5696
11,61.73,1,51,0.106,0.1728,0,0,0.0,0.904,4.64,2.48,9.06,3.4,1,1.0909090909090908,61.73,51.0,0.0,0.3604
59,82.2,15,25,0.388,0.0456,0,0,2.9,0.918,3.94,5.22,8.79,5.2,0,1.2542372881355932,1233.0,6.410256410256411,0.0,2.0176000000000003
59,115.97,15,32,0.147,0.06,0,0,2.5,0.486,4.21,4.73,9.01,3.3,0,1.2542372881355932,1739.55,9.142857142857142,0.0,0.4850999999999999
17,79.34,1,31,0.328,0.0808,0,0,5.4,0.926,5.0,5.28,9.73,4.8,0,1.0588235294117647,79.34,4.84375,0.0,1.5744
58,51.55,30,3,0.364,0.1248,0,0,2.5,0.203,4.81,6.68,9.39,5.2,0,1.5172413793103448,1546.5,0.8571428571428571,0.0,1.8928
30,72.37,1,88,0.108,0.0672,2,0,4.6,0.555,3.3,2.17,6.74,3.3,1,1.0333333333333334,72.37,15.714285714285715,0.017364341085271316,0.3564
51,65.33,13,14,0.314,0.0888,0,0,2.5,0.924,2.93,5.57,7.63,4.8,0,1.2549019607843137,849.29,4.0,0.0,1.5071999999999999
38,33.02,1,14,0.257,0.0928,0,0,4.9,0.651,4.27,5.97,8.96,4.6,0,1.0263157894736843,33.02,2.3728813559322033,0.0,1.1822
57,128.72,15,30,0.071,0.2104,1,0,2.8,0.874,4.34,4.93,7.97,2.7,0,1.263157894736842,1930.8,7.894736842105264,0.023455964325529547,0.1917
56,59.5,15,2,0.451,0.2432,0,0,0.5,0.651,3.87,5.57,8.06,5.8,0,1.2678571428571428,892.5,1.3333333333333333,0.0,2.6158
56,48.11,1,15,0.048,0.1616,1,0,0.9,0.602,3.19,4.58,6.98,3.0,0,1.0178571428571428,48.11,7.894736842105264,0.02025062656641604,0.14400000000000002
10,58.93,1,2,0.154,0.0312,1,0,8.3,0.648,4.01,7.7,8.24,3.7,0,1.1,58.93,0.2150537634408602,0.003376623376623376,0.5698
34,36.21,1,45,0.065,0.0136,0,1,6.3,0.248,2.63,4.88,7.58,3.2,0,1.0294117647058822,36.21,6.164383561643835,0.0,0.20800000000000002
58,95.63,15,6,0.298,0.012,1,0,3.7,0.724,2.9,6.43,7.19,4.5,0,1.2586206896551724,1434.4499999999998,1.276595744680851,0.001465201465201465,1.341
15,171.89,4,11,0.192,0.1328,0,0,3.3,0.675,5.0,5.68,9.56,3.3,0,1.2666666666666666,687.56,2.558139534883721,0.0,0.6335999999999999
55,136.45,14,61,0.266,0.0088,0,1,3.1,0.868,3.92,3.45,8.89,4.0,0,1.2545454545454544,1910.2999999999997,14.878048780487806,0.0,1.064
22,85.36,6,54,0.576,0.156,1,0,1.0,0.166,3.51,2.83,7.32,6.5,1,1.2727272727272727,512.16,27.0,0.01875,3.7439999999999998
25,59.29,7,1,0.344,0.0496,1,1,0.7,0.62,4.28,5.42,8.45,5.1,0,1.28,415.03,0.5882352941176471,0.005248677248677249,1.7543999999999997
14,68.67,1,1,0.067,0.056,0,0,6.1,0.659,4.13,7.02,8.94,3.1,0,1.0714285714285714,68.67,0.14084507042253522,0.0,0.20770000000000002
25,95.11,1,29,0.193,0.0104,0,0,3.4,0.646,4.15,4.72,9.12,3.8,0,1.04,95.11,6.59090909090909,0.0,0.7333999999999999
45,73.96,23,19,0.205,0.1992,2,0,3.4,0.518,4.22,5.95,7.22,4.0,0,1.511111111111111,1701.08,4.3181818181818175,0.048467153284671535,0.82
53,99.28,40,40,0.227,0.0096,1,1,0.9,0.528,5.0,4.63,9.3,4.0,0,1.7547169811320755,3971.2,21.05263157894737,0.0009320388349514561,0.908
17,45.57,5,17,0.037,0.0136,2,0,5.0,0.14,3.31,5.98,6.93,3.0,0,1.2941176470588236,227.85,2.8333333333333335,0.003430012610340479,0.11099999999999999
43,73.16,1,15,0.116,0.0416,2,0,3.3,0.437,3.71,5.38,7.24,3.4,0,1.0232558139534884,73.16,3.488372093023256,0.010097087378640776,0.39440000000000003
2,58.29,3,17,0.448,0.1024,0,0,4.4,0.432,2.57,5.72,7.23,5.8,0,2.5,174.87,3.148148148148148,0.0,2.5984
29,63.54,8,16,0.316,0.144,1,0,3.3,0.392,3.22,5.57,7.07,4.8,0,1.2758620689655173,508.32,3.7209302325581395,0.017843866171003715,1.5168
21,136.52,11,46,0.53,0.02,0,0,1.3,0.961,3.76,3.5,8.69,5.9,0,1.5238095238095237,1501.72,20.0,0.0,3.1270000000000002
48,76.55,25,33,0.15,0.0696,1,1,4.1,0.473,3.78,5.55,7.88,3.6,0,1.5208333333333335,1913.75,6.470588235294118,0.007837837837837838,0.54
2,71.3,2,2,0.579,0.1648,1,0,0.0,0.402,4.51,4.97,8.29,6.6,0,2.0,142.6,2.0,0.017739504843918192,3.8213999999999997
52,39.12,14,9,0.425,0.148,1,0,6.0,0.617,5.0,7.02,8.84,5.7,0,1.2692307692307692,547.68,1.2857142857142858,0.015040650406504064,2.4225
32,59.52,1,90,0.158,0.0904,1,0,2.9,0.419,4.07,1.5,8.1,3.7,1,1.03125,59.52,23.076923076923077,0.009934065934065935,0.5846
8,33.87,11,13,0.031,0.0424,2,1,2.1,0.784,3.23,5.42,6.76,3.0,0,2.375,372.57,4.193548387096774,0.010927835051546392,0.093
36,58.86,1,2,0.678,0.0696,2,0,0.4,0.665,1.93,5.07,5.36,7.4,0,1.0277777777777777,58.86,1.4285714285714286,0.021886792452830185,5.017200000000001
53,72.33,27,55,0.337,0.072,1,1,2.8,0.404,3.65,4.08,7.74,4.9,0,1.509433962264151,1952.9099999999999,14.473684210526317,0.008237986270022882,1.6513000000000002
27,61.93,1,41,0.294,0.0176,0,0,3.3,0.358,3.75,4.08,8.69,4.7,0,1.037037037037037,61.93,9.534883720930234,0.0,1.3818
60,85.09,1,20,0.004,0.0032,0,0,1.6,0.833,4.32,4.57,9.31,2.5,0,1.0166666666666666,85.09,7.692307692307692,0.0,0.01
27,61.0,7,8,0.164,0.2736,2,0,5.0,0.871,3.24,6.5,5.99,3.8,0,1.2592592592592593,427.0,1.3333333333333333,0.07828326180257511,0.6232
57,22.21,15,36,0.137,0.0152,1,1,4.5,0.481,3.78,5.2,8.06,3.8,0,1.263157894736842,333.15000000000003,6.545454545454546,0.0016777041942604856,0.5206000000000001
42,60.0,22,63,0.061,0.0144,1,0,3.6,0.46,3.61,3.78,7.9,3.1,1,1.5238095238095237,1320.0,13.695652173913045,0.0016179775280898876,0.1891
23,114.21,1,4,0.342,0.0152,0,0,0.0,0.565,3.57,4.83,8.52,4.7,0,1.0434782608695652,114.21,4.0,0.0,1.6074000000000002
12,29.38,4,22,0.097,0.0248,0,0,0.0,0.897,5.0,4.03,9.92,3.5,0,1.3333333333333333,117.52,22.0,0.0,0.3395
6,135.91,4,15,0.348,0.2928,1,0,2.7,0.584,2.59,5.28,5.95,4.6,0,1.6666666666666665,543.64,4.0540540540540535,0.0421294964028777,1.6007999999999998
43,119.41,11,89,0.178,0.0928,1,0,0.5,0.38,4.7,1.08,8.72,3.5,1,1.255813953488372,1313.51,59.333333333333336,0.009547325102880658,0.623
24,34.07,7,34,0.103,0.0688,0,0,1.5,0.494,4.38,4.03,9.15,3.5,0,1.2916666666666667,238.49,13.6,0.0,0.3605
37,67.14,10,3,0.168,0.0496,0,0,3.4,0.91,5.0,6.32,9.83,3.8,0,1.2702702702702702,671.4,0.6818181818181818,0.0,0.6384
57,44.6,29,2,0.039,0.1664,3,0,3.9,0.688,4.25,7.17,6.7,3.0,0,1.5087719298245614,1293.4,0.4081632653061224,0.06483116883116882,0.11699999999999999
25,125.9,1,40,0.421,0.024,0,0,2.6,0.61,3.63,3.9,8.55,5.2,0,1.04,125.9,11.11111111111111,0.0,2.1892
20,47.06,1,53,0.297,0.0128,1,0,6.8,0.634,4.56,4.65,8.85,4.8,0,1.05,47.06,6.794871794871795,0.0012994923857868022,1.4256
47,79.34,12,18,0.355,0.0104,2,0,3.5,0.19,2.32,5.67,5.95,5.0,0,1.2553191489361701,952.08,4.0,0.0029928057553956834,1.775
45,70.43,1,2,0.168,0.1504,1,0,3.3,0.526,3.86,6.03,7.69,3.8,0,1.0222222222222221,70.43,0.46511627906976744,0.017307249712313,0.6384
37,52.78,38,5,0.186,0.1399999999999999,1,0,2.8,0.643,3.79,6.95,7.66,4.0,0,2.027027027027027,2005.64,1.3157894736842106,0.016166281755196292,0.744
6,53.03,1,18,0.294,0.0608,0,0,2.3,0.85,5.0,4.9,9.8,4.7,0,1.1666666666666667,53.03,5.454545454545455,0.0,1.3818
55,47.03,14,8,0.371,0.184,0,0,5.5,0.564,4.62,6.9,9.01,5.3,0,1.2545454545454544,658.4200000000001,1.2307692307692308,0.0,1.9663
21,27.35,6,53,0.125,0.188,3,0,0.8,0.621,2.89,2.82,5.26,3.7,1,1.2857142857142856,164.10000000000002,29.444444444444443,0.09009584664536742,0.4625
31,78.64,8,23,0.32,0.2072,2,0,3.9,0.871,3.08,5.42,6.06,4.8,0,1.2580645161290323,629.12,4.693877551020408,0.05869688385269122,1.536
33,40.85,17,12,0.153,0.0488,0,1,5.2,0.418,4.59,6.7,9.43,3.8,0,1.5151515151515151,694.45,1.9354838709677418,0.0,0.5813999999999999
48,54.55,25,14,0.202,0.0744,0,1,0.7,0.31,5.0,5.37,9.75,4.1,0,1.5208333333333335,1363.75,8.23529411764706,0.0,0.8281999999999999
17,150.3,13,19,0.67,0.1616,0,0,2.7,0.422,3.21,5.38,7.67,6.8,0,1.7647058823529411,1953.9,5.135135135135135,0.0,4.556
58,44.38,15,22,0.265,0.0032,0,0,3.1,0.457,4.48,5.43,9.47,4.6,0,1.2586206896551724,665.7,5.365853658536586,0.0,1.2189999999999999
33,131.1,9,138,0.045,0.076,2,0,0.4,0.541,2.8,1.0,6.21,2.5,1,1.2727272727272727,1179.8999999999999,98.57142857142858,0.021081830790568655,0.11249999999999999
49,105.82,25,73,0.467,0.0016,2,0,2.6,0.398,3.82,3.05,7.48,5.6,1,1.510204081632653,2645.5,20.27777777777778,0.0003773584905660377,2.6152
2,51.45,1,4,0.338,0.0184,0,1,2.6,0.553,4.29,5.7,9.23,5.1,0,1.5,51.45,1.1111111111111112,0.0,1.7238
53,90.44,40,66,0.352,0.224,1,1,4.0,0.804,4.62,4.37,8.21,4.9,0,1.7547169811320755,3617.6,13.2,0.024321389793702495,1.7248
40,79.58,21,52,0.329,0.0744,1,0,0.0,0.585,3.62,3.1,7.71,4.8,1,1.525,1671.18,52.0,0.00854190585533869,1.5792
33,53.88,17,10,0.374,0.0104,0,0,2.5,0.819,4.28,5.9,9.25,5.3,0,1.5151515151515151,915.96,2.857142857142857,0.0,1.9822
2,178.49,1,12,0.518,0.04,0,0,3.2,0.842,3.55,5.5,8.42,5.6,0,1.5,178.49,2.857142857142857,0.0,2.9008
45,19.76,12,121,0.141,0.256,2,1,5.4,0.844,3.57,2.2,6.38,3.9,1,1.2666666666666666,237.12,18.90625,0.06937669376693767,0.5498999999999999
14,62.9,1,23,0.269,0.0896,0,0,0.0,0.88,3.87,3.88,8.57,4.5,0,1.0714285714285714,62.9,23.0,0.0,1.2105000000000001
3,33.59,1,5,0.198,0.024,2,0,1.8,0.859,3.14,5.38,6.73,4.2,0,1.3333333333333333,33.59,1.7857142857142858,0.006209573091849935,0.8316000000000001
26,134.91,7,82,0.36,0.0336,0,1,2.4,0.564,3.13,1.93,8.02,4.7,1,1.2692307692307692,944.37,24.11764705882353,0.0,1.692
58,134.0,1,61,0.456,0.004,1,0,6.1,0.632,4.19,4.02,8.51,5.4,0,1.0172413793103448,134.0,8.591549295774648,0.00042060988433228184,2.4624
24,24.29,1,12,0.115,0.0064,0,0,3.9,0.355,4.75,5.73,9.73,3.7,0,1.0416666666666667,24.29,2.4489795918367343,0.0,0.42550000000000004
12,50.64,1,0,0.473,0.316,1,1,6.3,0.355,2.29,7.13,5.57,6.0,0,1.0833333333333333,50.64,0.0,0.04809741248097412,2.838
51,80.05,13,40,0.553,0.1624,1,0,3.2,0.45,1.9,4.5,5.69,6.4,0,1.2549019607843137,1040.6499999999999,9.523809523809524,0.02427503736920777,3.5392000000000006
9,53.36,1,23,0.35,0.032,3,0,2.5,0.519,3.93,4.72,6.82,5.1,0,1.1111111111111112,53.36,6.571428571428571,0.012276214833759591,1.7849999999999997
4,97.69,3,0,0.201,0.0088,0,0,6.1,0.467,3.61,7.13,8.58,3.8,0,1.75,293.07,0.0,0.0,0.7638
5,67.06,2,50,0.261,0.1016,0,0,3.5,0.392,4.59,3.73,9.25,4.4,0,1.4,134.12,11.11111111111111,0.0,1.1484
53,34.39,27,52,0.227,0.1248,0,0,2.6,0.664,4.64,4.17,9.22,4.4,0,1.509433962264151,928.53,14.444444444444445,0.0,0.9988000000000001
5,264.1,2,1,0.078,0.0504,0,0,8.4,0.448,5.0,7.82,9.83,2.0,0,1.4,528.2,0.10638297872340426,0.0,0.156
12,109.7,4,65,0.127,0.032,0,0,4.1,0.545,4.74,3.25,9.63,3.2,0,1.3333333333333333,438.8,12.745098039215687,0.0,0.40640000000000004
45,86.22,12,0,0.295,0.0304,0,0,1.4,0.733,3.45,5.87,8.35,4.5,0,1.2666666666666666,1034.6399999999999,0.0,0.0,1.3275
11,67.78,6,25,0.126,0.0968,0,0,3.2,0.308,4.44,5.02,9.12,3.5,0,1.5454545454545454,406.68,5.9523809523809526,0.0,0.441
28,68.32,15,5,0.322,0.072,0,1,0.0,0.382,4.61,5.25,9.37,4.8,0,1.5357142857142856,1024.8,5.0,0.0,1.5456
27,39.65,1,11,0.217,0.1024,3,1,1.6,0.875,1.68,5.02,4.34,4.3,0,1.037037037037037,39.65,4.230769230769231,0.05752808988764046,0.9330999999999999
54,43.71,14,49,0.41,0.032,0,0,4.8,0.828,5.0,4.62,9.89,5.6,0,1.2592592592592593,611.94,8.448275862068966,0.0,2.296
22,77.52,6,20,0.376,0.0744,0,0,4.6,0.514,5.0,5.73,9.75,5.2,0,1.2727272727272727,465.12,3.5714285714285716,0.0,1.9552
3,69.39,1,5,0.209,0.1896,0,0,2.5,0.534,4.05,5.62,8.42,4.0,0,1.3333333333333333,69.39,1.4285714285714286,0.0,0.836
21,32.7,6,103,0.31,0.0208,1,0,4.5,0.758,2.6,1.7,6.86,5.0,1,1.2857142857142856,196.20000000000002,18.727272727272727,0.0026463104325699744,1.55
11,66.73,3,18,0.236,0.0192,0,0,0.0,0.812,2.56,4.2,7.5,4.3,0,1.2727272727272727,200.19,18.0,0.0,1.0148
28,90.55,8,212,0.288,0.1008,1,0,3.7,0.78,3.98,1.5,7.98,4.5,1,1.2857142857142856,724.4,45.1063829787234,0.011224944320712695,1.2959999999999998
29,57.62,8,33,0.323,0.1256,1,0,0.0,0.858,3.91,3.62,7.82,4.9,0,1.2758620689655173,460.96,33.0,0.014240362811791382,1.5827000000000002
17,87.3,9,15,0.425,0.056,0,0,0.0,0.156,2.88,4.55,7.69,5.5,0,1.5294117647058822,785.6999999999999,15.0,0.0,2.3375
10,142.33,1,11,0.301,0.0592,1,0,6.8,0.818,2.75,6.75,6.89,4.3,0,1.1,142.33,1.4102564102564104,0.007503168567807352,1.2943
15,61.28,4,55,0.324,0.0472,0,0,5.3,0.89,4.54,4.15,9.38,4.9,0,1.2666666666666666,245.12,8.730158730158731,0.0,1.5876000000000001
49,39.08,13,4,0.269,0.0984,2,0,6.5,0.256,4.11,7.4,7.45,4.6,0,1.2653061224489797,508.03999999999996,0.5333333333333333,0.02328994082840237,1.2374
44,108.43,1,21,0.326,0.2072,2,0,2.2,0.799,4.54,4.72,7.52,4.6,0,1.0227272727272727,108.43,6.5625,0.04863849765258216,1.4996
29,86.26,15,21,0.163,0.0296,1,0,3.8,0.753,3.39,5.72,7.62,3.6,0,1.5172413793103448,1293.9,4.375,0.003433874709976798,0.5868
4,118.39,3,15,0.287,0.0112,0,0,6.4,0.419,5.0,6.48,9.96,4.3,0,1.75,355.17,2.0270270270270268,0.0,1.2340999999999998
39,94.12,40,5,0.392,0.008,0,0,0.0,0.651,3.15,6.08,8.12,5.2,0,2.0256410256410255,3764.8,5.0,0.0,2.0384
24,25.75,1,23,0.288,0.0936,0,0,3.2,0.874,4.05,4.95,8.74,4.9,0,1.0416666666666667,25.75,5.476190476190476,0.0,1.4112
45,115.44,34,87,0.311,0.18,1,1,2.1,0.926,3.47,2.48,7.2,4.5,1,1.7555555555555555,3924.96,28.064516129032256,0.021951219512195124,1.3995
24,103.13,7,4,0.194,0.068,1,0,4.2,0.549,3.56,6.43,7.67,3.7,0,1.2916666666666667,721.91,0.7692307692307692,0.00784313725490196,0.7178000000000001
14,27.96,1,130,0.497,0.1144,0,0,2.6,0.644,4.12,1.0,8.74,6.3,1,1.0714285714285714,27.96,36.11111111111111,0.0,3.1311
56,181.72,1,17,0.225,0.1736,3,0,3.1,0.765,3.15,5.22,5.57,3.5,0,1.0178571428571428,181.72,4.146341463414634,0.07926940639269407,0.7875
26,37.71,1,10,0.057,0.0168,1,1,2.0,0.935,4.12,5.2,8.4,3.2,0,1.0384615384615385,37.71,3.3333333333333335,0.0017872340425531914,0.1824
11,47.46,6,25,0.594,0.2376,2,0,7.3,0.585,3.84,6.38,6.71,6.9,0,1.5454545454545454,284.76,3.012048192771084,0.06163424124513619,4.0986
3,332.09,1,32,0.123,0.0232,0,0,4.0,0.396,3.15,4.77,8.07,1.9,0,1.3333333333333333,332.09,6.4,0.0,0.2337
11,70.92,3,5,0.328,0.1512,2,1,3.3,0.683,3.52,5.95,6.68,4.9,0,1.2727272727272727,212.76,1.1627906976744187,0.039375,1.6072000000000002
47,130.88,12,20,0.31,0.0096,0,0,5.5,0.697,4.3,6.23,9.27,4.4,0,1.2553191489361701,1570.56,3.076923076923077,0.0,1.364
46,78.76,12,128,0.325,0.0984,4,0,0.8,0.553,4.27,1.0,6.28,4.8,1,1.2608695652173914,945.1200000000001,71.11111111111111,0.05406593406593407,1.56
50,86.5,1,30,0.074,0.0728,0,0,1.2,0.6,4.26,3.93,9.02,3.0,0,1.02,86.5,13.636363636363635,0.0,0.22199999999999998
6,217.85,2,47,0.162,0.16,3,0,1.9,0.304,3.88,3.35,6.35,2.8,1,1.3333333333333333,435.7,16.20689655172414,0.0653061224489796,0.4536
52,85.29,27,1,0.371,0.0216,1,0,0.0,0.75,4.05,5.85,8.31,5.1,0,1.5192307692307692,2302.8300000000004,1.0,0.0023200859291084854,1.8921
33,124.54,1,30,0.099,0.0104,1,0,3.3,0.532,1.74,4.63,6.04,2.9,0,1.0303030303030303,124.54,6.976744186046512,0.0014772727272727272,0.2871
49,87.53,13,0,0.417,0.1048,3,0,6.1,0.491,4.17,7.47,6.82,5.4,0,1.2653061224489797,1137.89,0.0,0.04020460358056266,2.2518000000000002
17,52.75,1,16,0.194,0.0464,0,0,6.7,0.356,3.62,6.47,8.47,4.0,0,1.0588235294117647,52.75,2.0779220779220777,0.0,0.776
40,155.73,1,8,0.478,0.0392,1,0,3.7,0.495,4.45,5.87,8.65,5.4,0,1.025,155.73,1.702127659574468,0.004062176165803109,2.5812
18,23.07,5,8,0.136,0.0792,1,1,4.7,0.654,3.47,6.33,7.54,3.8,0,1.2777777777777777,115.35,1.4035087719298245,0.00927400468384075,0.5168
44,40.11,23,1,0.527,0.0688,2,0,2.6,0.53,3.99,6.58,7.43,6.4,0,1.5227272727272727,922.53,0.2777777777777778,0.016322657176749703,3.3728000000000002
47,101.85,12,107,0.142,0.108,1,0,5.1,0.724,3.31,2.1,7.28,3.4,1,1.2553191489361701,1222.1999999999998,17.54098360655738,0.013043478260869563,0.48279999999999995
4,23.93,2,4,0.594,0.0096,0,1,2.1,0.52,3.2,5.57,8.17,7.0,0,1.5,47.86,1.2903225806451613,0.0,4.1579999999999995
36,71.09,1,28,0.237,0.0432,1,0,1.8,0.636,3.82,4.23,8.01,4.2,0,1.0277777777777777,71.09,10.0,0.004794672586015539,0.9954
48,51.1,61,14,0.47,0.0472,1,1,2.0,0.691,3.77,6.63,7.95,6.0,0,2.270833333333333,3117.1,4.666666666666667,0.005273743016759777,2.82
39,53.65,20,35,0.215,0.0552,2,0,4.8,0.705,2.89,5.52,6.37,4.2,0,1.5128205128205128,1073.0,6.0344827586206895,0.014979647218453188,0.903
49,55.85,1,6,0.523,0.1135999999999999,0,0,2.1,0.62,5.0,5.43,9.62,6.3,0,1.0204081632653061,55.85,1.9354838709677418,0.0,3.2949
57,60.57,15,10,0.163,0.0296,0,0,2.7,0.631,2.76,5.9,7.66,3.8,0,1.263157894736842,908.55,2.7027027027027026,0.0,0.6194
15,40.69,8,16,0.515,0.0176,1,0,3.1,0.422,4.17,5.5,8.44,6.4,0,1.5333333333333332,325.52,3.9024390243902443,0.0018644067796610173,3.2960000000000003
49,41.87,1,10,0.439,0.0088,1,0,3.7,0.414,4.17,5.77,8.47,5.8,0,1.0204081632653061,41.87,2.127659574468085,0.0009292502639915523,2.5462
41,102.4,1,45,0.27,0.0328,3,0,0.0,0.606,4.72,2.78,7.61,4.3,1,1.024390243902439,102.4,45.0,0.01142857142857143,1.161
26,38.4,1,27,0.047,0.0128,0,0,2.2,0.737,3.83,4.42,8.79,3.1,0,1.0384615384615385,38.4,8.4375,0.0,0.1457
33,176.64,9,8,0.211,0.0048,0,0,0.0,0.767,3.7,4.9,8.68,3.4,0,1.2727272727272727,1589.7599999999998,8.0,0.0,0.7173999999999999
28,35.76,15,9,0.272,0.2088,1,0,7.4,0.457,2.75,7.52,6.39,4.7,0,1.5357142857142856,536.4,1.0714285714285714,0.028254397834912046,1.2784000000000002
30,56.95,16,17,0.834,0.0264,0,0,2.2,0.403,4.75,5.42,9.66,8.5,0,1.5333333333333332,911.2,5.3125,0.0,7.0889999999999995
52,53.39,1,8,0.44,0.1304,2,0,0.4,0.632,5.0,4.77,8.23,5.8,0,1.0192307692307692,53.39,5.714285714285714,0.02825568797399783,2.552
46,59.67,12,15,0.157,0.0144,0,0,0.0,0.874,4.97,4.65,9.92,3.7,0,1.2608695652173914,716.04,15.0,0.0,0.5809000000000001
28,47.89,22,9,0.322,0.0376,1,0,5.7,0.336,3.26,7.18,7.47,5.0,0,1.7857142857142856,1053.58,1.3432835820895521,0.004439197166469895,1.61
45,52.74,1,9,0.258,0.2936,0,1,4.9,0.722,3.21,6.22,7.23,4.5,0,1.0222222222222221,52.74,1.5254237288135593,0.0,1.161
60,259.2,31,13,0.473,0.0536,0,1,3.5,0.516,4.31,6.55,9.13,4.8,0,1.5166666666666666,8035.2,2.888888888888889,0.0,2.2704
40,34.83,11,49,0.582,0.1072,1,0,1.9,0.661,3.85,3.55,7.83,6.9,1,1.275,383.13,16.896551724137932,0.012140430351075877,4.0158
34,82.3,9,25,0.307,0.0096,0,1,4.3,0.459,2.98,5.48,7.95,4.7,0,1.2647058823529411,740.6999999999999,4.716981132075472,0.0,1.4429
10,48.31,8,100,0.336,0.1544,1,0,2.5,0.75,4.33,1.1,8.15,5.1,1,1.8,386.48,28.571428571428573,0.01687431693989071,1.7136
54,74.14,28,16,0.331,0.0184,2,1,4.6,0.614,2.71,6.67,6.32,4.9,0,1.5185185185185186,2075.92,2.857142857142857,0.005027322404371585,1.6219000000000001
39,106.83,1,16,0.034,0.0312,0,0,0.8,0.751,3.57,4.5,8.47,2.6,0,1.0256410256410255,106.83,8.88888888888889,0.0,0.0884
49,58.36,1,67,0.071,0.1112,0,0,1.4,0.87,3.32,2.15,7.95,3.1,1,1.0204081632653061,58.36,27.916666666666668,0.0,0.2201
15,59.28,4,41,0.581,0.024,0,0,1.9,0.31,4.7,3.72,9.62,6.7,0,1.2666666666666666,237.12,14.13793103448276,0.0,3.8927
44,42.29,23,9,0.369,0.0608,0,1,3.1,0.865,5.0,6.35,9.8,5.3,0,1.5227272727272727,972.67,2.1951219512195124,0.0,1.9557
52,57.49,40,71,0.09,0.0616,2,0,5.4,0.611,4.5,4.58,7.96,3.3,0,1.7692307692307692,2299.6,11.09375,0.013749999999999998,0.297
30,66.33,16,60,0.158,0.024,1,0,2.8,0.604,3.9,3.47,8.15,3.7,1,1.5333333333333332,1061.28,15.789473684210527,0.002622950819672131,0.5846
28,45.3,8,2,0.321,0.0567999999999999,0,0,1.2,0.709,3.71,5.57,8.52,5.0,0,1.2857142857142856,362.4,0.9090909090909091,0.0,1.605
39,46.06,20,25,0.274,0.0424,0,0,3.6,0.693,4.71,5.62,9.57,4.6,0,1.5128205128205128,921.2,5.434782608695652,0.0,1.2604
26,164.53,1,8,0.224,0.0064,0,0,5.5,0.221,3.16,6.47,8.14,3.6,0,1.0384615384615385,164.53,1.2307692307692308,0.0,0.8064
26,46.05,14,47,0.386,0.008,2,0,5.0,0.789,2.85,4.78,6.49,5.4,0,1.5384615384615383,644.6999999999999,7.833333333333333,0.002136181575433912,2.0844
44,47.7,1,16,0.54,0.0888,1,0,2.1,0.746,3.2,4.93,7.24,6.5,0,1.0227272727272727,47.7,5.161290322580645,0.010776699029126214,3.5100000000000002
1,20.08,1,4,0.232,0.2624,1,0,4.3,0.704,4.34,6.27,7.8,4.5,0,2.0,20.08,0.7547169811320755,0.029818181818181817,1.044
22,43.86,1,45,0.434,0.0624,2,1,6.3,0.769,4.72,4.88,8.18,5.8,0,1.0454545454545454,43.86,6.164383561643835,0.013594771241830065,2.5172
23,42.82,6,16,0.213,0.0456,1,0,0.0,0.284,4.85,4.4,9.03,4.2,0,1.2608695652173914,256.92,16.0,0.004546360917248256,0.8946000000000001
25,49.22,1,6,0.051,0.0768,1,0,2.5,0.787,4.98,5.57,9.06,3.1,0,1.04,49.22,1.7142857142857142,0.007634194831013915,0.1581
8,170.52,3,18,0.526,0.0296,1,0,2.2,0.712,4.5,4.93,8.73,5.7,0,1.375,511.56000000000006,5.625,0.0030421377183967114,2.9982
34,26.49,1,10,0.437,0.0016,0,0,0.0,0.85,4.23,4.53,9.22,5.9,0,1.0294117647058822,26.49,10.0,0.0,2.5783
52,235.39,27,50,0.269,0.0264,0,1,5.0,0.806,4.6,5.07,9.51,3.5,0,1.5192307692307692,6355.53,8.333333333333334,0.0,0.9415
15,26.99,4,41,0.293,0.0464,4,0,4.1,0.894,3.27,4.45,5.45,4.9,1,1.2666666666666666,107.96,8.03921568627451,0.02877519379844961,1.4357
2,197.95,1,21,0.564,0.0064,1,0,2.1,0.669,3.84,4.68,8.15,5.8,0,1.5,197.95,6.774193548387097,0.0006994535519125683,3.2711999999999994
12,102.59,1,15,0.17,0.044,0,0,1.2,0.695,5.0,4.68,9.85,3.6,0,1.0833333333333333,102.59,6.8181818181818175,0.0,0.6120000000000001
58,53.05,1,26,0.281,0.0504,0,0,4.8,0.519,3.47,5.33,8.3,4.6,0,1.0172413793103448,53.05,4.482758620689656,0.0,1.2926
18,130.67,10,9,0.457,0.0864,0,1,2.5,0.538,3.61,5.72,8.32,5.4,0,1.5555555555555556,1306.6999999999998,2.5714285714285716,0.0,2.4678000000000004
59,25.28,45,20,0.287,0.0648,3,1,1.1,0.291,3.83,5.87,6.61,4.9,0,1.7627118644067796,1137.6000000000001,9.523809523809524,0.02554533508541393,1.4062999999999999
7,59.5,4,10,0.165,0.0456,1,0,4.7,0.833,4.4,6.2,8.58,3.8,0,1.5714285714285714,238.0,1.7543859649122806,0.004759916492693111,0.627
42,35.77,11,38,0.353,0.1216,3,0,7.0,0.617,3.07,5.8,5.66,5.3,0,1.2619047619047619,393.47,4.75,0.05477477477477478,1.8708999999999998
27,43.18,21,14,0.325,0.0688,2,0,2.3,0.502,5.0,5.77,8.44,5.0,0,1.7777777777777777,906.78,4.242424242424242,0.014576271186440679,1.625
2,72.04,1,63,0.422,0.1408,2,0,2.0,0.867,2.39,2.55,5.59,5.5,1,1.5,72.04,21.0,0.042731411229135055,2.3209999999999997
35,74.23,9,1,0.21,0.0768,0,0,0.0,0.893,5.0,5.25,9.74,4.0,0,1.2571428571428571,668.07,1.0,0.0,0.84
46,138.1,35,89,0.557,0.028,1,1,3.4,0.365,2.34,2.85,6.58,6.1,1,1.7608695652173914,4833.5,20.227272727272727,0.0036939313984168864,3.3977
59,80.98,1,10,0.09,0.0488,0,0,5.2,0.88,3.73,6.27,8.57,3.1,0,1.0169491525423728,80.98,1.6129032258064515,0.0,0.27899999999999997
48,46.82,13,0,0.063,0.2344,3,1,0.0,0.464,2.6,5.43,4.82,3.2,0,1.2708333333333333,608.66,0.0,0.12082474226804124,0.2016
55,56.16,1,31,0.145,0.0104,2,0,4.3,0.382,3.86,4.92,7.49,3.7,0,1.018181818181818,56.16,5.849056603773585,0.0024499411071849234,0.5365
13,35.16,10,12,0.239,0.1776,1,0,0.9,0.918,3.87,5.03,7.61,4.5,0,1.7692307692307692,351.59999999999997,6.315789473684211,0.020627177700348436,1.0755
4,106.89,2,16,0.51,0.0296,0,0,4.4,0.543,3.45,5.73,8.35,5.9,0,1.5,213.78,2.962962962962963,0.0,3.0090000000000003
28,41.67,8,12,0.155,0.008,1,0,4.0,0.818,4.1,6.0,8.41,3.8,0,1.2857142857142856,333.36,2.4,0.0008501594048884166,0.589
23,65.34,6,20,0.293,0.1352,3,0,0.0,0.308,3.01,4.2,5.56,4.7,0,1.2608695652173914,392.04,20.0,0.061829268292682926,1.3771
51,58.21,13,3,0.193,0.0624,2,0,1.5,0.705,2.48,5.78,5.94,4.0,0,1.2549019607843137,756.73,1.2,0.01798270893371758,0.772
18,141.67,5,1,0.295,0.1272,1,1,4.1,0.654,4.24,6.48,8.15,4.2,0,1.2777777777777777,708.3499999999999,0.19607843137254904,0.013901639344262296,1.2389999999999999
21,51.88,1,6,0.408,0.0288,4,0,4.9,0.501,3.26,6.37,5.5,5.5,0,1.0476190476190477,51.88,1.0169491525423728,0.01772307692307692,2.2439999999999998
39,159.56,1,7,0.129,0.0032,0,0,5.1,0.6,5.0,6.38,9.99,2.9,0,1.0256410256410255,159.56,1.1475409836065575,0.0,0.3741
14,62.34,4,11,0.2,0.1976,1,0,1.6,0.741,2.79,5.12,6.46,4.0,0,1.2857142857142856,249.36,4.230769230769231,0.02648793565683646,0.8
13,112.65,1,69,0.113,0.0672,1,0,1.2,0.686,2.65,1.98,6.76,3.1,1,1.0769230769230769,112.65,31.36363636363636,0.008659793814432989,0.3503
48,53.78,13,8,0.34,0.0488,0,0,1.7,0.906,3.49,5.6,8.33,5.1,0,1.2708333333333333,699.14,2.962962962962963,0.0,1.734
50,51.09,13,3,0.241,0.1736,1,1,5.7,0.666,2.98,7.18,6.73,4.4,0,1.26,664.1700000000001,0.44776119402985076,0.02245795601552393,1.0604
20,113.06,6,11,0.258,0.0304,0,0,3.0,0.401,4.21,5.65,9.11,4.1,0,1.3,678.36,2.75,0.0,1.0577999999999999
13,83.49,7,35,0.506,0.0496,0,0,4.5,0.885,5.0,4.98,9.83,6.0,0,1.5384615384615383,584.43,6.363636363636363,0.0,3.036
8,382.89,5,154,0.541,0.1472,1,0,1.8,0.577,3.46,1.0,7.3,4.5,1,1.625,1914.4499999999998,55.0,0.01773493975903614,2.4345000000000003
4,50.35,2,20,0.167,0.0688,0,1,0.7,0.886,3.98,4.3,8.75,3.9,0,1.5,100.7,11.764705882352942,0.0,0.6513
6,89.71,2,20,0.307,0.0432,0,0,3.7,0.504,4.1,5.3,8.96,4.6,0,1.3333333333333333,179.42,4.25531914893617,0.0,1.4122
24,49.63,1,7,0.161,0.1104,0,0,4.7,0.866,4.48,6.25,9.11,3.8,0,1.0416666666666667,49.63,1.2280701754385965,0.0,0.6118
60,42.64,16,5,0.171,0.0288,1,0,1.6,0.984,3.41,5.82,7.65,3.9,0,1.2666666666666666,682.24,1.923076923076923,0.003329479768786127,0.6669
50,94.18,13,5,0.425,0.0408,0,1,2.1,0.56,4.06,5.88,8.92,5.4,0,1.26,1224.3400000000001,1.6129032258064515,0.0,2.295
24,93.07,7,11,0.429,0.056,3,1,3.7,0.867,3.84,5.92,6.65,5.4,0,1.2916666666666667,651.49,2.3404255319148937,0.02196078431372549,2.3166
49,25.3,1,18,0.47,0.0224,0,0,3.8,0.257,4.2,5.4,9.13,6.1,0,1.0204081632653061,25.3,3.75,0.0,2.8669999999999995
20,38.63,11,40,0.331,0.3104,3,0,0.4,0.636,2.76,3.5,4.73,5.1,1,1.55,424.93,28.571428571428573,0.1625130890052356,1.6881
13,146.69,7,2,0.396,0.0672,1,0,2.9,0.789,3.6,6.1,7.71,4.9,0,1.5384615384615383,1026.83,0.5128205128205129,0.007715269804822043,1.9404000000000001
54,50.01,28,1,0.252,0.0296,1,1,3.7,0.856,3.65,7.12,7.88,4.5,0,1.5185185185185186,1400.28,0.2127659574468085,0.003333333333333334,1.134
34,79.35,9,14,0.185,0.0144,0,0,3.6,0.323,5.0,5.8,9.95,3.8,0,1.2647058823529411,714.15,3.0434782608695654,0.0,0.703
8,109.62,3,30,0.295,0.1088,0,0,2.7,0.757,4.56,4.5,9.2,4.4,0,1.375,328.86,8.108108108108107,0.0,1.298
58,50.84,59,24,0.219,0.0168,1,0,1.3,0.675,3.86,5.9,8.14,4.2,0,2.0172413793103448,2999.5600000000004,10.434782608695652,0.0018380743982494528,0.9198000000000001
34,76.03,1,40,0.451,0.0216,2,0,4.3,0.797,4.09,4.47,7.68,5.7,0,1.0294117647058822,76.03,7.547169811320755,0.004976958525345622,2.5707
47,25.45,1,0,0.252,0.0392,2,0,3.0,0.391,2.49,6.03,6.03,4.6,0,1.0212765957446808,25.45,0.0,0.011152204836415361,1.1592
5,40.33,3,4,0.497,0.0136,0,0,2.0,0.508,4.43,5.57,9.38,6.2,0,1.6,120.99,1.3333333333333333,0.0,3.0814
16,24.34,5,1,0.666,0.0216,1,0,3.8,0.592,3.95,6.38,8.21,7.5,0,1.3125,121.7,0.20833333333333334,0.002345276872964169,4.995
16,66.8,1,6,0.144,0.1256,1,0,3.9,0.427,3.85,6.03,7.76,3.6,0,1.0625,66.8,1.2244897959183672,0.014337899543378994,0.5184
14,31.81,1,27,0.358,0.0824,1,0,4.2,0.642,3.16,5.08,7.22,5.3,0,1.0714285714285714,31.81,5.1923076923076925,0.01002433090024331,1.8973999999999998
27,36.7,1,27,0.243,0.0392,0,0,4.7,0.909,4.45,5.25,9.32,4.5,0,1.037037037037037,36.7,4.7368421052631575,0.0,1.0935
42,41.85,1,6,0.244,0.0672,0,0,3.5,0.483,4.51,5.9,9.29,4.5,0,1.0238095238095237,41.85,1.3333333333333333,0.0,1.0979999999999999
60,122.0,16,16,0.326,0.004,0,0,5.0,0.313,4.54,6.4,9.53,4.6,0,1.2666666666666666,1952.0,2.6666666666666665,0.0,1.4996
42,27.33,11,63,0.676,0.0464,1,1,1.9,0.495,3.4,2.85,7.58,7.6,1,1.2619047619047619,300.63,21.724137931034484,0.005407925407925408,5.1376
31,66.8,1,7,0.216,0.0664,0,0,3.5,0.588,4.9,5.85,9.68,4.1,0,1.032258064516129,66.8,1.5555555555555556,0.0,0.8855999999999999
14,83.04,8,8,0.69,0.0664,0,1,2.3,0.645,4.94,5.63,9.72,7.3,0,1.5714285714285714,664.32,2.4242424242424243,0.0,5.037
31,87.27,8,2,0.185,0.108,1,0,4.5,0.817,3.72,6.67,7.69,3.8,0,1.2580645161290323,698.16,0.36363636363636365,0.01242807825086306,0.703
55,35.45,1,53,0.634,0.0224,0,0,5.0,0.446,5.0,4.05,9.93,7.2,0,1.018181818181818,35.45,8.833333333333334,0.0,4.5648
14,34.09,4,4,0.705,0.0552,1,0,2.4,0.527,3.04,5.73,7.19,7.7,0,1.2857142857142856,136.36,1.1764705882352942,0.006739926739926739,5.4285
24,69.48,7,19,0.305,0.0104,1,0,3.8,0.551,4.11,5.55,8.41,4.7,0,1.2916666666666667,486.36,3.9583333333333335,0.0011052072263549415,1.4335
35,116.1,18,11,0.189,0.048,1,0,6.0,0.631,4.64,7.05,8.81,3.6,0,1.5142857142857142,2089.7999999999997,1.5714285714285714,0.004892966360856269,0.6804
52,87.91,1,34,0.256,0.0352,0,0,0.0,0.541,4.07,3.33,8.95,4.3,0,1.0192307692307692,87.91,34.0,0.0,1.1008
15,171.96,1,38,0.153,0.1296,3,1,3.6,0.931,3.59,4.33,6.16,3.0,0,1.0666666666666667,171.96,8.260869565217392,0.054301675977653625,0.45899999999999996
60,62.41,1,1,0.337,0.0488,1,0,2.6,0.449,5.0,5.85,9.17,5.0,0,1.0166666666666666,62.41,0.2777777777777778,0.0047984267453294,1.685
20,65.13,6,23,0.21,0.0104,0,0,0.2,0.888,3.64,4.12,8.61,4.1,0,1.3,390.78,19.166666666666668,0.0,0.8609999999999999
50,151.05,1,6,0.147,0.0496,1,0,3.9,0.747,3.69,6.03,7.86,3.1,0,1.02,151.05,1.2244897959183672,0.005598194130925508,0.4557
58,15.7,30,52,0.34,0.3624,3,0,4.1,0.711,2.68,4.77,4.47,5.3,1,1.5172413793103448,471.0,10.19607843137255,0.19875685557586836,1.802
28,179.76,1,3,0.564,0.1392,2,0,2.0,0.523,3.13,5.55,6.33,5.9,0,1.0357142857142858,179.76,1.0,0.037980900409276944,3.3276
38,31.28,20,78,0.492,0.0816,1,1,4.0,0.774,2.36,3.1,6.42,6.3,1,1.526315789473684,625.6,15.6,0.010997304582210243,3.0995999999999997
27,54.83,1,7,0.252,0.0304,2,0,2.7,0.47,3.31,5.58,6.88,4.4,0,1.037037037037037,54.83,1.8918918918918919,0.0077157360406091375,1.1088
1,179.39,1,120,0.714,0.0736,0,0,4.1,0.611,5.0,1.4,9.75,6.9,1,2.0,179.39,23.529411764705884,0.0,4.9266
12,75.11,7,54,0.043,0.044,2,0,3.7,0.726,3.49,3.77,7.01,2.9,1,1.5833333333333335,525.77,11.48936170212766,0.010986267166042446,0.12469999999999999
59,46.18,15,6,0.235,0.0104,0,0,2.6,0.826,3.64,6.07,8.61,4.4,0,1.2542372881355932,692.7,1.6666666666666665,0.0,1.034
59,67.48,1,2,0.346,0.1176,0,0,3.0,0.6,4.17,5.93,8.78,5.0,0,1.0169491525423728,67.48,0.5,0.0,1.73
39,134.24,10,50,0.048,0.0648,0,0,3.4,0.669,4.2,3.97,8.98,2.5,0,1.2564102564102564,1342.4,11.363636363636363,0.0,0.12
27,59.38,7,16,0.133,0.0504,1,0,0.5,0.619,3.23,4.6,7.4,3.6,0,1.2592592592592593,415.66,10.666666666666666,0.006,0.47880000000000006
36,43.62,37,10,0.167,0.2064,2,0,2.9,0.41,2.65,6.7,5.63,3.9,0,2.0277777777777777,1613.9399999999998,2.5641025641025643,0.06226244343891403,0.6513
31,98.09,8,23,0.051,0.1528,1,0,4.0,0.963,5.0,5.45,8.82,2.8,0,1.2580645161290323,784.72,4.6,0.01556008146639511,0.14279999999999998
24,144.38,13,37,0.442,0.0864,6,0,2.9,0.733,2.61,4.55,3.99,5.2,1,1.5416666666666665,1876.94,9.487179487179487,0.1038877755511022,2.2984
32,104.68,1,25,0.085,0.0352,0,0,3.2,0.495,4.51,4.85,9.39,3.0,0,1.03125,104.68,5.9523809523809526,0.0,0.255
20,22.87,16,24,0.128,0.072,1,0,4.4,0.787,1.98,5.8,6.07,3.8,0,1.8,365.92,4.444444444444444,0.010183875530410183,0.4864
23,62.01,6,53,0.193,0.1112,1,0,1.2,0.362,3.35,2.95,7.31,4.0,0,1.2608695652173914,372.06,24.09090909090909,0.013381468110709989,0.772
49,31.45,37,10,0.233,0.1408,0,0,1.1,0.677,4.34,6.1,8.87,4.4,0,1.7551020408163265,1163.6499999999999,4.761904761904762,0.0,1.0252000000000001
3,88.95,1,24,0.203,0.0512,1,0,4.4,0.727,4.84,5.3,9.0,3.9,0,1.3333333333333333,88.95,4.444444444444444,0.00512,0.7917000000000001
16,44.16,5,68,0.25,0.1424,0,0,4.2,0.141,4.03,3.17,8.56,4.5,1,1.3125,220.79999999999998,13.076923076923077,0.0,1.125
47,83.06,12,1,0.211,0.1272,0,0,7.1,0.693,3.98,7.72,8.56,4.0,0,1.2553191489361701,996.72,0.1234567901234568,0.0,0.844
2,87.03,1,55,0.189,0.032,3,0,1.4,0.641,3.51,2.75,6.4,3.8,1,1.5,87.03,22.916666666666668,0.012972972972972972,0.7182
37,66.59,1,4,0.386,0.2352,2,0,4.0,0.473,3.04,6.17,5.92,5.3,0,1.027027027027027,66.59,0.8,0.06797687861271676,2.0458
21,155.8,6,7,0.153,0.0376,1,1,2.4,0.666,3.65,5.65,7.86,3.1,0,1.2857142857142856,934.8000000000001,2.058823529411765,0.004243792325056434,0.4743
3,57.61,1,1,0.268,0.0072,0,0,2.2,0.907,4.33,5.72,9.31,4.5,0,1.3333333333333333,57.61,0.3125,0.0,1.206
12,34.39,4,50,0.732,0.1504,1,0,4.2,0.681,2.8,4.03,6.63,7.9,1,1.3333333333333333,137.56,9.615384615384615,0.019711664482306684,5.7828
28,90.93,8,83,0.04,0.008,0,0,1.3,0.651,4.71,1.55,9.68,2.7,1,1.2857142857142856,727.44,36.08695652173913,0.0,0.10800000000000001
25,52.9,1,8,0.152,0.0176,0,0,3.0,0.401,4.32,5.63,9.26,3.7,0,1.04,52.9,2.0,0.0,0.5624
59,83.01,1,27,0.063,0.1792,0,0,4.8,0.566,4.71,5.28,9.11,2.9,0,1.0169491525423728,83.01,4.655172413793103,0.0,0.1827
16,134.66,5,41,0.288,0.0472,0,0,6.0,0.501,2.71,5.12,7.55,4.2,0,1.3125,673.3,5.857142857142857,0.0,1.2096
12,53.31,1,15,0.209,0.1176,2,0,1.3,0.725,3.77,4.72,7.04,4.1,0,1.0833333333333333,53.31,6.521739130434783,0.029253731343283584,0.8568999999999999
21,54.29,6,7,0.113,0.0496,2,1,4.7,0.936,4.51,6.42,8.01,3.5,0,1.2857142857142856,325.74,1.2280701754385965,0.011009988901220865,0.3955
45,90.52,1,10,0.465,0.044,3,0,0.0,0.517,2.58,4.53,5.43,5.7,0,1.0222222222222221,90.52,10.0,0.02052877138413686,2.6505
58,122.59,15,61,0.088,0.1688,2,0,4.5,0.638,4.65,3.95,7.75,2.9,1,1.2586206896551724,1838.8500000000001,11.090909090909092,0.03858285714285714,0.2552
22,84.2,6,11,0.151,0.1072,3,0,2.0,0.436,3.8,5.32,6.44,3.6,0,1.2727272727272727,505.20000000000005,3.6666666666666665,0.0432258064516129,0.5436
19,32.71,5,19,0.12,0.1928,3,0,1.7,0.557,4.15,4.78,6.51,3.6,0,1.263157894736842,163.55,7.037037037037036,0.077017310252996,0.432
12,113.23,1,1,0.227,0.0768,1,0,0.8,0.401,3.6,5.25,7.68,3.9,0,1.0833333333333333,113.23,0.5555555555555556,0.008847926267281106,0.8853
12,43.31,7,25,0.318,0.1208,2,0,4.3,0.433,3.1,5.42,6.36,5.0,0,1.5833333333333335,303.17,4.716981132075472,0.03282608695652174,1.59
48,15.48,1,5,0.278,0.1448,0,0,2.3,0.539,4.05,5.55,8.57,4.9,0,1.0208333333333333,15.48,1.5151515151515151,0.0,1.3622000000000003
50,132.25,1,3,0.143,0.0072,0,0,6.8,0.464,4.11,7.15,9.09,3.2,0,1.02,132.25,0.38461538461538464,0.0,0.4576
23,29.87,1,10,0.181,0.0144,0,0,4.4,0.928,4.71,6.0,9.66,4.1,0,1.0434782608695652,29.87,1.8518518518518516,0.0,0.7420999999999999
60,121.27,31,19,0.206,0.0208,0,0,1.9,0.466,3.53,5.72,8.46,3.7,0,1.5166666666666666,3759.37,6.551724137931035,0.0,0.7622
42,118.62,11,16,0.059,0.0072,0,0,3.8,0.381,4.06,5.83,9.04,2.7,0,1.2619047619047619,1304.8200000000002,3.3333333333333335,0.0,0.1593
35,53.33,9,31,0.184,0.0016,0,0,3.8,0.653,4.84,5.02,9.83,4.0,0,1.2571428571428571,479.96999999999997,6.458333333333334,0.0,0.736
9,90.98,1,28,0.24,0.0352,1,0,7.6,0.531,2.85,6.17,7.07,4.1,0,1.1111111111111112,90.98,3.255813953488372,0.00436183395291202,0.9839999999999999
21,99.24,1,12,0.206,0.0368,1,0,3.5,0.37,3.71,5.6,7.92,3.8,0,1.0476190476190477,99.24,2.6666666666666665,0.0041255605381165916,0.7827999999999999
17,25.34,5,12,0.371,0.0592,2,0,0.4,0.651,4.41,4.7,7.88,5.4,0,1.2941176470588236,126.7,8.571428571428571,0.013333333333333336,2.0034
2,61.61,1,41,0.046,0.0304,2,0,4.6,0.744,4.75,4.52,8.32,3.0,0,1.5,61.61,7.321428571428572,0.006523605150214592,0.138
37,75.57,10,11,0.284,0.1056,3,1,0.0,0.315,2.61,4.78,5.26,4.5,0,1.2702702702702702,755.6999999999999,11.0,0.05060702875399361,1.2779999999999998
11,33.68,3,5,0.217,0.008,0,0,1.9,0.938,4.14,5.48,9.11,4.3,0,1.2727272727272727,101.03999999999999,1.7241379310344829,0.0,0.9330999999999999
21,43.51,1,4,0.679,0.0856,0,0,2.2,0.837,5.0,5.57,9.71,7.5,0,1.0476190476190477,43.51,1.25,0.0,5.0925
5,126.52,2,29,0.259,0.0272,1,0,3.1,0.403,4.46,4.65,8.7,4.1,0,1.4,253.04,7.073170731707318,0.0028041237113402063,1.0618999999999998
34,101.2,9,12,0.332,0.028,0,1,0.9,0.732,3.39,5.0,8.3,4.7,0,1.2647058823529411,910.8000000000001,6.315789473684211,0.0,1.5604000000000002
50,49.41,13,15,0.236,0.0184,1,0,3.2,0.258,2.85,5.75,7.12,4.4,0,1.26,642.3299999999999,3.571428571428571,0.0022660098522167484,1.0384
58,28.87,15,6,0.167,0.0384,2,0,1.8,0.531,5.0,5.8,8.54,4.0,0,1.2586206896551724,433.05,2.142857142857143,0.008050314465408805,0.668
37,14.31,10,7,0.175,0.0728,2,0,5.6,0.592,3.88,6.85,7.3,4.1,0,1.2702702702702702,143.1,1.0606060606060606,0.017542168674698794,0.7174999999999999
59,54.26,15,43,0.244,0.0392,0,0,7.5,0.504,4.1,5.85,8.97,4.4,0,1.2542372881355932,813.9,5.0588235294117645,0.0,1.0736
32,137.97,25,65,0.328,0.0088,0,0,2.5,0.752,3.08,3.42,8.05,4.5,0,1.78125,3449.25,18.571428571428573,0.0,1.476
10,56.06,3,35,0.527,0.052,2,1,5.3,0.815,4.6,5.12,8.09,6.4,0,1.3,168.18,5.555555555555555,0.01144114411441144,3.3728000000000002
39,106.52,10,11,0.506,0.0936,1,0,0.0,0.654,3.53,4.78,7.55,5.9,0,1.2564102564102564,1065.2,11.0,0.010947368421052631,2.9854000000000003
13,128.92,1,16,0.519,0.2504,3,0,5.5,0.578,1.58,6.07,3.75,5.9,0,1.0769230769230769,128.92,2.4615384615384617,0.15814736842105265,3.0621000000000005
2,189.51,1,7,0.16,0.1135999999999999,1,0,1.7,0.859,3.46,5.25,7.41,3.0,0,1.5,189.51,2.5925925925925926,0.01350772889417359,0.48
23,45.09,1,19,0.201,0.0008,0,0,3.8,0.97,2.92,5.35,7.92,4.1,0,1.0434782608695652,45.09,3.9583333333333335,0.0,0.8240999999999999
40,40.03,11,26,0.589,0.0712,1,0,7.6,0.655,4.3,6.6,8.4,6.9,0,1.275,440.33000000000004,3.0232558139534884,0.007574468085106383,4.0641
3,93.03,2,10,0.049,0.1904,0,0,2.1,0.552,3.45,5.27,7.82,2.8,0,1.6666666666666665,186.06,3.225806451612903,0.0,0.1372
21,37.64,1,3,0.504,0.0008,1,1,0.0,0.498,3.97,4.88,8.3,6.3,0,1.0476190476190477,37.64,3.0,8.602150537634408e-05,3.1752
10,94.66,1,173,0.321,0.2759999999999999,1,0,1.1,0.913,4.51,1.0,7.92,4.7,1,1.1,94.66,82.38095238095238,0.03094170403587443,1.5087000000000002
3,68.71,1,57,0.223,0.0152,1,0,1.8,0.336,3.43,2.78,7.71,4.1,1,1.3333333333333333,68.71,20.357142857142858,0.0017451205510907002,0.9142999999999999
15,35.91,4,28,0.26,0.1016,3,0,2.9,0.902,3.49,4.7,6.15,4.6,0,1.2666666666666666,143.64,7.17948717948718,0.042629370629370625,1.196
10,186.6,6,9,0.23,0.084,2,0,0.0,0.612,3.14,4.75,6.53,3.5,0,1.6,1119.6,9.0,0.022310756972111555,0.805
47,23.84,1,6,0.387,0.0712,1,0,4.3,0.704,5.0,6.17,9.1,5.6,0,1.0212765957446808,23.84,1.1320754716981132,0.00704950495049505,2.1672
9,26.29,5,9,0.154,0.1192,2,0,4.0,0.587,3.77,6.05,7.04,3.9,0,1.5555555555555556,131.45,1.8,0.029651741293532343,0.6006
53,70.07,1,23,0.297,0.1096,1,0,3.1,0.213,3.01,4.92,6.98,4.7,0,1.0188679245283019,70.07,5.609756097560976,0.013734335839598997,1.3959
16,285.83,5,6,0.345,0.2352,2,0,2.8,0.777,4.6,5.8,7.48,3.7,0,1.3125,1429.1499999999999,1.5789473684210527,0.05547169811320754,1.2765
24,46.07,7,7,0.543,0.0152,1,0,4.2,0.75,2.34,6.28,6.62,6.5,0,1.2916666666666667,322.49,1.346153846153846,0.001994750656167979,3.5295
20,43.96,1,69,0.306,0.0328,0,0,0.5,0.741,5.0,1.75,9.89,4.9,1,1.05,43.96,46.0,0.0,1.4994
30,80.36,16,7,0.378,0.08,1,0,4.1,0.902,4.1,6.55,8.17,5.2,0,1.5333333333333332,1285.76,1.3725490196078431,0.008724100327153763,1.9656
13,46.67,1,14,0.399,0.0864,3,0,4.8,0.657,4.34,5.93,7.05,5.5,0,1.0769230769230769,46.67,2.413793103448276,0.03219875776397515,2.1945
1,51.41,1,48,0.2,0.0552,1,0,5.2,0.505,4.32,4.37,8.47,4.1,0,2.0,51.41,7.741935483870967,0.005828933474128827,0.82
4,151.89,3,166,0.381,0.088,0,0,2.8,0.572,3.86,1.03,8.57,4.8,1,1.75,455.66999999999996,43.684210526315795,0.0,1.8288
60,89.68,1,21,0.213,0.144,1,0,0.0,0.402,3.0,3.98,6.85,4.0,0,1.0166666666666666,89.68,21.0,0.018343949044585986,0.852
7,82.3,1,1,0.354,0.0192,0,0,4.1,0.174,4.32,6.35,9.26,5.0,0,1.1428571428571428,82.3,0.19607843137254904,0.0,1.77
56,66.62,1,14,0.12,0.0712,3,0,3.1,0.6,2.8,5.37,5.56,3.4,0,1.0178571428571428,66.62,3.414634146341464,0.0325609756097561,0.408
50,21.56,1,11,0.488,0.0048,0,0,2.4,0.251,4.36,5.28,9.34,6.3,0,1.02,21.56,3.235294117647059,0.0,3.0744
36,36.74,1,32,0.269,0.0216,1,0,0.6,0.868,3.28,3.63,7.54,4.7,0,1.0277777777777777,36.74,20.0,0.002529274004683841,1.2643000000000002
21,26.41,6,36,0.3,0.04,0,1,2.8,0.626,3.76,4.33,8.63,4.9,0,1.2857142857142856,158.46,9.473684210526317,0.0,1.47
30,78.55,1,29,0.204,0.0184,1,0,7.2,0.377,2.78,5.98,7.05,4.0,0,1.0333333333333334,78.55,3.536585365853659,0.0022857142857142855,0.816
39,61.21,10,36,0.44,0.0808,4,0,5.3,0.13,3.3,5.3,5.36,5.7,0,1.2564102564102564,612.1,5.714285714285714,0.05081761006289308,2.508
27,88.27,1,3,0.195,0.0784,1,1,3.9,0.35,4.77,6.18,8.84,3.8,0,1.037037037037037,88.27,0.6122448979591836,0.007967479674796748,0.741
49,222.15,1,18,0.133,0.0992,0,0,4.5,0.836,3.22,5.63,7.89,2.6,0,1.0204081632653061,222.15,3.272727272727273,0.0,0.34580000000000005
26,83.74,1,22,0.045,0.1328,2,0,3.1,0.531,2.56,4.97,5.78,2.8,0,1.0384615384615385,83.74,5.365853658536586,0.0391740412979351,0.126
19,27.81,1,19,0.09,0.0848,1,0,3.4,0.432,4.56,5.22,8.61,3.5,0,1.0526315789473684,27.81,4.3181818181818175,0.00882414151925078,0.315
14,50.62,1,52,0.253,0.084,0,0,1.2,0.37,4.46,2.83,9.18,4.5,0,1.0714285714285714,50.62,23.636363636363633,0.0,1.1385
55,125.39,14,8,0.254,0.0512,2,0,0.0,0.852,3.33,5.07,6.83,4.0,0,1.2545454545454544,1755.46,8.0,0.013077905491698596,1.016
52,98.27,1,6,0.299,0.0528,0,0,6.9,0.274,4.49,7.03,9.31,4.5,0,1.0192307692307692,98.27,0.7594936708860759,0.0,1.3455
40,91.4,31,58,0.568,0.1496,1,0,1.6,0.52,4.66,3.67,8.49,6.4,0,1.775,2833.4,22.307692307692307,0.01576396206533193,3.6351999999999998
42,31.5,11,72,0.284,0.0352,1,0,4.0,0.672,2.64,3.1,6.86,4.8,1,1.2619047619047619,346.5,14.4,0.004478371501272265,1.3631999999999997
58,36.04,1,26,0.187,0.1208,1,0,1.8,0.442,5.0,4.33,8.93,4.1,0,1.0172413793103448,36.04,9.285714285714286,0.01216515609264854,0.7666999999999999
31,135.65,1,2,0.303,0.0,1,0,4.0,0.938,3.34,6.27,7.67,4.3,0,1.032258064516129,135.65,0.4,0.0,1.3029
7,30.6,1,12,0.155,0.06,1,0,5.3,0.695,4.51,6.2,8.64,3.9,0,1.1428571428571428,30.6,1.9047619047619049,0.006224066390041493,0.6045
33,62.46,9,31,0.345,0.08,0,1,5.7,0.576,3.32,5.65,8.05,5.0,0,1.2727272727272727,562.14,4.626865671641791,0.0,1.7249999999999999
9,49.72,7,13,0.209,0.1656,1,1,1.8,0.764,4.84,5.18,8.62,4.2,0,1.7777777777777777,348.03999999999996,4.642857142857143,0.017214137214137216,0.8778
2,32.88,1,32,0.031,0.0272,0,0,1.6,0.836,3.96,3.97,8.87,3.0,0,1.5,32.88,12.307692307692307,0.0,0.093
58,102.23,30,35,0.394,0.0136,1,1,3.1,0.74,4.19,5.28,8.48,5.1,0,1.5172413793103448,3066.9,8.536585365853659,0.0014345991561181433,2.0094
60,120.9,16,3,0.494,0.0384,0,0,0.0,0.639,2.94,5.38,7.81,5.7,0,1.2666666666666666,1934.4,3.0,0.0,2.8158
36,145.5,10,23,0.129,0.0376,0,0,6.2,0.551,4.13,6.25,9.0,3.0,0,1.2777777777777777,1455.0,3.194444444444444,0.0,0.387
7,39.97,2,31,0.562,0.1736,4,0,4.9,0.525,3.06,5.15,4.81,6.7,0,1.2857142857142856,79.94,5.2542372881355925,0.11951807228915663,3.7654000000000005
5,34.68,3,6,0.24,0.0088,0,0,5.4,0.542,3.23,6.6,8.2,4.5,0,1.6,104.03999999999999,0.9375,0.0,1.08
22,46.78,1,4,0.165,0.0304,3,0,2.1,0.49,2.48,5.53,5.38,3.9,0,1.0454545454545454,46.78,1.2903225806451613,0.014294670846394984,0.6435
34,74.49,9,15,0.184,0.0328,0,0,4.4,0.716,4.73,6.02,9.62,3.8,0,1.2647058823529411,670.41,2.7777777777777777,0.0,0.6991999999999999
16,69.24,5,25,0.275,0.1104,1,0,2.7,0.476,5.0,4.82,8.97,4.5,0,1.3125,346.2,6.756756756756756,0.011073219658976929,1.2375
14,180.66,1,46,0.289,0.0432,1,1,3.0,0.754,4.79,3.73,8.98,3.9,0,1.0714285714285714,180.66,11.5,0.004328657314629259,1.1271
60,154.38,16,101,0.289,0.0248,0,0,3.5,0.751,3.33,1.7,8.25,4.1,1,1.2666666666666666,2470.08,22.444444444444443,0.0,1.1848999999999998
9,61.67,5,11,0.395,0.2056,2,0,0.0,0.404,1.96,4.62,4.94,5.4,0,1.5555555555555556,308.35,11.0,0.06922558922558922,2.1330000000000005
6,64.19,1,103,0.07,0.2104,1,0,1.5,0.64,3.86,1.0,7.49,3.1,1,1.1666666666666667,64.19,41.2,0.024782096584216727,0.21700000000000003
45,43.02,46,55,0.212,0.04,0,0,2.7,0.95,4.9,4.68,9.77,4.2,0,2.022222222222222,1978.92,14.864864864864865,0.0,0.8904
48,85.82,13,127,0.044,0.1104,1,0,2.3,0.346,3.87,1.2,7.84,2.8,1,1.2708333333333333,1115.6599999999999,38.484848484848484,0.01248868778280543,0.12319999999999999
55,72.52,42,13,0.082,0.076,0,0,3.7,0.541,5.0,6.98,9.75,3.1,0,1.7636363636363637,3045.8399999999997,2.7659574468085104,0.0,0.25420000000000004
51,75.41,39,49,0.166,0.0176,1,1,4.9,0.463,3.19,5.48,7.46,3.7,0,1.7647058823529411,2940.99,8.305084745762711,0.0020803782505910166,0.6142000000000001
37,60.47,10,36,0.549,0.0688,2,0,0.9,0.479,4.13,3.83,7.57,6.5,0,1.2702702702702702,604.7,18.947368421052634,0.016056009334889147,3.5685000000000002
55,112.64,14,31,0.384,0.0536,1,0,4.3,0.563,3.63,5.35,7.78,5.0,0,1.2545454545454544,1576.96,5.849056603773585,0.0061047835990888375,1.92
41,54.86,31,106,0.454,0.016,0,0,2.1,0.396,4.6,1.73,9.55,5.8,1,1.7560975609756098,1700.66,34.193548387096776,0.0,2.6332
2,166.41,1,108,0.335,0.0808,3,0,2.9,0.876,4.27,1.0,7.0,4.3,1,1.5,166.41,27.692307692307693,0.0303,1.4405000000000001
56,22.54,15,10,0.215,0.056,0,1,4.0,0.57,3.79,6.33,8.6,4.4,0,1.2678571428571428,338.09999999999997,2.0,0.0,0.9460000000000001
59,103.54,15,17,0.426,0.1135999999999999,0,0,1.4,0.812,3.31,5.12,7.93,5.4,0,1.2542372881355932,1553.1000000000001,7.083333333333334,0.0,2.3004000000000002
37,53.47,1,5,0.525,0.036,0,1,3.0,0.862,3.75,5.78,8.63,6.4,0,1.027027027027027,53.47,1.25,0.0,3.3600000000000003
44,40.05,12,1,0.378,0.0944,0,0,3.6,0.782,4.21,6.55,8.9,5.4,0,1.2727272727272727,480.59999999999997,0.2173913043478261,0.0,2.0412000000000003
42,130.13,1,5,0.126,0.0168,0,0,4.3,0.748,4.25,6.22,9.19,3.1,0,1.0238095238095237,130.13,0.9433962264150944,0.0,0.3906
42,29.51,1,9,0.481,0.0104,0,0,8.6,0.236,4.45,7.45,9.42,6.2,0,1.0238095238095237,29.51,0.9375,0.0,2.9822
19,58.55,15,30,0.413,0.0136,1,0,0.3,0.457,4.49,4.1,8.78,5.5,0,1.7894736842105263,878.25,23.076923076923077,0.0013905930470347648,2.2715
43,72.89,11,39,0.025,0.1832,2,0,7.9,0.402,3.34,6.05,6.4,2.7,0,1.255813953488372,801.79,4.382022471910112,0.04951351351351351,0.0675
44,163.54,23,4,0.192,0.0896,0,0,1.6,0.584,3.67,6.1,8.37,3.4,0,1.5227272727272727,3761.4199999999996,1.5384615384615383,0.0,0.6528
17,80.38,1,16,0.289,0.1448,0,0,4.8,0.822,4.88,5.83,9.4,4.5,0,1.0588235294117647,80.38,2.7586206896551726,0.0,1.3005
1,20.5,1,15,0.507,0.0176,1,0,0.2,0.55,4.19,4.35,8.46,6.4,0,2.0,20.5,12.5,0.0018604651162790697,3.2448
4,193.12,2,69,0.298,0.0952,0,0,3.3,0.485,3.5,2.72,8.18,3.9,1,1.5,386.24,16.046511627906977,0.0,1.1622
59,101.42,15,2,0.211,0.168,0,0,2.8,0.474,3.48,6.33,7.92,3.9,0,1.2542372881355932,1521.3,0.5263157894736842,0.0,0.8229
60,73.33,1,40,0.072,0.0016,0,0,1.7,0.499,4.65,3.6,9.64,3.1,0,1.0166666666666666,73.33,14.814814814814813,0.0,0.22319999999999998
37,108.29,1,24,0.494,0.0128,1,0,4.1,0.816,3.74,5.2,8.03,5.8,0,1.027027027027027,108.29,4.705882352941177,0.00141749723145072,2.8651999999999997
30,77.25,16,26,0.027,0.0472,2,0,0.7,0.562,2.08,4.47,5.59,2.7,0,1.5333333333333332,1236.0,15.294117647058824,0.014324734446130501,0.0729
46,48.95,12,32,0.136,0.0056,0,0,6.1,0.881,3.02,5.83,8.0,3.7,0,1.2608695652173914,587.4000000000001,4.507042253521127,0.0,0.5032000000000001
30,37.06,1,19,0.249,0.0424,0,0,2.0,0.462,5.0,4.75,9.86,4.5,0,1.0333333333333334,37.06,6.333333333333333,0.0,1.1205
58,19.96,1,37,0.118,0.0968,2,0,5.9,0.804,4.48,5.15,7.82,3.7,0,1.0172413793103448,19.96,5.36231884057971,0.021950113378684806,0.4366
29,25.83,1,54,0.013,0.0336,0,1,3.5,0.349,3.57,3.5,8.46,2.9,0,1.0344827586206897,25.83,12.0,0.0,0.0377
46,54.81,12,13,0.26,0.128,0,0,7.0,0.877,5.0,7.08,9.57,4.5,0,1.2608695652173914,657.72,1.625,0.0,1.17
21,51.99,1,94,0.234,0.0216,0,0,3.0,0.453,4.13,1.33,9.06,4.3,1,1.0476190476190477,51.99,23.5,0.0,1.0062
3,64.23,1,61,0.386,0.0504,1,0,1.7,0.689,4.87,2.55,9.04,5.3,1,1.3333333333333333,64.23,22.59259259259259,0.0050199203187251,2.0458
50,76.54,1,0,0.175,0.0808,2,1,5.8,0.681,4.2,6.97,7.6,3.8,0,1.02,76.54,0.0,0.018790697674418606,0.6649999999999999
25,22.66,1,35,0.189,0.0,0,0,0.4,0.238,5.0,3.42,10.0,4.2,0,1.04,22.66,25.0,0.0,0.7938000000000001
3,84.01,1,1,0.196,0.0656,0,0,1.0,0.805,5.0,5.32,9.78,3.9,0,1.3333333333333333,84.01,0.5,0.0,0.7644
11,26.26,1,54,0.516,0.0168,1,0,0.0,0.666,2.45,2.33,6.73,6.5,1,1.0909090909090908,26.26,54.0,0.002173350582147477,3.354
39,64.25,1,12,0.248,0.0744,1,0,5.4,0.412,4.18,6.23,8.27,4.4,0,1.0256410256410255,64.25,1.875,0.00802588996763754,1.0912000000000002
46,98.37,1,23,0.314,0.0608,0,0,3.0,0.818,4.26,4.88,9.06,4.6,0,1.0217391304347827,98.37,5.75,0.0,1.4444
48,44.76,25,26,0.369,0.1135999999999999,0,0,7.2,0.844,5.0,6.93,9.62,5.3,0,1.5208333333333335,1119.0,3.1707317073170733,0.0,1.9557
37,13.49,10,31,0.238,0.0544,0,0,2.8,0.486,5.0,4.72,9.82,4.6,0,1.2702702702702702,134.9,8.157894736842106,0.0,1.0947999999999998
58,56.1,15,53,0.481,0.0008,1,1,3.3,0.835,4.42,3.95,8.75,6.0,0,1.2586206896551724,841.5,12.325581395348838,8.205128205128206e-05,2.886
21,49.91,1,18,0.046,0.0336,1,0,2.3,0.595,4.37,4.9,8.59,3.0,0,1.0476190476190477,49.91,5.454545454545455,0.0035036496350364962,0.138
45,35.02,12,5,0.225,0.036,0,0,5.4,0.756,2.29,6.95,7.17,4.4,0,1.2666666666666666,420.24,0.78125,0.0,0.9900000000000001
48,48.27,13,5,0.136,0.0304,1,0,7.4,0.609,3.86,7.65,8.09,3.7,0,1.2708333333333333,627.51,0.5952380952380952,0.003344334433443344,0.5032000000000001
14,55.41,8,26,0.168,0.2624,3,0,5.5,0.769,3.49,5.8,5.62,3.8,0,1.5714285714285714,443.28,4.0,0.11891238670694866,0.6384
39,71.08,1,15,0.227,0.1072,0,0,2.4,0.873,4.26,5.08,8.9,4.2,0,1.0256410256410255,71.08,4.411764705882353,0.0,0.9534
42,44.7,1,7,0.2,0.1272,0,1,5.0,0.954,4.36,6.35,8.94,4.1,0,1.0238095238095237,44.7,1.1666666666666667,0.0,0.82
31,48.29,24,34,0.503,0.0656,0,0,1.6,0.332,4.3,4.63,9.08,6.2,0,1.7741935483870968,1158.96,13.076923076923077,0.0,3.1186000000000003
40,56.16,1,31,0.226,0.0944,2,0,1.0,0.543,2.54,3.82,5.89,4.2,1,1.025,56.16,15.5,0.027402031930333817,0.9492
27,121.81,1,61,0.046,0.1224,3,0,5.1,0.405,3.04,3.68,5.63,2.6,1,1.037037037037037,121.81,10.0,0.05538461538461538,0.1196
17,110.14,9,38,0.336,0.0448,0,0,2.2,0.864,4.34,4.13,9.19,4.7,0,1.5294117647058822,991.26,11.875,0.0,1.5792000000000002
24,39.19,7,6,0.17,0.056,1,0,2.9,0.406,4.24,5.9,8.39,4.0,0,1.2916666666666667,274.33,1.5384615384615385,0.005963791267305644,0.68
35,96.69,9,101,0.122,0.0567999999999999,1,0,3.9,0.74,4.23,1.6,8.37,3.3,1,1.2571428571428571,870.21,20.612244897959183,0.006061899679829232,0.40259999999999996
59,116.63,15,5,0.891,0.0288,0,0,4.2,0.799,4.02,6.65,8.92,8.5,0,1.2542372881355932,1749.4499999999998,0.9615384615384615,0.0,7.5735
55,47.34,1,41,0.195,0.0392,0,1,6.1,0.459,4.29,5.02,9.16,4.1,0,1.018181818181818,47.34,5.774647887323944,0.0,0.7995
19,60.98,1,7,0.386,0.0448,0,0,2.6,0.672,3.65,5.55,8.5,5.3,0,1.0526315789473684,60.98,1.9444444444444444,0.0,2.0458
34,103.41,9,53,0.275,0.1632,0,0,1.4,0.352,4.76,3.12,9.22,4.3,1,1.2647058823529411,930.6899999999999,22.083333333333336,0.0,1.1825
3,71.06,1,20,0.066,0.0944,0,0,4.4,0.839,5.0,5.5,9.69,3.0,0,1.3333333333333333,71.06,3.7037037037037033,0.0,0.198
55,62.96,1,3,0.262,0.0712,1,0,0.0,0.866,3.43,4.88,7.53,4.5,0,1.018181818181818,62.96,3.0,0.008347010550996481,1.179
18,40.73,5,18,0.167,0.124,1,0,1.2,0.494,2.98,4.67,6.9,3.9,0,1.2777777777777777,203.64999999999998,8.181818181818182,0.015696202531645567,0.6513
31,35.15,24,17,0.218,0.18,1,1,5.4,0.836,3.96,6.75,7.69,4.3,0,1.7741935483870968,843.5999999999999,2.65625,0.02071346375143843,0.9374
15,83.39,4,14,0.228,0.0376,0,0,2.1,0.638,5.0,5.13,9.87,4.1,0,1.2666666666666666,333.56,4.516129032258064,0.0,0.9348
47,49.29,24,13,0.368,0.0464,1,1,3.3,0.613,4.14,6.25,8.32,5.3,0,1.5106382978723403,1182.96,3.0232558139534884,0.0049785407725321884,1.9504
26,131.12,14,13,0.321,0.0272,1,0,4.8,0.706,3.22,6.42,7.46,4.5,0,1.5384615384615383,1835.68,2.241379310344828,0.0032151300236406615,1.4445000000000001
41,95.16,21,20,0.191,0.12,2,1,5.2,0.644,2.31,6.43,5.58,3.8,0,1.5121951219512195,1998.36,3.225806451612903,0.0364741641337386,0.7258
45,124.21,34,16,0.212,0.1272,0,0,3.3,0.387,4.32,6.43,8.9,3.7,0,1.7555555555555555,4223.139999999999,3.7209302325581395,0.0,0.7844
58,58.62,30,40,0.025,0.0392,3,1,3.5,0.773,4.22,5.17,7.09,2.8,0,1.5172413793103448,1758.6,8.88888888888889,0.014536464771322621,0.06999999999999999
17,40.89,1,0,0.162,0.06,0,0,1.0,0.787,4.7,5.37,9.5,3.9,0,1.0588235294117647,40.89,0.0,0.0,0.6318
13,42.41,4,72,0.493,0.148,0,0,1.3,0.794,3.32,1.97,7.83,6.2,1,1.3076923076923077,169.64,31.30434782608696,0.0,3.0566
18,62.91,10,4,0.347,0.2,0,1,2.8,0.603,5.0,6.07,9.33,5.1,0,1.5555555555555556,629.0999999999999,1.0526315789473684,0.0,1.7696999999999998
12,53.65,7,7,0.39,0.1264,2,1,5.6,0.916,4.47,6.75,7.72,5.4,0,1.5833333333333335,375.55,1.0606060606060606,0.0289908256880734,2.1060000000000003
22,47.08,1,23,0.121,0.1376,2,0,1.2,0.451,4.01,4.28,7.22,3.6,0,1.0454545454545454,47.08,10.454545454545453,0.03347931873479319,0.4356
37,53.14,10,6,0.057,0.0296,2,0,4.8,0.562,4.11,6.63,7.68,3.1,0,1.2702702702702702,531.4,1.0344827586206897,0.006820276497695853,0.17670000000000002
45,43.18,1,23,0.282,0.0088,0,0,3.6,0.678,4.17,5.08,9.14,4.7,0,1.0222222222222221,43.18,5.0,0.0,1.3254
11,13.21,1,18,0.329,0.0552,1,0,2.3,0.423,5.0,4.9,9.15,5.2,0,1.0909090909090908,13.21,5.454545454545455,0.005438423645320197,1.7108
48,98.36,1,35,0.545,0.0096,1,0,0.0,0.873,4.0,3.28,8.3,6.2,0,1.0208333333333333,98.36,35.0,0.0010322580645161289,3.3790000000000004
13,60.6,4,70,0.114,0.1872,2,1,0.0,0.44,2.43,1.63,5.47,3.4,1,1.3076923076923077,242.4,70.0,0.057867078825347765,0.3876
55,71.46,1,11,0.226,0.0632,0,0,4.1,0.76,2.63,5.85,7.42,4.2,0,1.018181818181818,71.46,2.1568627450980395,0.0,0.9492
36,46.22,10,7,0.393,0.0184,0,0,5.5,0.661,4.25,6.82,9.19,5.5,0,1.2777777777777777,462.2,1.0769230769230769,0.0,2.1615
25,92.47,7,3,0.362,0.0016,0,1,5.3,0.76,4.07,6.85,9.06,5.0,0,1.28,647.29,0.4761904761904762,0.0,1.81
56,19.66,1,6,0.25,0.0248,0,0,6.1,0.297,4.53,6.77,9.45,4.6,0,1.0178571428571428,19.66,0.8450704225352114,0.0,1.15
19,44.58,5,71,0.504,0.0952,3,0,0.0,0.774,1.83,1.62,4.51,6.3,1,1.263157894736842,222.89999999999998,71.0,0.05183303085299456,3.1752
1,389.92,1,6,0.235,0.0672,1,0,1.8,0.749,3.98,5.33,8.09,2.3,0,2.0,389.92,2.142857142857143,0.007392739273927393,0.5405
14,87.05,1,15,0.233,0.1768,2,0,2.9,0.917,4.15,5.25,7.23,4.1,0,1.0714285714285714,87.05,3.8461538461538463,0.042964763061968406,0.9552999999999999
2,49.13,1,0,0.258,0.016,0,0,3.3,0.711,5.0,6.13,9.95,4.5,0,1.5,49.13,0.0,0.0,1.161
5,110.41,1,76,0.218,0.0736,0,0,5.9,0.432,3.8,3.2,8.55,3.9,1,1.2,110.41,11.014492753623188,0.0,0.8502
49,50.69,37,6,0.541,0.0016,0,1,1.9,0.583,3.67,6.57,8.66,6.5,0,1.7551020408163265,1875.53,2.0689655172413794,0.0,3.5165
7,33.77,4,2,0.114,0.0528,0,0,1.1,0.693,3.54,5.4,8.36,3.6,0,1.5714285714285714,135.08,0.9523809523809523,0.0,0.41040000000000004
27,38.08,7,37,0.367,0.2064,2,0,1.8,0.759,4.47,3.98,7.45,5.3,0,1.2592592592592593,266.56,13.214285714285715,0.048852071005917166,1.9450999999999998
31,43.69,8,4,0.469,0.0888,0,0,3.3,0.737,4.84,6.17,9.54,6.0,0,1.2580645161290323,349.52,0.9302325581395349,0.0,2.814
41,26.53,1,18,0.341,0.0664,1,0,1.8,0.374,4.19,4.73,8.3,5.2,0,1.024390243902439,26.53,6.428571428571429,0.0071397849462365584,1.7732
16,43.92,1,5,0.484,0.0272,0,1,3.2,0.178,4.92,5.85,9.83,6.1,0,1.0625,43.92,1.1904761904761905,0.0,2.9524
57,25.69,1,74,0.281,0.0344,2,0,3.4,0.534,4.46,2.47,8.01,4.8,1,1.0175438596491229,25.69,16.818181818181817,0.007635960044395117,1.3488
24,70.9,7,9,0.208,0.1208,0,0,4.5,0.821,3.44,6.28,8.04,4.0,0,1.2916666666666667,496.30000000000007,1.6363636363636365,0.0,0.832
46,55.78,1,5,0.28,0.1088,0,0,5.4,0.901,4.45,6.58,9.09,4.6,0,1.0217391304347827,55.78,0.78125,0.0,1.288
33,98.3,25,63,0.142,0.0376,0,0,0.0,0.383,4.52,2.68,9.39,3.4,1,1.7575757575757576,2457.5,63.0,0.0,0.48279999999999995
34,54.14,9,17,0.131,0.012,1,0,3.1,0.667,4.24,5.48,8.53,3.6,0,1.2647058823529411,487.26,4.146341463414634,0.0012591815320041975,0.4716
6,61.08,2,13,0.152,0.088,0,0,3.4,0.454,2.92,5.55,7.63,3.7,0,1.3333333333333333,122.16,2.954545454545454,0.0,0.5624
54,39.47,14,5,0.329,0.3872,2,1,2.5,0.435,3.35,6.05,5.73,5.1,0,1.2592592592592593,552.5799999999999,1.4285714285714286,0.1150668647845468,1.6779
3,41.13,1,26,0.286,0.0376,0,0,2.8,0.759,3.79,4.67,8.66,4.8,0,1.3333333333333333,41.13,6.842105263157895,0.0,1.3727999999999998
34,28.03,18,12,0.254,0.0008,0,0,2.6,0.707,3.84,5.87,8.84,4.6,0,1.5294117647058822,504.54,3.333333333333333,0.0,1.1683999999999999
11,68.53,6,39,0.105,0.0032,0,0,3.1,0.915,2.48,4.28,7.47,3.3,0,1.5454545454545454,411.18,9.51219512195122,0.0,0.3465
21,81.75,1,100,0.641,0.1616,1,0,4.1,0.497,2.17,1.4,5.96,7.0,1,1.0476190476190477,81.75,19.607843137254903,0.0232183908045977,4.487
39,78.59,20,15,0.587,0.056,2,0,0.8,0.718,3.26,5.18,6.74,6.6,0,1.5128205128205128,1571.8000000000002,8.333333333333334,0.014470284237726097,3.8741999999999996
60,19.7,31,3,0.139,0.0408,1,1,6.6,0.648,4.17,8.08,8.37,3.9,0,1.5166666666666666,610.6999999999999,0.39473684210526316,0.004354322305229456,0.5421
42,38.6,11,3,0.554,0.0104,0,0,2.9,0.291,3.95,6.18,8.92,6.6,0,1.2619047619047619,424.6,0.7692307692307693,0.0,3.6564
24,95.15,7,14,0.298,0.1328,0,0,3.9,0.518,3.0,5.83,7.56,4.5,0,1.2916666666666667,666.0500000000001,2.8571428571428568,0.0,1.341
47,68.61,12,3,0.448,0.0168,0,0,0.1,0.382,3.67,5.28,8.61,5.7,0,1.2553191489361701,823.3199999999999,2.727272727272727,0.0,2.5536000000000003
2,96.0,1,21,0.164,0.0048,0,0,3.2,0.804,3.22,5.05,8.2,3.6,0,1.5,96.0,5.0,0.0,0.5904
55,120.45,28,2,0.228,0.0672,1,1,3.9,0.741,4.32,7.13,8.43,3.9,0,1.509090909090909,3372.6,0.4081632653061224,0.007126193001060445,0.8892
36,42.57,19,3,0.411,0.0104,0,0,0.8,0.811,3.3,5.75,8.27,5.6,0,1.5277777777777777,808.83,1.6666666666666665,0.0,2.3015999999999996
30,146.03,8,94,0.6,0.0672,4,1,2.4,0.686,2.41,1.37,4.52,6.3,1,1.2666666666666666,1168.24,27.647058823529413,0.04869565217391304,3.78
60,106.75,16,26,0.318,0.0848,1,0,2.6,0.778,3.31,5.1,7.36,4.6,0,1.2666666666666666,1708.0,7.222222222222222,0.01014354066985646,1.4627999999999999
59,23.84,1,78,0.128,0.0384,0,0,0.0,0.573,5.0,1.13,9.87,3.8,1,1.0169491525423728,23.84,78.0,0.0,0.4864
27,39.17,14,41,0.146,0.0392,1,1,1.5,0.706,3.75,3.92,7.95,3.8,0,1.5185185185185186,548.38,16.4,0.004379888268156425,0.5548
7,137.44,2,44,0.383,0.0808,1,1,0.6,0.739,4.42,3.07,8.48,4.9,0,1.2857142857142856,274.88,27.5,0.008523206751054852,1.8767000000000003
1,56.13,1,3,0.135,0.0528,0,1,4.4,0.425,4.47,6.35,9.29,3.6,0,2.0,56.13,0.5555555555555555,0.0,0.48600000000000004
40,15.52,11,5,0.323,0.0216,0,0,0.0,0.351,2.7,5.12,7.63,5.2,0,1.275,170.72,5.0,0.0,1.6796000000000002
23,93.26,6,18,0.069,0.0248,1,0,3.5,0.34,4.66,5.47,8.91,2.9,0,1.2608695652173914,559.5600000000001,4.0,0.002502522704339051,0.2001
7,97.61,2,21,0.259,0.0832,2,0,3.1,0.747,3.25,5.05,6.64,4.2,0,1.2857142857142856,195.22,5.121951219512195,0.021780104712041885,1.0878
17,56.73,5,26,0.51,0.052,1,0,3.6,0.526,4.81,5.07,8.97,6.2,0,1.2941176470588236,283.65,5.6521739130434785,0.005215646940822467,3.1620000000000004
28,114.67,8,12,0.293,0.0616,3,0,7.3,0.72,1.94,7.1,4.73,4.4,0,1.2857142857142856,917.36,1.4457831325301203,0.03225130890052356,1.2892000000000001
20,10.0,6,78,0.556,0.0808,2,0,0.8,0.805,2.68,1.57,6.08,6.8,1,1.3,60.0,43.333333333333336,0.022824858757062146,3.7808
31,55.58,1,138,0.15,0.0928,0,0,1.8,0.848,3.99,1.0,8.68,3.7,1,1.032258064516129,55.58,49.28571428571429,0.0,0.555
32,44.51,1,55,0.719,0.0344,0,0,0.5,0.708,3.78,2.45,8.67,7.8,1,1.03125,44.51,36.666666666666664,0.0,5.6082
38,98.94,1,23,0.244,0.0008,0,0,0.7,0.741,2.73,4.12,7.73,4.1,0,1.0263157894736843,98.94,13.529411764705882,0.0,1.0004
3,25.04,1,42,0.195,0.0296,1,0,6.0,0.782,5.0,4.93,9.23,4.2,0,1.3333333333333333,25.04,6.0,0.0028934506353861193,0.8190000000000001
57,62.77,29,24,0.331,0.0744,0,0,2.6,0.895,4.81,5.63,9.56,4.9,0,1.5087719298245614,1820.3300000000002,6.666666666666666,0.0,1.6219000000000001
17,65.83,5,28,0.358,0.0184,0,0,1.9,0.543,4.84,4.4,9.78,5.1,0,1.2941176470588236,329.15,9.655172413793103,0.0,1.8257999999999999
43,58.78,1,2,0.156,0.1064,2,0,3.7,0.792,2.92,6.17,6.23,3.7,0,1.0232558139534884,58.78,0.425531914893617,0.029432918395573993,0.5772
20,54.29,1,31,0.087,0.0064,0,1,1.8,0.738,4.2,4.08,9.18,3.3,0,1.05,54.29,11.071428571428573,0.0,0.28709999999999997
31,99.19,8,13,0.384,0.0056,0,0,5.0,0.719,3.24,6.28,8.22,5.1,0,1.2580645161290323,793.52,2.1666666666666665,0.0,1.9584
9,33.6,1,16,0.045,0.1656,3,1,0.0,0.857,2.74,4.23,5.19,3.1,0,1.1111111111111112,33.6,16.0,0.08025848142164782,0.13949999999999999
60,36.71,16,25,0.095,0.008,1,0,0.0,0.597,4.39,4.28,8.7,3.4,0,1.2666666666666666,587.36,25.0,0.0008247422680412372,0.323
23,21.57,1,14,0.132,0.0408,0,0,5.8,0.282,4.45,6.27,9.31,3.8,0,1.0434782608695652,21.57,2.058823529411765,0.0,0.5016
32,45.57,1,2,0.189,0.0336,0,0,2.8,0.644,5.0,5.87,9.89,4.0,0,1.03125,45.57,0.5263157894736842,0.0,0.756
24,61.94,1,6,0.353,0.0992,1,0,3.7,0.6,3.9,5.97,7.9,5.1,0,1.0416666666666667,61.94,1.276595744680851,0.011146067415730336,1.8002999999999998
9,72.62,1,16,0.294,0.0696,0,0,2.1,0.693,3.7,4.93,8.47,4.6,0,1.1111111111111112,72.62,5.161290322580645,0.0,1.3523999999999998
30,27.29,31,5,0.337,0.0856,2,1,1.3,0.399,2.16,6.22,5.54,5.2,0,2.033333333333333,845.99,2.173913043478261,0.02617737003058104,1.7524000000000002
21,24.14,6,24,0.189,0.0144,0,0,3.3,0.425,5.0,5.1,9.95,4.2,0,1.2857142857142856,144.84,5.5813953488372094,0.0,0.7938000000000001
52,73.68,14,20,0.412,0.0928,2,0,4.0,0.835,4.69,5.8,8.05,5.4,0,1.2692307692307692,1031.52,4.0,0.020508287292817676,2.2248
23,33.69,24,6,0.32,0.0784,0,0,4.5,0.207,4.94,7.0,9.68,5.0,0,2.0434782608695654,808.56,1.0909090909090908,0.0,1.6
28,168.22,1,1,0.135,0.036,0,0,7.5,0.576,4.77,7.48,9.65,2.9,0,1.0357142857142858,168.22,0.11764705882352941,0.0,0.3915
46,109.24,1,99,0.532,0.0256,1,0,2.8,0.911,3.07,1.02,7.32,6.1,1,1.0217391304347827,109.24,26.05263157894737,0.003076923076923077,3.2452
6,22.25,1,2,0.283,0.0704,0,0,4.2,0.598,4.71,6.33,9.48,4.8,0,1.1666666666666667,22.25,0.3846153846153846,0.0,1.3583999999999998
20,61.9,11,7,0.148,0.0264,0,0,3.4,0.547,2.99,6.15,7.9,3.7,0,1.55,680.9,1.5909090909090908,0.0,0.5476
15,52.78,1,40,0.609,0.024,0,0,3.5,0.503,4.95,4.2,9.87,6.9,0,1.0666666666666667,52.78,8.88888888888889,0.0,4.2021
50,37.75,1,36,0.071,0.0472,1,0,4.3,0.505,3.88,4.67,8.06,3.3,0,1.02,37.75,6.7924528301886795,0.005209713024282561,0.23429999999999995
57,152.28,15,6,0.178,0.064,3,0,3.6,0.406,3.49,6.4,6.28,3.3,0,1.263157894736842,2284.2,1.3043478260869565,0.026373626373626374,0.5873999999999999
52,43.85,1,30,0.162,0.076,1,0,1.1,0.267,4.42,3.9,8.5,3.9,0,1.0192307692307692,43.85,14.285714285714285,0.008,0.6318
55,36.75,14,37,0.24,0.0192,2,1,3.8,0.819,3.72,4.88,7.32,4.5,0,1.2545454545454544,514.5,7.708333333333334,0.004615384615384615,1.08
27,21.12,7,10,0.057,0.0112,0,0,0.7,0.636,3.45,4.97,8.41,3.3,0,1.2592592592592593,147.84,5.882352941176471,0.0,0.1881
35,35.91,9,11,0.591,0.024,1,0,4.5,0.61,3.33,6.25,7.58,6.9,0,1.2571428571428571,323.18999999999994,2.0,0.002797202797202797,4.0779
21,83.15,1,29,0.462,0.0136,0,0,5.3,0.749,3.62,5.35,8.57,5.7,0,1.0476190476190477,83.15,4.603174603174604,0.0,2.6334000000000004
59,39.21,15,37,0.31,0.1472,2,1,3.6,0.382,4.28,4.85,7.46,4.9,0,1.2542372881355932,588.15,8.043478260869566,0.03479905437352245,1.5190000000000001
40,98.85,1,52,0.358,0.012,1,1,6.0,0.372,3.3,4.43,7.59,4.9,0,1.025,98.85,7.428571428571429,0.0013969732246798604,1.7542
52,103.48,27,134,0.329,0.004,0,1,0.9,0.394,4.5,1.2,9.49,4.7,1,1.5192307692307692,2793.96,70.52631578947368,0.0,1.5463000000000002
12,62.16,1,20,0.1,0.0567999999999999,2,0,4.8,0.916,5.0,5.63,8.48,3.3,0,1.0833333333333333,62.16,3.4482758620689657,0.011983122362869176,0.33
22,133.85,12,1,0.223,0.0472,3,1,4.0,0.481,2.52,6.68,5.36,3.8,0,1.5454545454545454,1606.1999999999998,0.2,0.022264150943396226,0.8473999999999999
5,59.25,4,4,0.323,0.0144,0,0,3.3,0.584,4.53,6.03,9.48,4.9,0,1.8,237.0,0.9302325581395349,0.0,1.5827000000000002
1,50.01,1,45,0.22,0.1048,2,0,4.1,0.662,3.4,4.15,6.72,4.2,0,2.0,50.01,8.823529411764707,0.027150259067357515,0.924
41,103.42,21,26,0.186,0.0512,1,1,3.1,0.264,5.0,5.43,9.16,3.7,0,1.5121951219512195,2171.82,6.341463414634147,0.005039370078740157,0.6882
49,66.11,1,10,0.337,0.3176,4,0,1.2,0.765,1.82,4.93,3.09,5.0,0,1.0204081632653061,66.11,4.545454545454545,0.3106112469437653,1.685
28,121.35,15,18,0.284,0.0904,2,1,4.6,0.721,3.16,6.13,6.53,4.3,0,1.5357142857142856,1820.25,3.2142857142857144,0.024010624169986717,1.2211999999999998
3,45.62,1,7,0.035,0.0224,1,1,6.5,0.77,3.68,6.85,7.94,3.0,0,1.3333333333333333,45.62,0.9333333333333333,0.0025055928411633105,0.10500000000000001
32,185.7,1,8,0.253,0.036,0,0,1.6,0.594,4.34,5.17,9.22,3.7,0,1.03125,185.7,3.0769230769230766,0.0,0.9361
50,79.34,38,4,0.149,0.2112,1,1,0.0,0.909,2.71,6.07,6.34,3.6,0,1.76,3014.92,4.0,0.028773841961852863,0.5364
38,43.73,20,101,0.399,0.036,1,0,2.1,0.44,3.52,1.37,7.73,5.5,1,1.526315789473684,874.5999999999999,32.58064516129032,0.004123711340206185,2.1945
12,73.22,7,63,0.241,0.1368,1,0,2.6,0.818,2.85,2.95,6.73,4.2,1,1.5833333333333335,512.54,17.5,0.017697283311772314,1.0122
54,73.06,14,131,0.108,0.0064,1,1,5.7,0.62,3.36,2.37,7.67,3.3,1,1.2592592592592593,1022.84,19.55223880597015,0.0007381776239907728,0.3564
6,46.39,4,69,0.313,0.2192,1,0,4.5,0.52,3.45,3.18,7.05,4.9,1,1.6666666666666665,185.56,12.545454545454545,0.027229813664596272,1.5337
36,50.06,10,9,0.544,0.02,0,0,2.8,0.756,4.33,5.82,9.26,6.5,0,1.2777777777777777,500.6,2.368421052631579,0.0,3.5360000000000005
54,96.08,14,26,0.163,0.02,1,0,1.6,0.773,3.85,4.7,8.12,3.6,0,1.2592592592592593,1345.12,10.0,0.002192982456140351,0.5868
21,76.84,16,57,0.314,0.0136,1,0,0.5,0.578,4.31,2.85,8.6,4.7,1,1.7619047619047619,1229.44,38.0,0.0014166666666666666,1.4758
51,51.75,1,6,0.089,0.0176,0,0,7.5,0.349,3.77,7.23,8.71,3.3,0,1.0196078431372548,51.75,0.7058823529411765,0.0,0.29369999999999996
26,54.59,14,3,0.148,0.036,2,0,4.8,0.444,3.42,6.92,6.97,3.7,0,1.5384615384615383,764.26,0.5172413793103449,0.00903387703889586,0.5476
3,44.05,1,2,0.246,0.02,0,0,0.0,0.63,3.91,4.93,8.84,4.5,0,1.3333333333333333,44.05,2.0,0.0,1.107
46,267.51,12,5,0.205,0.0184,1,0,3.6,0.32,4.49,6.35,8.76,2.8,0,1.2608695652173914,3210.12,1.0869565217391306,0.0018852459016393444,0.574
54,241.8,14,17,0.287,0.1568,0,0,0.0,0.824,4.69,4.62,9.17,3.6,0,1.2592592592592593,3385.2000000000003,17.0,0.0,1.0332
2,135.4,1,2,0.452,0.0128,0,1,3.4,0.653,4.41,6.07,9.37,5.4,0,1.5,135.4,0.45454545454545453,0.0,2.4408000000000003
43,49.78,11,23,0.563,0.0536,1,0,1.7,0.679,5.0,4.78,9.15,6.6,0,1.255813953488372,547.58,8.518518518518517,0.005280788177339901,3.7157999999999993
9,59.46,3,96,0.26,0.0616,0,0,3.3,0.656,2.37,1.4,7.16,4.5,1,1.3333333333333333,178.38,22.325581395348838,0.0,1.17
38,91.96,20,52,0.037,0.0424,1,0,4.1,0.918,2.97,4.43,7.16,2.7,0,1.526315789473684,1839.1999999999998,10.19607843137255,0.005196078431372549,0.0999
41,91.68,11,3,0.159,0.0704,0,0,2.3,0.964,4.33,5.98,9.1,3.6,0,1.2682926829268293,1008.48,0.9090909090909092,0.0,0.5724
50,50.53,26,7,0.143,0.0016,0,1,1.5,0.209,5.0,6.02,9.99,3.7,0,1.52,1313.78,2.8,0.0,0.5291
52,27.81,1,51,0.49,0.1728,3,0,0.3,0.857,3.61,2.58,6.03,6.3,1,1.0192307692307692,27.81,39.230769230769226,0.0737411095305832,3.0869999999999997
17,32.24,1,8,0.326,0.0128,1,0,4.6,0.427,3.67,6.17,7.96,5.1,0,1.0588235294117647,32.24,1.4285714285714286,0.0014285714285714286,1.6625999999999999
21,35.43,16,41,0.553,0.0096,2,1,2.2,0.264,3.86,4.22,7.49,6.7,0,1.7619047619047619,566.88,12.8125,0.002261484098939929,3.7051000000000003
21,100.7,6,9,0.414,0.0776,1,0,5.1,0.836,4.54,6.45,8.61,5.3,0,1.2857142857142856,604.2,1.4754098360655739,0.008074921956295526,2.1942
43,98.97,1,14,0.123,0.1616,1,0,1.4,0.765,2.2,4.8,5.99,3.3,0,1.0232558139534884,98.97,5.833333333333334,0.02311874105865522,0.4059
41,187.44,21,11,0.51,0.0088,0,0,7.1,0.542,5.0,7.52,9.97,5.4,0,1.5121951219512195,3936.24,1.3580246913580247,0.0,2.7540000000000004
60,36.56,16,6,0.356,0.1792,1,0,1.1,0.603,3.96,5.6,7.7,5.3,0,1.2666666666666666,584.96,2.857142857142857,0.020597701149425288,1.8867999999999998
51,141.04,39,32,0.265,0.016,1,1,4.0,0.556,3.95,6.03,8.23,4.0,0,1.7647058823529411,5500.5599999999995,6.4,0.001733477789815818,1.06
53,36.51,1,6,0.515,0.092,0,0,6.0,0.716,4.21,6.73,8.9,6.4,0,1.0188679245283019,36.51,0.8571428571428571,0.0,3.2960000000000003
35,30.51,9,33,0.297,0.0016,0,0,0.0,0.566,4.94,3.65,9.93,4.9,0,1.2571428571428571,274.59000000000003,33.0,0.0,1.4553
34,15.46,18,9,0.112,0.0744,0,0,0.5,0.368,4.31,5.32,9.06,3.7,0,1.5294117647058822,278.28000000000003,6.0,0.0,0.41440000000000005
59,148.71,15,16,0.228,0.0528,0,1,5.5,0.422,5.0,6.53,9.82,3.7,0,1.2542372881355932,2230.65,2.4615384615384617,0.0,0.8436
56,39.09,15,25,0.317,0.0136,0,1,4.0,0.797,2.84,5.58,7.79,5.0,0,1.2678571428571428,586.35,5.0,0.0,1.585
3,60.16,1,10,0.4,0.0296,0,0,1.2,0.62,4.13,4.93,9.03,5.4,0,1.3333333333333333,60.16,4.545454545454545,0.0,2.16
20,185.53,6,70,0.203,0.0696,0,1,1.1,0.677,3.32,2.07,8.09,3.3,1,1.3,1113.18,33.33333333333333,0.0,0.6699
49,60.63,1,135,0.588,0.0328,3,0,3.1,0.568,2.21,1.07,5.1,6.8,1,1.0204081632653061,60.63,32.926829268292686,0.01613114754098361,3.9983999999999997
53,53.56,40,66,0.709,0.0544,0,0,1.3,0.368,2.73,3.47,7.55,7.6,0,1.7547169811320755,2142.4,28.695652173913047,0.0,5.3884
22,72.22,6,60,0.124,0.0464,0,0,0.0,0.697,4.74,2.2,9.59,3.4,1,1.2727272727272727,433.32,60.0,0.0,0.4216
24,53.63,1,9,0.205,0.064,2,0,4.8,0.419,2.89,6.18,6.34,4.1,0,1.0416666666666667,53.63,1.5517241379310345,0.017438692098092644,0.8404999999999999
43,24.23,11,8,0.686,0.0256,0,0,3.7,0.437,4.97,6.2,9.88,7.7,0,1.255813953488372,266.53000000000003,1.702127659574468,0.0,5.2822000000000005
49,55.94,1,12,0.474,0.144,2,0,4.4,0.386,5.0,5.9,8.19,6.0,0,1.0204081632653061,55.94,2.222222222222222,0.03133841131664853,2.844
29,96.3,1,21,0.326,0.0176,0,0,3.3,0.398,5.0,5.08,9.94,4.7,0,1.0344827586206897,96.3,4.883720930232558,0.0,1.5322
12,79.23,1,8,0.47,0.0864,1,0,2.5,0.505,3.96,5.47,8.01,5.8,0,1.0833333333333333,79.23,2.2857142857142856,0.009589345172031078,2.726
35,169.68,1,27,0.071,0.1512,0,0,2.5,0.65,3.54,4.52,8.04,2.5,0,1.0285714285714285,169.68,7.714285714285714,0.0,0.1775
23,141.03,6,10,0.631,0.0296,2,0,3.3,0.702,3.84,5.8,7.41,6.6,0,1.2608695652173914,846.1800000000001,2.3255813953488373,0.007039239001189061,4.1646
14,54.41,4,45,0.325,0.172,1,1,1.8,0.418,2.86,3.48,6.62,4.9,0,1.2857142857142856,217.64,16.071428571428573,0.022572178477690285,1.5925000000000002
57,108.75,1,12,0.22,0.1064,1,0,1.7,0.875,4.09,5.0,8.07,3.9,0,1.0175438596491229,108.75,4.444444444444444,0.011730981256890849,0.858
31,156.17,8,11,0.486,0.0688,1,0,1.7,0.762,5.0,5.28,9.1,5.5,0,1.2580645161290323,1249.36,4.0740740740740735,0.006811881188118812,2.673
56,119.75,29,14,0.006,0.0632,1,1,4.6,0.299,4.75,6.8,8.87,2.3,0,1.5178571428571428,3472.75,2.5,0.006403242147923,0.0138
54,20.04,1,21,0.262,0.1304,1,0,4.4,0.728,5.0,5.45,8.9,4.7,0,1.0185185185185186,20.04,3.888888888888889,0.01317171717171717,1.2314
39,68.16,1,4,0.441,0.208,2,0,6.4,0.317,2.57,6.97,5.54,5.7,0,1.0256410256410255,68.16,0.5405405405405405,0.06360856269113149,2.5137
24,50.86,7,67,0.49,0.1072,0,1,1.5,0.572,4.08,2.38,8.72,6.1,0,1.2916666666666667,356.02,26.8,0.0,2.989
40,119.3,11,7,0.064,0.0904,1,0,3.9,0.283,3.53,6.32,7.56,2.7,0,1.275,1312.3,1.4285714285714284,0.010560747663551404,0.1728
51,32.38,1,1,0.301,0.132,3,0,7.2,0.818,3.58,7.38,6.14,4.9,0,1.0196078431372548,32.38,0.12195121951219513,0.055462184873949584,1.4749
34,71.26,1,23,0.298,0.2568,2,0,1.6,0.851,2.87,4.42,5.68,4.7,0,1.0294117647058822,71.26,8.846153846153847,0.07688622754491017,1.4006
39,83.99,20,18,0.409,0.0088,0,1,4.6,0.816,4.11,6.3,9.08,5.4,0,1.5128205128205128,1679.8,3.2142857142857144,0.0,2.2086
16,40.97,1,4,0.091,0.188,2,0,0.6,0.104,3.7,5.03,6.74,3.4,0,1.0625,40.97,2.5,0.04857881136950904,0.3094
1,32.15,1,7,0.206,0.0072,1,0,2.4,0.693,4.45,5.48,8.76,4.2,0,2.0,32.15,2.058823529411765,0.0007377049180327869,0.8652
22,21.26,6,21,0.051,0.0184,2,0,0.0,0.246,4.11,4.15,7.72,3.2,0,1.2727272727272727,127.56,21.0,0.004220183486238533,0.1632
14,67.75,8,170,0.112,0.0368,0,0,3.6,0.228,5.0,1.47,9.88,3.4,1,1.5714285714285714,542.0,36.95652173913044,0.0,0.38079999999999997
35,36.79,9,3,0.334,0.0984,1,0,2.0,0.603,4.98,5.82,8.99,5.1,0,1.2571428571428571,331.11,1.0,0.00984984984984985,1.7034
14,198.33,4,1,0.294,0.008,2,0,0.2,0.731,2.77,5.15,6.41,3.9,0,1.2857142857142856,793.32,0.8333333333333334,0.0021592442645074223,1.1465999999999998
55,57.37,28,34,0.084,0.0976,1,1,6.9,0.611,5.0,6.53,9.01,3.2,0,1.509090909090909,1606.36,4.30379746835443,0.00975024975024975,0.26880000000000004
50,107.82,1,69,0.241,0.1344,0,0,3.5,0.957,3.92,2.75,8.47,4.0,0,1.02,107.82,15.333333333333334,0.0,0.964
54,29.84,14,7,0.621,0.0008,0,1,3.6,0.852,3.59,6.32,8.59,7.2,0,1.2592592592592593,417.76,1.5217391304347827,0.0,4.4712000000000005
59,56.13,30,24,0.366,0.0968,2,1,5.3,0.421,3.36,6.57,6.7,5.2,0,1.5084745762711864,1683.9,3.8095238095238098,0.02514285714285714,1.9032
3,216.1,1,11,0.135,0.0024,0,0,2.1,0.439,3.29,5.18,8.28,2.6,0,1.3333333333333333,216.1,3.5483870967741935,0.0,0.35100000000000003
6,79.29,2,24,0.536,0.1728,3,0,2.4,0.916,3.37,4.67,5.79,6.3,0,1.3333333333333333,158.58,7.0588235294117645,0.07634756995581737,3.3768000000000002
59,59.17,15,0,0.132,0.0776,0,0,2.8,0.561,3.6,6.43,8.34,3.6,0,1.2542372881355932,887.5500000000001,0.0,0.0,0.4752
45,70.43,1,11,0.497,0.016,3,0,3.0,0.756,4.13,5.48,7.08,6.1,0,1.0222222222222221,70.43,2.75,0.005940594059405941,3.0317
55,69.81,14,9,0.218,0.0472,1,1,0.4,0.48,2.98,5.15,7.16,4.1,0,1.2545454545454544,977.34,6.428571428571429,0.005784313725490196,0.8937999999999999
11,70.1,1,9,0.534,0.0432,2,0,0.0,0.45,3.8,4.58,7.32,6.3,0,1.0909090909090908,70.1,9.0,0.010384615384615384,3.3642000000000003
37,61.24,19,8,0.297,0.0624,2,1,1.5,0.246,3.71,5.73,7.17,4.7,0,1.5135135135135136,1163.56,3.2,0.015275397796817625,1.3959
27,92.18,1,82,0.239,0.028,0,0,3.7,0.789,3.97,2.17,8.88,4.1,1,1.037037037037037,92.18,17.4468085106383,0.0,0.9798999999999999
29,36.51,1,33,0.482,0.1384,0,0,4.4,0.755,4.49,4.85,9.03,6.2,0,1.0344827586206897,36.51,6.111111111111111,0.0,2.9884
11,61.59,1,16,0.164,0.0232,0,1,5.2,0.582,3.79,5.97,8.71,3.8,0,1.0909090909090908,61.59,2.5806451612903225,0.0,0.6232
2,84.57,1,29,0.448,0.2032,1,0,4.2,0.763,3.19,4.98,6.85,5.6,0,1.5,84.57,5.576923076923077,0.025885350318471338,2.5088
60,23.12,1,38,0.335,0.0272,0,0,0.6,0.619,2.53,3.33,7.44,5.2,0,1.0166666666666666,23.12,23.75,0.0,1.7420000000000002
12,120.12,7,31,0.193,0.0192,0,0,1.1,0.611,3.92,4.05,8.86,3.6,0,1.5833333333333335,840.84,14.761904761904761,0.0,0.6948000000000001
57,42.18,15,59,0.252,0.0104,0,0,3.4,0.615,3.74,3.68,8.71,4.5,0,1.263157894736842,632.7,13.409090909090908,0.0,1.134
24,86.38,1,24,0.056,0.072,3,0,5.3,0.779,2.74,5.6,5.5,2.9,0,1.0416666666666667,86.38,3.8095238095238098,0.03323076923076922,0.1624
59,31.49,1,5,0.312,0.0024,0,1,2.5,0.709,4.43,5.62,9.42,5.0,0,1.0169491525423728,31.49,1.4285714285714286,0.0,1.56
24,57.49,1,82,0.078,0.18,2,0,3.7,0.592,3.79,2.17,6.86,3.2,1,1.0416666666666667,57.49,17.4468085106383,0.045801526717557245,0.24960000000000002
33,33.9,9,34,0.247,0.312,1,0,3.6,0.774,4.87,4.8,8.16,4.5,0,1.2727272727272727,305.09999999999997,7.391304347826088,0.03406113537117904,1.1115
18,161.84,1,49,0.081,0.1896,2,0,3.9,0.573,2.77,3.88,5.8,2.6,1,1.0555555555555556,161.84,10.0,0.05576470588235294,0.2106
40,29.07,21,18,0.426,0.0552,0,1,3.2,0.435,4.9,5.87,9.72,5.8,0,1.525,610.47,4.285714285714286,0.0,2.4707999999999997
21,204.25,6,14,0.432,0.0008,0,0,8.5,0.754,3.68,7.33,8.68,4.8,0,1.2857142857142856,1225.5,1.4736842105263157,0.0,2.0736
22,36.67,6,61,0.196,0.0368,1,0,4.5,0.428,3.93,3.65,8.14,4.2,1,1.2727272727272727,220.02,11.090909090909092,0.004026258205689278,0.8232
19,61.22,5,9,0.318,0.0832,0,0,0.0,0.735,4.23,4.72,8.95,4.9,0,1.263157894736842,306.1,9.0,0.0,1.5582
2,109.93,1,27,0.454,0.0696,0,0,2.1,0.409,5.0,4.38,9.77,5.5,0,1.5,109.93,8.709677419354838,0.0,2.497
17,125.42,1,38,0.552,0.068,1,0,5.0,0.523,3.15,4.8,7.26,6.1,0,1.0588235294117647,125.42,6.333333333333333,0.008232445520581114,3.3672
40,94.23,1,21,0.303,0.0176,0,0,3.3,0.775,5.0,5.08,9.94,4.6,0,1.025,94.23,4.883720930232558,0.0,1.3938
51,146.42,52,5,0.13,0.0112,0,1,0.8,0.517,4.39,6.68,9.35,3.0,0,2.019607843137255,7613.839999999999,2.7777777777777777,0.0,0.39
55,270.68,42,1,0.396,0.0728,0,1,3.4,0.833,4.24,7.48,9.0,4.1,0,1.7636363636363637,11368.56,0.22727272727272727,0.0,1.6236
4,74.84,2,24,0.38,0.0672,2,0,5.1,0.578,2.78,5.57,6.22,5.2,0,1.5,149.68,3.934426229508197,0.018614958448753462,1.9760000000000002
10,47.31,1,8,0.377,0.0672,0,0,6.7,0.64,4.76,6.87,9.54,5.4,0,1.1,47.31,1.0389610389610389,0.0,2.0358
43,24.38,22,41,0.028,0.0536,3,0,3.3,0.78,4.1,4.78,6.92,3.0,0,1.5116279069767442,536.36,9.534883720930234,0.020303030303030302,0.084
14,60.81,4,56,0.429,0.024,0,0,1.7,0.841,4.41,2.9,9.33,5.6,0,1.2857142857142856,243.24,20.74074074074074,0.0,2.4023999999999996
14,63.85,4,44,0.179,0.12,2,1,5.1,0.514,1.81,4.63,5.08,3.9,0,1.2857142857142856,255.4,7.213114754098361,0.039473684210526314,0.6980999999999999
26,28.15,7,18,0.61,0.0384,0,0,4.0,0.35,4.39,5.67,9.26,7.1,0,1.2692307692307692,197.04999999999998,3.6,0.0,4.3309999999999995
11,123.19,1,2,0.266,0.0008,1,1,2.2,0.712,3.52,5.67,7.85,4.1,0,1.0909090909090908,123.19,0.625,9.039548022598871e-05,1.0906
25,53.29,7,60,0.121,0.0496,1,0,3.7,0.573,3.83,3.47,8.0,3.5,1,1.28,373.03,12.76595744680851,0.005511111111111111,0.4235
31,185.74,16,17,0.242,0.0912,0,0,1.8,0.418,5.0,5.28,9.7,3.6,0,1.5161290322580645,2971.84,6.071428571428572,0.0,0.8712
31,55.28,8,15,0.272,0.06,1,0,1.6,0.801,4.18,5.05,8.31,4.6,0,1.2580645161290323,442.24,5.769230769230769,0.006444683136412459,1.2512
31,47.86,1,20,0.163,0.0552,0,0,0.0,0.513,4.92,4.03,9.74,3.9,0,1.032258064516129,47.86,20.0,0.0,0.6357
43,68.53,11,88,0.326,0.04,0,0,1.3,0.308,4.46,1.4,9.33,4.9,1,1.255813953488372,753.83,38.2608695652174,0.0,1.5974000000000002
36,71.24,19,39,0.192,0.072,0,0,3.0,0.203,2.81,4.68,7.57,3.9,0,1.5277777777777777,1353.56,9.75,0.0,0.7488
58,97.13,15,22,0.394,0.0168,0,0,3.9,0.908,2.9,5.7,7.84,5.2,0,1.2586206896551724,1456.9499999999998,4.489795918367347,0.0,2.0488
25,55.93,7,20,0.341,0.1304,0,0,1.1,0.491,4.8,4.6,9.37,5.1,0,1.28,391.51,9.523809523809524,0.0,1.7391
31,42.15,8,6,0.209,0.056,0,0,0.4,0.792,5.0,5.1,9.81,4.2,0,1.2580645161290323,337.2,4.285714285714286,0.0,0.8778
23,26.73,1,35,0.195,0.0016,0,0,4.1,0.23,3.6,4.65,8.59,4.2,0,1.0434782608695652,26.73,6.862745098039216,0.0,0.8190000000000001
42,47.37,11,24,0.156,0.3088,2,0,1.6,0.623,4.38,4.7,7.02,3.8,0,1.2619047619047619,521.0699999999999,9.23076923076923,0.0770074812967581,0.5928
14,63.66,4,42,0.462,0.0144,0,0,0.0,0.739,4.43,3.03,9.38,5.9,0,1.2857142857142856,254.64,42.0,0.0,2.7258000000000004
50,35.33,13,6,0.311,0.0064,1,0,1.4,0.473,3.22,5.6,7.53,5.0,0,1.26,459.28999999999996,2.5,0.0007502930832356388,1.555
17,40.01,5,11,0.237,0.0176,0,0,5.3,0.355,4.24,6.38,9.18,4.4,0,1.2941176470588236,200.04999999999998,1.746031746031746,0.0,1.0428
6,74.13,2,31,0.345,0.1616,0,0,5.0,0.443,5.0,5.18,9.46,5.0,0,1.3333333333333333,148.26,5.166666666666667,0.0,1.7249999999999999
5,102.42,3,12,0.212,0.24,1,0,2.2,0.934,5.0,5.23,8.53,3.9,0,1.6,307.26,3.75,0.025183630640083946,0.8268
19,19.44,1,55,0.193,0.0008,2,0,1.5,0.763,4.66,2.78,8.32,4.2,1,1.0526315789473684,19.44,22.0,0.00017167381974248928,0.8106000000000001
38,45.84,1,32,0.317,0.0136,0,0,4.7,0.928,3.29,5.0,8.24,4.9,0,1.0263157894736843,45.84,5.614035087719298,0.0,1.5533000000000001
43,74.33,11,3,0.144,0.0944,1,0,5.4,0.492,3.15,7.02,7.17,3.6,0,1.255813953488372,817.63,0.46875,0.011554467564259485,0.5184
12,24.0,1,36,0.185,0.0616,0,0,2.8,0.174,5.0,4.17,9.79,4.2,0,1.0833333333333333,24.0,9.473684210526317,0.0,0.777
35,192.42,36,2,0.637,0.0096,0,0,0.0,0.452,3.85,6.1,8.82,6.3,0,2.0285714285714285,6927.12,2.0,0.0,4.0131
15,28.12,1,57,0.077,0.012,0,1,4.7,0.674,2.92,3.75,7.88,3.4,0,1.0666666666666667,28.12,10.0,0.0,0.2618
56,123.6,29,27,0.57,0.064,0,0,5.6,0.612,2.85,6.48,7.64,6.2,0,1.5178571428571428,3584.3999999999996,4.090909090909091,0.0,3.534
36,129.66,28,1,0.017,0.0392,1,1,1.7,0.453,4.85,6.45,9.05,2.3,0,1.7777777777777777,3630.48,0.37037037037037035,0.0039004975124378107,0.0391
22,40.45,12,92,0.164,0.0392,2,0,6.1,0.535,5.0,2.83,8.54,3.9,1,1.5454545454545454,485.40000000000003,12.95774647887324,0.008218029350104822,0.6396000000000001
13,66.72,1,10,0.403,0.0496,1,0,2.4,0.71,3.82,5.33,7.99,5.4,0,1.0769230769230769,66.72,2.9411764705882355,0.005517241379310344,2.1762
46,46.73,24,40,0.559,0.0352,1,0,4.7,0.607,2.34,5.37,6.56,6.6,0,1.5217391304347827,1121.52,7.017543859649122,0.004656084656084657,3.6894
14,30.39,1,61,0.5,0.0888,1,0,2.6,0.734,4.71,2.85,8.75,6.3,1,1.0714285714285714,30.39,16.944444444444443,0.009107692307692308,3.15
6,56.5,1,5,0.318,0.0296,0,0,1.2,0.831,3.59,5.18,8.49,4.9,0,1.1666666666666667,56.5,2.2727272727272725,0.0,1.5582
11,91.88,3,3,0.361,0.168,1,0,4.8,0.705,4.4,6.55,8.17,5.0,0,1.2727272727272727,275.64,0.5172413793103449,0.0183206106870229,1.805
30,58.39,8,11,0.343,0.0752,1,0,4.1,0.947,3.47,6.08,7.55,5.1,0,1.2666666666666666,467.12,2.1568627450980395,0.0087953216374269,1.7493
55,57.49,1,31,0.414,0.2712,3,0,4.9,0.867,3.47,5.12,5.57,5.6,0,1.018181818181818,57.49,5.2542372881355925,0.12383561643835615,2.3183999999999996
3,36.71,3,16,0.192,0.1368,1,0,6.3,0.317,5.0,6.4,8.88,4.1,0,2.0,110.13,2.191780821917808,0.013846153846153845,0.7871999999999999
9,99.46,3,12,0.191,0.036,0,1,2.4,0.124,4.32,5.3,9.2,3.7,0,1.3333333333333333,298.38,3.5294117647058822,0.0,0.7067
15,34.03,1,17,0.764,0.0616,3,0,0.8,0.175,2.57,4.45,5.36,8.1,0,1.0666666666666667,34.03,9.444444444444445,0.029056603773584908,6.1884
7,68.52,4,3,0.31,0.1176,1,0,2.8,0.931,3.28,5.92,7.22,4.8,0,1.5714285714285714,274.08,0.7894736842105263,0.014306569343065696,1.488
4,69.98,2,10,0.473,0.1344,0,0,3.2,0.558,3.79,5.63,8.34,5.9,0,1.5,139.96,2.380952380952381,0.0,2.7907
32,33.16,1,8,0.057,0.0584,2,0,6.5,0.281,3.51,6.8,6.98,3.2,0,1.03125,33.16,1.0666666666666667,0.014636591478696741,0.1824
12,64.68,10,17,0.446,0.0896,1,0,6.3,0.861,4.7,6.58,8.73,5.7,0,1.8333333333333335,646.8000000000001,2.328767123287671,0.00920863309352518,2.5422000000000002
25,132.42,26,100,0.37,0.1032,1,0,2.9,0.58,4.21,1.83,8.2,4.8,1,2.04,3442.9199999999996,25.641025641025642,0.011217391304347827,1.776
32,61.71,1,79,0.494,0.0848,2,0,2.5,0.652,2.69,1.92,6.07,6.1,1,1.03125,61.71,22.571428571428573,0.023988684582743988,3.0134
15,103.83,8,29,0.622,0.068,3,1,0.1,0.667,4.07,3.85,6.84,6.7,0,1.5333333333333332,830.64,26.36363636363636,0.02602040816326531,4.1674
30,133.91,1,48,0.301,0.0208,1,0,3.7,0.788,3.09,3.87,7.35,4.3,0,1.0333333333333334,133.91,10.212765957446807,0.002491017964071856,1.2943
27,41.36,7,35,0.078,0.0704,0,0,4.3,0.289,3.42,4.92,8.19,3.3,0,1.2592592592592593,289.52,6.60377358490566,0.0,0.25739999999999996
50,79.2,1,3,0.246,0.02,1,0,2.0,0.161,3.47,5.55,7.74,4.2,0,1.02,79.2,1.0,0.002288329519450801,1.0332000000000001
8,23.81,7,48,0.326,0.1672,3,0,5.5,0.171,3.3,4.67,5.74,5.1,1,1.875,166.67,7.384615384615385,0.07442136498516319,1.6625999999999999
27,106.32,14,123,0.225,0.0552,0,0,3.5,0.523,4.44,1.63,9.26,3.9,1,1.5185185185185186,1488.48,27.333333333333332,0.0,0.8775
15,102.06,4,14,0.441,0.024,1,0,0.0,0.273,4.59,4.43,8.84,5.5,0,1.2666666666666666,408.24,14.0,0.0024390243902439024,2.4255
6,225.88,1,6,0.166,0.0712,2,0,3.0,0.799,2.55,5.73,5.98,2.8,0,1.1666666666666667,225.88,1.5,0.020401146131805156,0.4648
49,57.19,13,86,0.117,0.0288,0,0,1.2,0.718,4.59,1.53,9.49,3.5,1,1.2653061224489797,743.47,39.090909090909086,0.0,0.40950000000000003
59,94.7,15,4,0.09,0.08,1,0,3.7,0.939,4.21,6.53,8.28,3.1,0,1.2542372881355932,1420.5,0.851063829787234,0.008620689655172415,0.27899999999999997
51,41.26,26,32,0.334,0.1248,0,0,2.0,0.714,5.0,4.93,9.58,5.1,0,1.5098039215686274,1072.76,10.666666666666666,0.0,1.7034
33,95.65,9,11,0.424,0.0096,1,1,3.2,0.483,4.32,5.82,8.62,5.4,0,1.2727272727272727,860.85,2.619047619047619,0.000997920997920998,2.2896
21,87.7,11,22,0.158,0.0488,0,0,1.8,0.808,4.11,4.87,8.95,3.6,0,1.5238095238095237,964.7,7.857142857142858,0.0,0.5688
53,134.27,14,71,0.306,0.0448,1,0,2.8,0.647,2.2,2.85,6.38,4.3,1,1.2641509433962264,1879.7800000000002,18.68421052631579,0.006070460704607046,1.3157999999999999
24,473.67,7,17,0.264,0.0152,1,0,5.7,0.666,3.23,6.28,7.51,2.0,0,1.2916666666666667,3315.69,2.5373134328358207,0.0017861339600470036,0.528
23,14.12,1,12,0.179,0.1616,1,0,4.2,0.919,4.0,5.83,7.79,4.2,0,1.0434782608695652,14.12,2.3076923076923075,0.01838452787258248,0.7518
40,45.75,1,27,0.074,0.0944,2,0,0.0,0.831,2.85,3.68,6.2,3.2,0,1.025,45.75,27.0,0.02622222222222222,0.2368
14,109.13,1,10,0.13,0.092,2,1,6.7,0.8,3.21,6.77,6.57,3.3,0,1.0714285714285714,109.13,1.2987012987012987,0.024306472919418756,0.429
39,48.02,1,10,0.06,0.0232,0,0,3.3,0.445,4.49,5.63,9.41,3.1,0,1.0256410256410255,48.02,2.3255813953488373,0.0,0.186
24,123.7,7,25,0.146,0.1208,0,0,6.2,0.667,4.41,6.05,9.01,3.3,0,1.2916666666666667,865.9,3.4722222222222223,0.0,0.48179999999999995
41,14.27,21,30,0.354,0.0824,2,0,1.9,0.836,2.98,4.83,6.37,5.4,0,1.5121951219512195,299.67,10.344827586206897,0.022360922659430123,1.9116
31,85.41,1,29,0.318,0.0312,2,0,4.2,0.609,4.74,4.98,8.3,4.7,0,1.032258064516129,85.41,5.576923076923077,0.006709677419354838,1.4946000000000002
60,59.58,16,27,0.463,0.004,0,0,3.3,0.555,2.04,5.28,7.03,5.9,0,1.2666666666666666,953.28,6.279069767441861,0.0,2.7317000000000005
43,57.9,1,35,0.291,0.028,1,0,6.2,0.331,4.24,5.35,8.48,4.7,0,1.0232558139534884,57.9,4.861111111111111,0.002953586497890295,1.3677
3,36.63,1,3,0.164,0.1352,5,0,2.5,0.588,3.38,5.72,4.6,3.9,0,1.3333333333333333,36.63,0.8571428571428571,0.1207142857142857,0.6396000000000001
47,50.15,12,6,0.694,0.104,1,0,4.0,0.646,4.01,6.43,8.0,7.6,0,1.2553191489361701,601.8,1.2,0.011555555555555555,5.274399999999999
21,67.71,1,90,0.488,0.0152,1,0,4.1,0.507,3.6,1.9,7.88,6.0,1,1.0476190476190477,67.71,17.647058823529413,0.0017117117117117118,2.928
20,101.33,1,13,0.389,0.0192,2,1,2.4,0.845,2.79,5.18,6.39,5.1,0,1.05,101.33,3.823529411764706,0.005196211096075778,1.9839
28,27.61,1,16,0.366,0.028,2,0,0.0,0.793,3.66,4.23,7.23,5.4,0,1.0357142857142858,27.61,16.0,0.0068043742405832315,1.9764000000000002
37,108.0,1,42,0.285,0.096,1,0,4.6,0.934,3.88,4.47,7.89,4.3,0,1.027027027027027,108.0,7.500000000000001,0.01079865016872891,1.2254999999999998
5,65.9,2,19,0.17,0.0688,0,0,4.5,0.481,5.0,5.62,9.77,3.8,0,1.4,131.8,3.4545454545454546,0.0,0.646
16,124.51,5,20,0.314,0.0424,1,0,2.0,0.757,3.37,4.83,7.56,4.5,0,1.3125,622.5500000000001,6.666666666666667,0.004953271028037384,1.413
27,25.92,21,7,0.288,0.0312,0,1,1.6,0.375,4.55,5.88,9.45,4.9,0,1.7777777777777777,544.32,2.692307692307692,0.0,1.4112
23,51.86,6,9,0.394,0.0208,0,0,5.3,0.802,3.98,6.52,8.91,5.4,0,1.2608695652173914,311.15999999999997,1.4285714285714286,0.0,2.1276
32,74.76,1,42,0.506,0.016,1,0,5.9,0.824,4.31,4.9,8.59,6.1,0,1.03125,74.76,6.08695652173913,0.0016684045881126173,3.0866
30,41.07,8,10,0.136,0.0608,0,0,1.9,0.274,4.0,5.4,8.8,3.7,0,1.2666666666666666,328.56,3.4482758620689657,0.0,0.5032000000000001
6,37.8,2,18,0.14,0.0112,2,1,7.7,0.748,3.61,6.73,7.24,3.8,0,1.3333333333333333,75.6,2.0689655172413794,0.0027184466019417475,0.532
7,239.63,4,29,0.214,0.072,1,0,3.5,0.474,5.0,4.85,9.09,3.1,0,1.5714285714285714,958.52,6.444444444444445,0.007135777998017839,0.6634
15,47.18,8,9,0.497,0.0728,1,0,5.2,0.648,2.74,6.55,6.83,6.2,0,1.5333333333333332,377.44,1.4516129032258065,0.009297573435504471,3.0814
54,84.42,28,6,0.316,0.016,0,1,3.7,0.642,3.18,6.87,8.13,4.7,0,1.5185185185185186,2363.76,1.276595744680851,0.0,1.4852
18,62.23,1,17,0.385,0.0232,3,0,5.1,0.492,4.85,5.88,7.77,5.3,0,1.0555555555555556,62.23,2.7868852459016393,0.007936145952109465,2.0404999999999998
41,81.46,21,44,0.213,0.168,3,0,0.9,0.736,2.54,3.8,4.98,4.0,0,1.5121951219512195,1710.6599999999999,23.157894736842106,0.08428093645484949,0.852
46,127.51,24,59,0.036,0.0512,0,0,3.6,0.775,4.86,4.05,9.69,2.5,0,1.5217391304347827,3060.2400000000002,12.82608695652174,0.0,0.09
15,68.39,12,12,0.265,0.1048,0,0,4.2,0.728,4.02,6.2,8.67,4.4,0,1.8,820.6800000000001,2.3076923076923075,0.0,1.1660000000000001
3,45.4,1,7,0.084,0.0768,0,0,3.3,0.305,5.0,5.78,9.74,3.3,0,1.3333333333333333,45.4,1.627906976744186,0.0,0.2772
54,77.22,28,21,0.433,0.1448,0,1,2.5,0.536,3.42,5.72,7.94,5.6,0,1.5185185185185186,2162.16,6.0,0.0,2.4248
51,181.46,13,35,0.261,0.0032,0,0,2.7,0.473,5.0,4.58,9.99,3.7,0,1.2549019607843137,2358.98,9.45945945945946,0.0,0.9657000000000001
7,51.69,1,20,0.037,0.0,0,0,1.3,0.765,3.87,4.47,8.87,2.9,0,1.1428571428571428,51.69,8.695652173913045,0.0,0.10729999999999999
43,38.14,22,27,0.184,0.12,4,1,2.3,0.753,2.73,5.15,4.66,4.1,0,1.5116279069767442,839.08,8.181818181818182,0.08480565371024734,0.7544
34,63.4,18,85,0.414,0.0624,0,0,5.3,0.798,3.14,3.12,7.93,5.5,1,1.5294117647058822,1141.2,13.492063492063492,0.0,2.2769999999999997
31,26.97,8,54,0.233,0.0064,0,0,0.8,0.804,5.0,2.83,9.98,4.5,0,1.2580645161290323,215.76,30.0,0.0,1.0485
1,35.1,1,13,0.741,0.0592,2,1,7.9,0.918,4.12,7.02,7.59,8.0,0,2.0,35.1,1.4606741573033708,0.013783469150174622,5.928
6,153.51,1,18,0.047,0.0064,0,0,4.7,0.469,4.99,5.7,9.97,2.4,0,1.1666666666666667,153.51,3.1578947368421053,0.0,0.1128
30,55.35,16,11,0.227,0.0408,1,0,2.3,0.448,2.83,5.75,7.03,4.3,0,1.5333333333333332,885.6,3.3333333333333335,0.005080946450809464,0.9761
3,65.52,1,77,0.265,0.1168,0,0,3.3,0.635,4.18,2.28,8.79,4.5,1,1.3333333333333333,65.52,17.906976744186046,0.0,1.1925000000000001
14,57.07,8,19,0.113,0.0016,0,0,4.1,0.84,4.94,5.68,9.93,3.4,0,1.5714285714285714,456.56,3.7254901960784315,0.0,0.3842
51,68.5,39,17,0.23,0.0344,0,1,1.2,0.352,5.0,5.85,9.89,4.2,0,1.7647058823529411,2671.5,7.727272727272727,0.0,0.9660000000000001
5,110.48,2,8,0.326,0.0912,1,0,4.0,0.581,4.22,6.0,8.25,4.6,0,1.4,220.96,1.6,0.00985945945945946,1.4996
53,56.4,1,17,0.153,0.0432,0,0,2.6,0.852,2.62,5.05,7.48,3.7,0,1.0188679245283019,56.4,4.722222222222222,0.0,0.5661
43,33.37,22,54,0.164,0.0432,1,0,4.8,0.682,3.62,4.63,7.81,3.9,0,1.5116279069767442,734.14,9.310344827586206,0.004903518728717368,0.6396000000000001
56,22.52,15,111,0.398,0.0328,0,0,1.8,0.557,4.77,1.1,9.66,5.7,1,1.2678571428571428,337.8,39.642857142857146,0.0,2.2686
23,45.72,1,8,0.28,0.0648,1,0,0.0,0.896,3.45,4.63,7.57,4.7,0,1.0434782608695652,45.72,8.0,0.007561260210035005,1.3160000000000003
56,53.97,29,55,0.252,0.008,0,1,3.5,0.531,3.49,4.38,8.46,4.4,0,1.5178571428571428,1565.1299999999999,12.222222222222221,0.0,1.1088
27,46.04,1,16,0.575,0.004,1,0,0.4,0.812,4.54,4.37,8.86,6.7,0,1.037037037037037,46.04,11.428571428571429,0.0004056795131845842,3.8524999999999996
4,54.1,3,8,0.195,0.0688,0,1,6.3,0.493,5.0,6.8,9.77,4.0,0,1.75,162.3,1.095890410958904,0.0,0.78
5,58.28,3,61,0.24,0.0472,0,0,1.9,0.471,3.13,2.68,7.97,4.3,1,1.6,174.84,21.03448275862069,0.0,1.032
12,33.21,7,2,0.296,0.088,0,0,5.3,0.687,3.69,6.9,8.4,4.9,0,1.5833333333333335,232.47,0.31746031746031744,0.0,1.4504000000000001
15,31.21,4,41,0.063,0.0288,0,0,3.9,0.322,3.81,4.38,8.71,3.3,0,1.2666666666666666,124.84,8.36734693877551,0.0,0.2079
33,60.39,1,22,0.35,0.1064,1,0,1.1,0.415,4.78,4.3,8.76,5.1,0,1.0303030303030303,60.39,10.476190476190476,0.010901639344262295,1.7849999999999997
26,84.47,14,100,0.207,0.0616,0,0,3.5,0.537,5.0,1.63,9.79,3.9,1,1.5384615384615383,1182.58,22.22222222222222,0.0,0.8072999999999999
7,39.42,2,85,0.581,0.0232,0,0,6.1,0.81,4.13,2.85,9.05,6.8,1,1.2857142857142856,78.84,11.971830985915494,0.0,3.9507999999999996
24,97.6,1,30,0.117,0.0616,0,0,0.7,0.877,3.85,3.77,8.64,3.2,0,1.0416666666666667,97.6,17.647058823529413,0.0,0.37440000000000007
20,36.85,6,29,0.029,0.02,0,0,3.2,0.804,5.0,4.82,9.93,3.0,0,1.3,221.10000000000002,6.904761904761904,0.0,0.08700000000000001
41,80.53,11,28,0.281,0.1496,2,0,1.4,0.7,3.6,4.43,6.77,4.5,1,1.2682926829268293,885.83,11.666666666666668,0.03850707850707851,1.2645000000000002
60,171.05,16,37,0.305,0.0816,2,1,1.0,0.854,2.43,4.02,5.82,4.1,0,1.2666666666666666,2736.8,18.5,0.023929618768328446,1.2505
25,107.47,13,67,0.239,0.144,1,1,3.5,0.803,3.92,3.25,7.77,4.0,1,1.52,1397.11,14.88888888888889,0.016419612314709234,0.956
20,94.69,6,7,0.189,0.0816,1,0,1.1,0.317,3.49,5.22,7.55,3.8,0,1.3,568.14,3.333333333333333,0.009543859649122808,0.7182
58,37.9,15,1,0.324,0.096,1,1,1.2,0.803,4.31,5.85,8.32,5.0,0,1.2586206896551724,568.5,0.45454545454545453,0.010300429184549357,1.62
17,66.25,9,75,0.212,0.1488,1,0,0.5,0.681,3.68,1.72,7.52,4.1,1,1.5294117647058822,596.25,50.0,0.017464788732394366,0.8691999999999999
27,162.14,1,28,0.176,0.008,0,0,2.3,0.884,4.12,4.4,9.09,3.3,0,1.037037037037037,162.14,8.484848484848484,0.0,0.5808
36,149.72,19,2,0.498,0.0104,1,1,4.2,0.637,4.43,6.93,8.73,5.6,0,1.5277777777777777,2844.68,0.3846153846153846,0.0010688591983556012,2.7887999999999997
35,124.23,1,69,0.209,0.0456,0,0,4.8,0.292,5.0,3.18,9.85,3.7,0,1.0285714285714285,124.23,11.89655172413793,0.0,0.7733
48,82.1,1,16,0.1,0.0888,0,0,1.6,0.876,4.05,4.77,8.75,3.2,0,1.0208333333333333,82.1,6.153846153846153,0.0,0.32000000000000006
9,81.47,1,61,0.24,0.1608,1,0,4.1,0.781,4.32,3.35,8.12,4.2,1,1.1111111111111112,81.47,11.96078431372549,0.017631578947368422,1.008
29,22.81,8,33,0.052,0.0224,0,0,1.7,0.604,3.42,4.18,8.35,3.2,0,1.2758620689655173,182.48,12.222222222222221,0.0,0.1664
17,44.56,5,2,0.189,0.072,1,1,4.6,0.429,4.12,6.6,8.21,4.1,0,1.2941176470588236,222.8,0.35714285714285715,0.00781758957654723,0.7748999999999999
54,222.0,14,15,0.139,0.0144,0,0,0.8,0.834,3.56,4.98,8.51,2.6,0,1.2592592592592593,3108.0,8.333333333333334,0.0,0.36140000000000005
7,98.51,1,2,0.362,0.1744,1,0,1.1,0.815,1.89,5.3,5.64,4.9,0,1.1428571428571428,98.51,0.9523809523809523,0.026265060240963856,1.7738
48,268.21,1,7,0.097,0.0264,2,0,1.2,0.235,3.74,5.08,7.32,2.1,0,1.0208333333333333,268.21,3.1818181818181817,0.006346153846153846,0.20370000000000002
13,82.64,10,58,0.355,0.1464,0,0,5.4,0.51,4.18,4.23,8.69,5.0,0,1.7692307692307692,826.4,9.0625,0.0,1.775
18,36.15,5,47,0.097,0.0832,0,0,2.3,0.848,4.26,3.58,8.98,3.5,0,1.2777777777777777,180.75,14.242424242424244,0.0,0.3395
40,55.64,11,30,0.261,0.0624,0,0,2.8,0.362,4.44,4.8,9.23,4.5,0,1.275,612.04,7.894736842105264,0.0,1.1745
34,121.99,35,11,0.628,0.044,0,0,7.2,0.529,3.62,8.02,8.47,6.7,0,2.0294117647058822,4269.65,1.3414634146341464,0.0,4.2076
11,99.42,3,61,0.202,0.0024,1,0,1.8,0.551,5.0,2.65,9.33,3.8,1,1.2727272727272727,298.26,21.78571428571429,0.0002323330106485963,0.7676000000000001
14,182.78,1,140,0.328,0.128,2,0,1.4,0.414,4.17,1.0,7.41,4.2,1,1.0714285714285714,182.78,58.333333333333336,0.030439952437574316,1.3776000000000002
52,126.38,14,1,0.313,0.0144,1,1,6.1,0.374,3.41,7.45,7.7,4.4,0,1.2692307692307692,1769.32,0.14084507042253522,0.0016551724137931036,1.3772000000000002
16,15.64,1,26,0.203,0.2759999999999999,1,0,0.7,0.569,4.2,3.97,7.61,4.3,0,1.0625,15.64,15.294117647058824,0.032055749128919855,0.8729
43,88.6,22,29,0.462,0.1664,1,0,6.9,0.316,5.0,6.58,8.78,5.7,0,1.5116279069767442,1949.1999999999998,3.670886075949367,0.017014314928425357,2.6334000000000004
19,244.98,5,5,0.22,0.136,0,1,4.9,0.544,4.4,6.55,8.95,3.1,0,1.263157894736842,1224.8999999999999,0.847457627118644,0.0,0.682
9,104.84,1,47,0.238,0.0464,0,1,1.6,0.318,3.82,3.22,8.67,4.0,0,1.1111111111111112,104.84,18.076923076923077,0.0,0.952
29,31.86,1,65,0.12,0.1135999999999999,1,0,5.5,0.689,5.0,3.62,8.95,3.6,0,1.0344827586206897,31.86,10.0,0.01141708542713567,0.432
9,102.1,3,4,0.743,0.0152,0,0,0.0,0.158,4.35,4.9,9.3,7.6,0,1.3333333333333333,306.29999999999995,4.0,0.0,5.6468
59,70.97,15,50,0.315,0.164,2,0,3.1,0.655,3.51,4.03,6.63,4.8,0,1.2542372881355932,1064.55,12.195121951219512,0.042988204456094366,1.512
2,57.82,2,53,0.03,0.012,2,0,2.9,0.685,4.1,3.38,7.73,2.9,1,2.0,115.64,13.58974358974359,0.00274914089347079,0.087
40,115.16,11,57,0.115,0.2464,3,1,3.6,0.775,3.85,3.72,6.03,3.1,0,1.275,1266.76,12.391304347826088,0.105149359886202,0.35650000000000004
56,61.59,1,18,0.408,0.02,0,0,4.4,0.118,3.33,5.6,8.26,5.5,0,1.0178571428571428,61.59,3.333333333333333,0.0,2.2439999999999998
57,42.47,29,34,0.183,0.016,1,0,7.0,0.776,2.53,6.6,6.81,4.0,0,1.5087719298245614,1231.6299999999999,4.25,0.0020486555697823306,0.732
7,50.2,4,20,0.131,0.0528,1,0,1.1,0.804,3.9,4.5,8.06,3.6,0,1.5714285714285714,200.8,9.523809523809524,0.005827814569536424,0.4716
57,23.77,29,21,0.345,0.0552,0,0,2.2,0.514,4.21,5.65,9.03,5.3,0,1.5087719298245614,689.33,6.5625,0.0,1.8284999999999998
36,119.58,28,18,0.136,0.0128,0,0,4.9,0.67,3.27,6.67,8.23,3.2,0,1.7777777777777777,3348.24,3.0508474576271185,0.0,0.43520000000000003
21,46.5,6,2,0.291,0.0567999999999999,2,0,2.5,0.657,4.1,5.93,7.58,4.8,0,1.2857142857142856,279.0,0.5714285714285714,0.013240093240093216,1.3967999999999998
23,26.9,6,5,0.576,0.1399999999999999,3,0,3.1,0.806,3.67,5.98,6.2,6.9,0,1.2608695652173914,161.39999999999998,1.2195121951219514,0.05833333333333329,3.9743999999999997
36,39.17,19,74,0.195,0.1208,1,0,0.3,0.712,4.44,2.03,8.37,4.1,1,1.5277777777777777,744.23,56.92307692307692,0.01289220917822839,0.7995
31,46.42,1,21,0.446,0.0352,1,0,3.1,0.808,3.72,5.02,7.94,5.8,0,1.032258064516129,46.42,5.121951219512195,0.003937360178970917,2.5867999999999998
28,151.24,1,31,0.447,0.1832,3,0,1.5,0.232,3.52,3.98,5.91,5.2,0,1.0357142857142858,151.24,12.4,0.0795369030390738,2.3244000000000002
16,24.0,5,52,0.218,0.0688,1,1,3.7,0.392,4.22,3.8,8.32,4.4,0,1.3125,120.0,11.063829787234042,0.007381974248927038,0.9592
25,134.47,1,62,0.54,0.0272,0,0,3.9,0.457,3.87,3.23,8.78,6.0,0,1.04,134.47,12.653061224489795,0.0,3.24
36,53.75,1,25,0.253,0.3016,5,0,6.3,0.201,2.49,5.88,3.15,4.4,0,1.0277777777777777,53.75,3.4246575342465753,0.36337349397590357,1.1132000000000002
9,47.3,7,13,0.24,0.0512,0,0,4.5,0.821,4.44,6.08,9.27,4.4,0,1.7777777777777777,331.09999999999997,2.3636363636363638,0.0,1.056
3,70.75,2,21,0.18,0.0128,0,0,5.8,0.904,3.55,5.95,8.51,3.8,0,1.6666666666666665,141.5,3.088235294117647,0.0,0.6839999999999999
60,75.91,31,126,0.178,0.0008,0,1,0.5,0.571,4.1,1.2,9.1,3.8,1,1.5166666666666666,2353.21,84.0,0.0,0.6763999999999999
55,123.3,14,25,0.171,0.0032,0,0,4.3,0.59,3.57,5.65,8.56,3.5,0,1.2545454545454544,1726.2,4.716981132075472,0.0,0.5985
10,44.47,1,33,0.043,0.0984,0,0,1.7,0.329,3.66,3.95,8.33,3.0,0,1.1,44.47,12.222222222222221,0.0,0.129
36,94.16,37,106,0.505,0.1544,4,1,0.0,0.58,3.53,1.23,5.35,6.0,1,2.0277777777777777,3483.92,106.0,0.09725984251968504,3.0300000000000002
9,144.77,1,86,0.197,0.0567999999999999,0,0,0.8,0.772,5.0,1.0,9.81,3.5,1,1.1111111111111112,144.77,47.77777777777778,0.0,0.6895
1,37.53,1,151,0.141,0.0656,1,0,2.7,0.214,3.78,1.0,7.89,3.8,1,2.0,37.53,40.81081081081081,0.007379077615298088,0.5357999999999999
1,17.5,1,18,0.444,0.0216,0,0,4.1,0.1,4.14,5.5,9.07,6.0,0,2.0,17.5,3.5294117647058827,0.0,2.664
9,78.05,3,2,0.266,0.0368,1,0,2.4,0.252,3.02,5.8,7.23,4.4,0,1.3333333333333333,234.14999999999998,0.5882352941176471,0.004471445929526124,1.1704
27,158.81,1,9,0.25,0.0296,0,0,0.9,0.658,4.96,4.88,9.86,3.8,0,1.037037037037037,158.81,4.736842105263158,0.0,0.95
31,38.4,24,10,0.208,0.0384,0,1,1.2,0.83,4.51,5.7,9.38,4.2,0,1.7741935483870968,921.5999999999999,4.545454545454545,0.0,0.8736
3,82.83,1,3,0.212,0.0512,1,1,4.5,0.828,3.74,6.38,7.9,4.0,0,1.3333333333333333,82.83,0.5454545454545454,0.005752808988764045,0.848
43,32.89,33,23,0.427,0.0456,1,0,2.4,0.428,3.96,5.75,8.14,5.8,0,1.7674418604651163,1085.3700000000001,6.764705882352941,0.0049890590809628,2.4766
19,54.35,1,3,0.452,0.0624,0,1,3.4,0.429,3.87,6.02,8.66,5.8,0,1.0526315789473684,54.35,0.6818181818181818,0.0,2.6216
33,171.58,34,30,0.549,0.0576,0,1,1.4,0.755,4.23,5.1,9.04,5.8,0,2.0303030303030303,5833.72,12.5,0.0,3.1842
6,87.25,1,2,0.217,0.064,1,0,4.7,0.618,4.47,6.5,8.59,4.0,0,1.1666666666666667,87.25,0.3508771929824561,0.006673618352450469,0.868
26,116.45,7,151,0.096,0.0312,0,0,3.4,0.761,3.71,1.37,8.61,3.0,1,1.2692307692307692,815.15,34.31818181818181,0.0,0.28800000000000003
46,61.66,24,25,0.359,0.028,0,0,1.5,0.805,5.0,5.05,9.91,5.1,0,1.5217391304347827,1479.84,10.0,0.0,1.8308999999999997
50,169.88,51,23,0.299,0.2072,0,1,3.4,0.713,4.13,6.65,8.44,4.1,0,2.02,8663.88,5.227272727272727,0.0,1.2258999999999998
43,43.89,22,20,0.266,0.0256,2,0,2.5,0.686,4.49,5.57,8.07,4.6,0,1.5116279069767442,965.58,5.714285714285714,0.0056449834619625135,1.2236
52,67.46,27,38,0.169,0.0304,0,0,3.3,0.535,4.91,5.1,9.81,3.8,0,1.5192307692307692,1821.4199999999998,8.837209302325581,0.0,0.6422
50,119.67,13,45,0.088,0.0088,1,0,0.2,0.183,4.6,3.25,8.9,2.9,1,1.26,1555.71,37.5,0.0008888888888888889,0.2552
24,73.63,1,56,0.181,0.0096,1,0,3.4,0.742,4.08,3.37,8.38,3.8,1,1.0416666666666667,73.63,12.727272727272727,0.0010234541577825158,0.6878
20,63.53,1,47,0.567,0.0016,0,0,5.1,0.435,4.38,4.38,9.37,6.6,0,1.05,63.53,7.704918032786885,0.0,3.7421999999999995
52,76.95,40,9,0.263,0.036,3,0,5.0,0.505,2.44,7.55,5.32,4.4,0,1.7692307692307692,3078.0,1.5,0.017088607594936706,1.1572000000000002
52,42.5,14,38,0.231,0.0216,1,0,3.9,0.533,2.74,4.87,7.0,4.4,0,1.2692307692307692,595.0,7.755102040816326,0.0027,1.0164000000000002
42,41.74,11,9,0.499,0.1784,2,0,0.6,0.31,4.01,5.12,7.08,6.2,0,1.2619047619047619,459.14000000000004,5.625,0.044158415841584156,3.0938
54,62.77,14,0,0.535,0.0184,2,0,0.8,0.768,4.27,5.73,7.88,6.4,0,1.2592592592592593,878.7800000000001,0.0,0.004144144144144144,3.4240000000000004
13,106.94,1,7,0.226,0.0392,1,0,0.0,0.829,3.26,4.68,7.46,3.9,0,1.0769230769230769,106.94,7.0,0.004633569739952718,0.8814
18,132.59,5,18,0.483,0.072,0,0,0.9,0.364,4.93,4.57,9.69,5.6,0,1.2777777777777777,662.95,9.473684210526317,0.0,2.7047999999999996
29,40.34,22,29,0.091,0.0784,0,0,2.6,0.723,3.78,5.15,8.52,3.4,0,1.7586206896551724,887.48,8.055555555555555,0.0,0.3094
29,158.39,8,56,0.392,0.2976,1,0,0.0,0.409,3.59,2.47,6.93,4.8,1,1.2758620689655173,1267.12,56.0,0.037528373266078184,1.8816
41,97.26,31,36,0.234,0.0976,2,1,2.4,0.523,3.65,5.03,6.99,4.1,0,1.7560975609756098,3015.06,10.588235294117647,0.024430538172715895,0.9593999999999999
54,68.75,1,32,0.024,0.1856,0,0,2.1,0.329,3.6,4.13,7.98,2.8,0,1.0185185185185186,68.75,10.32258064516129,0.0,0.0672
47,106.79,12,70,0.326,0.156,3,0,0.4,0.372,3.18,2.03,5.66,4.6,1,1.2553191489361701,1281.48,50.0,0.07027027027027026,1.4996
16,81.04,5,23,0.225,0.0024,3,0,1.3,0.743,3.92,4.45,6.91,4.1,0,1.3125,405.20000000000005,10.0,0.0009102402022756004,0.9225
4,160.69,2,18,0.238,0.0248,0,0,4.2,0.845,4.48,5.57,9.4,3.7,0,1.5,321.38,3.4615384615384612,0.0,0.8806
54,94.62,41,13,0.267,0.056,2,1,8.1,0.772,2.82,8.42,6.3,4.3,0,1.7592592592592593,3879.42,1.4285714285714286,0.015342465753424659,1.1481000000000001
44,98.77,23,19,0.469,0.0624,1,1,3.0,0.606,4.01,5.82,8.14,5.7,0,1.5227272727272727,2271.71,4.75,0.006827133479212253,2.6733
47,135.99,1,46,0.196,0.0272,0,0,0.2,0.576,4.7,2.8,9.61,3.6,1,1.0212765957446808,135.99,38.333333333333336,0.0,0.7056
54,54.93,14,42,0.261,0.0224,1,0,5.4,0.618,4.95,5.17,9.21,4.5,0,1.2592592592592593,769.02,6.5625,0.002193927522037218,1.1745
30,59.99,8,70,0.01,0.048,1,0,3.1,0.528,4.17,2.8,8.34,2.7,1,1.2666666666666666,479.92,17.073170731707318,0.005139186295503212,0.027000000000000003
11,62.41,1,12,0.577,0.0952,3,0,4.4,0.256,3.12,5.9,5.8,6.7,0,1.0909090909090908,62.41,2.222222222222222,0.042,3.8659
1,299.49,1,5,0.612,0.0056,0,0,0.7,0.147,3.93,5.02,8.91,5.5,0,2.0,299.49,2.9411764705882355,0.0,3.366
53,53.13,14,4,0.34,0.0152,0,1,3.8,0.65,3.95,6.53,8.9,5.1,0,1.2641509433962264,743.82,0.8333333333333334,0.0,1.734
47,63.04,1,13,0.468,0.0088,0,0,3.2,0.653,4.56,5.45,9.53,5.9,0,1.0212765957446808,63.04,3.095238095238095,0.0,2.7612000000000005
28,25.25,1,3,0.314,0.0112,0,0,5.1,0.528,5.0,6.58,9.96,5.0,0,1.0357142857142858,25.25,0.49180327868852464,0.0,1.57
8,83.18,1,1,0.147,0.0216,1,0,7.6,0.622,3.39,7.52,7.65,3.5,0,1.125,83.18,0.11627906976744186,0.0024971098265895953,0.5145
10,33.03,1,19,0.396,0.0104,0,1,6.0,0.574,5.0,6.08,9.97,5.6,0,1.1,33.03,2.7142857142857144,0.0,2.2176
6,67.64,1,1,0.399,0.0368,0,0,5.1,0.366,4.68,6.68,9.56,5.4,0,1.1666666666666667,67.64,0.1639344262295082,0.0,2.1546000000000003
39,87.36,10,22,0.39,0.0448,0,0,7.3,0.475,2.2,6.67,7.05,5.2,0,1.2564102564102564,873.6,2.650602409638554,0.0,2.028
28,36.08,15,10,0.309,0.0968,2,0,2.8,0.419,2.44,5.93,5.78,4.9,0,1.5357142857142856,541.1999999999999,2.6315789473684212,0.028554572271386428,1.5141
53,42.49,14,8,0.415,0.0832,1,0,6.9,0.462,4.18,7.37,8.24,5.7,0,1.2641509433962264,594.86,1.0126582278481011,0.009004329004329004,2.3655
38,98.32,1,7,0.412,0.1352,1,0,1.4,0.445,3.24,5.15,7.12,5.3,0,1.0263157894736843,98.32,2.916666666666667,0.016650246305418715,2.1835999999999998
15,87.43,4,36,0.132,0.0032,3,0,2.4,0.515,3.02,4.13,6.01,3.4,0,1.2666666666666666,349.72,10.588235294117647,0.0013694721825962912,0.44880000000000003
44,26.13,12,1,0.382,0.0416,1,0,3.0,0.185,4.01,6.35,8.2,5.5,0,1.2727272727272727,313.56,0.25,0.004521739130434783,2.101
26,68.07,7,1,0.685,0.168,0,0,4.1,0.613,4.92,6.55,9.36,7.4,0,1.2692307692307692,476.48999999999995,0.19607843137254904,0.0,5.069000000000001
39,56.62,20,27,0.367,0.0032,0,1,0.0,0.736,3.31,4.32,8.3,5.2,0,1.5128205128205128,1132.3999999999999,27.0,0.0,1.9084
52,132.86,1,21,0.21,0.0608,3,0,4.9,0.814,2.73,5.62,5.53,3.7,0,1.0192307692307692,132.86,3.559322033898305,0.02793261868300153,0.777
47,84.38,1,7,0.309,0.0488,1,0,3.7,0.889,3.57,5.92,7.74,4.7,0,1.0212765957446808,84.38,1.4893617021276595,0.005583524027459955,1.4523000000000001
5,42.58,1,17,0.091,0.0304,0,0,2.3,0.361,3.73,4.95,8.63,3.4,0,1.2,42.58,5.151515151515151,0.0,0.3094
3,83.04,1,15,0.15,0.0224,0,0,2.6,0.375,5.0,5.15,9.93,3.6,0,1.3333333333333333,83.04,4.166666666666667,0.0,0.54
40,44.28,1,11,0.287,0.0304,0,0,7.8,0.31,4.41,7.08,9.31,4.7,0,1.025,44.28,1.25,0.0,1.3489
13,59.86,4,3,0.155,0.0192,0,0,0.0,0.488,4.52,4.98,9.46,3.7,0,1.3076923076923077,239.44,3.0,0.0,0.5735
60,49.56,31,101,0.473,0.04,1,0,3.6,0.905,3.15,2.23,7.35,6.0,1,1.5166666666666666,1536.3600000000001,21.956521739130437,0.004790419161676647,2.838
59,36.21,15,5,0.296,0.0088,1,0,10.3,0.573,4.44,8.68,8.74,4.9,0,1.2542372881355932,543.15,0.44247787610619466,0.0009034907597535934,1.4504000000000001
18,27.34,5,26,0.407,0.0248,0,0,5.1,0.519,4.17,5.57,9.09,5.7,0,1.2777777777777777,136.7,4.262295081967213,0.0,2.3199
50,59.55,26,12,0.535,0.0336,0,0,0.2,0.721,4.48,5.33,9.37,6.4,0,1.52,1548.3,10.0,0.0,3.4240000000000004
29,44.92,1,8,0.279,0.0608,0,0,5.1,0.633,4.85,6.33,9.65,4.7,0,1.0344827586206897,44.92,1.3114754098360657,0.0,1.3113000000000001
24,40.59,1,11,0.488,0.0376,2,1,0.0,0.664,2.72,4.48,6.26,6.2,0,1.0416666666666667,40.59,11.0,0.010358126721763086,3.0256
18,48.11,10,14,0.084,0.0424,0,0,3.7,0.521,3.74,5.87,8.6,3.3,0,1.5555555555555556,481.1,2.978723404255319,0.0,0.2772
51,74.42,13,55,0.504,0.0472,1,0,4.0,0.506,3.15,4.02,7.33,6.1,1,1.2549019607843137,967.46,11.0,0.005666266506602641,3.0744
17,104.04,1,9,0.541,0.004,1,0,5.5,0.763,2.55,6.42,6.87,6.2,0,1.0588235294117647,104.04,1.3846153846153846,0.0005082592121982211,3.3542000000000005
40,30.57,1,89,0.374,0.092,0,0,4.4,0.891,4.13,2.05,8.82,5.4,1,1.025,30.57,16.48148148148148,0.0,2.0196
32,161.13,9,71,0.397,0.1159999999999999,1,0,4.9,0.398,3.94,3.38,7.89,4.8,1,1.28125,1450.17,12.033898305084746,0.013048368953880752,1.9056
53,75.51,14,35,0.269,0.2064,1,0,2.9,0.42,3.32,4.68,6.97,4.4,0,1.2641509433962264,1057.14,8.974358974358974,0.025897114178168132,1.1836000000000002
36,74.77,1,10,0.187,0.0848,2,0,6.7,0.635,4.31,6.77,7.69,3.9,0,1.0277777777777777,74.77,1.2987012987012987,0.019516685845799766,0.7293
6,162.37,2,5,0.175,0.0272,0,0,4.6,0.548,3.76,6.35,8.67,3.3,0,1.3333333333333333,324.74,0.8928571428571429,0.0,0.5774999999999999
22,157.78,6,5,0.504,0.0672,1,0,3.5,0.581,4.05,6.12,8.16,5.6,0,1.2727272727272727,946.6800000000001,1.1111111111111112,0.007336244541484716,2.8224
16,45.55,1,1,0.399,0.0536,0,0,3.8,0.73,3.51,6.25,8.33,5.5,0,1.0625,45.55,0.20833333333333334,0.0,2.1945
37,147.95,10,13,0.279,0.1872,3,0,4.5,0.321,3.06,6.18,5.44,4.1,0,1.2702702702702702,1479.5,2.3636363636363638,0.08720496894409938,1.1439
10,24.4,8,68,0.213,0.016,0,1,4.6,0.671,3.96,3.4,8.91,4.3,0,1.8,195.2,12.142857142857144,0.0,0.9158999999999999
42,70.08,1,38,0.108,0.0696,3,0,0.0,0.45,2.49,3.13,5.26,3.3,1,1.0238095238095237,70.08,38.0,0.03335463258785942,0.3564
28,170.87,1,63,0.317,0.0128,0,0,1.9,0.892,3.4,2.52,8.36,4.2,1,1.0357142857142858,170.87,21.724137931034484,0.0,1.3314000000000001
43,51.12,1,12,0.122,0.0392,0,0,3.1,0.499,3.53,5.47,8.4,3.5,0,1.0232558139534884,51.12,2.9268292682926833,0.0,0.427
8,29.2,3,4,0.137,0.0416,1,0,0.7,0.412,4.98,5.13,9.17,3.8,0,1.375,87.6,2.3529411764705883,0.0040904621435594885,0.5206000000000001
27,108.68,1,38,0.387,0.1504,1,0,2.0,0.313,2.27,3.8,6.1,5.1,1,1.037037037037037,108.68,12.666666666666666,0.021183098591549297,1.9737
37,63.02,1,57,0.192,0.1399999999999999,1,0,1.3,0.611,5.0,2.62,8.87,4.0,1,1.027027027027027,63.02,24.782608695652176,0.014184397163120558,0.768
42,215.15,1,34,0.232,0.0248,0,0,2.6,0.554,3.58,4.2,8.5,3.3,0,1.0238095238095237,215.15,9.444444444444445,0.0,0.7656
43,140.94,11,20,0.153,0.0864,0,0,0.3,0.243,4.26,4.47,8.97,3.2,0,1.255813953488372,1550.34,15.384615384615383,0.0,0.48960000000000004
25,49.37,13,0,0.185,0.1448,3,1,0.1,0.376,3.49,5.47,6.01,4.0,0,1.52,641.81,0.0,0.06196861626248217,0.74
42,74.67,1,2,0.153,0.0784,0,0,4.5,0.818,4.38,6.43,9.12,3.6,0,1.0238095238095237,74.67,0.36363636363636365,0.0,0.5508
27,21.11,1,5,0.414,0.02,2,0,4.2,0.38,4.02,6.18,7.62,5.8,0,1.037037037037037,21.11,0.9615384615384615,0.004640371229698376,2.4012
18,51.37,5,5,0.716,0.0248,0,1,6.5,0.52,5.0,7.08,9.92,7.7,0,1.2777777777777777,256.84999999999997,0.6666666666666666,0.0,5.5132
3,24.79,1,71,0.339,0.0264,0,1,1.5,0.825,4.38,1.98,9.29,5.2,1,1.3333333333333333,24.79,28.4,0.0,1.7628000000000001
34,38.85,1,78,0.226,0.2224,2,0,6.3,0.907,3.18,3.23,6.11,4.3,1,1.0294117647058822,38.85,10.684931506849315,0.06255977496483825,0.9718
13,218.07,4,9,0.34,0.1592,2,0,0.6,0.539,3.42,4.88,6.56,4.1,0,1.3076923076923077,872.28,5.625,0.04211640211640212,1.394
31,47.18,1,93,0.41,0.12,0,0,4.6,0.193,4.88,1.92,9.48,5.6,1,1.032258064516129,47.18,16.607142857142858,0.0,2.296
14,32.1,4,19,0.363,0.016,2,0,0.4,0.862,3.07,4.32,6.68,5.3,0,1.2857142857142856,128.4,13.571428571428573,0.004166666666666667,1.9239
35,19.2,1,15,0.425,0.02,0,0,1.5,0.513,3.65,4.78,8.58,5.9,0,1.0285714285714285,19.2,6.0,0.0,2.5075000000000003
51,50.69,26,57,0.11,0.072,0,0,3.4,0.728,4.78,4.15,9.54,3.5,0,1.5098039215686274,1317.94,12.954545454545453,0.0,0.385
48,32.17,1,48,0.335,0.0088,0,0,5.9,0.857,5.0,4.6,9.97,5.2,0,1.0208333333333333,32.17,6.956521739130435,0.0,1.7420000000000002
50,46.94,13,21,0.543,0.252,5,0,1.2,0.433,3.25,4.78,4.08,6.5,1,1.26,610.22,9.545454545454545,0.24803149606299213,3.5295
29,35.27,8,38,0.546,0.0,2,0,0.0,0.497,4.02,3.37,7.69,6.6,0,1.2758620689655173,282.16,38.0,0.0,3.6036
15,94.87,8,27,0.416,0.0208,1,0,1.9,0.766,4.1,4.55,8.36,5.3,0,1.5333333333333332,758.96,9.310344827586206,0.0022222222222222222,2.2047999999999996
30,120.98,8,10,0.592,0.1656,2,0,0.3,0.357,2.99,4.87,6.1,6.4,0,1.2666666666666666,967.84,7.692307692307692,0.04664788732394366,3.7888
13,46.76,1,26,0.176,0.0232,1,0,1.7,0.552,4.72,4.3,8.98,4.0,0,1.0769230769230769,46.76,9.62962962962963,0.002324649298597194,0.704
44,88.8,12,35,0.286,0.2136,1,0,1.3,0.582,3.7,4.08,7.32,4.5,0,1.2727272727272727,1065.6,15.217391304347828,0.025673076923076923,1.287
12,40.36,4,8,0.511,0.0056,0,0,3.4,0.398,3.2,5.87,8.18,6.3,0,1.3333333333333333,161.44,1.8181818181818181,0.0,3.2193
22,90.11,6,44,0.331,0.032,1,0,0.3,0.433,2.01,3.1,6.24,4.8,1,1.2727272727272727,540.66,33.84615384615385,0.004419889502762431,1.5888
6,105.79,2,21,0.061,0.0632,0,0,3.7,0.637,4.31,5.25,9.1,2.8,0,1.3333333333333333,211.58,4.468085106382978,0.0,0.17079999999999998
7,55.22,1,45,0.172,0.0184,0,0,4.2,0.904,4.54,4.18,9.48,3.9,0,1.1428571428571428,55.22,8.653846153846153,0.0,0.6708
30,122.76,1,22,0.609,0.0792,0,0,2.2,0.647,3.18,4.67,7.92,6.5,0,1.0333333333333334,122.76,6.875,0.0,3.9585
32,60.27,9,20,0.459,0.0536,0,1,2.0,0.663,3.77,4.97,8.59,5.9,0,1.28125,542.4300000000001,6.666666666666667,0.0,2.7081000000000004
38,92.62,10,43,0.24,0.088,3,0,5.4,0.403,3.42,4.98,6.13,4.1,0,1.263157894736842,926.2,6.71875,0.037026647966339414,0.9839999999999999
1,99.26,1,1,0.137,0.0232,0,0,6.3,0.391,3.66,7.08,8.58,3.4,0,2.0,99.26,0.136986301369863,0.0,0.46580000000000005
36,36.99,1,21,0.574,0.1159999999999999,1,1,0.0,0.771,3.98,3.98,7.93,6.8,0,1.0277777777777777,36.99,21.0,0.012989921612541982,3.9031999999999996
27,74.4,21,33,0.332,0.06,2,1,1.3,0.348,3.56,4.48,7.03,4.9,0,1.7777777777777777,1562.4,14.347826086956523,0.014943960149439599,1.6268000000000002
50,33.13,13,7,0.555,0.02,0,0,3.1,0.332,5.0,6.12,9.93,6.7,0,1.26,430.69000000000005,1.707317073170732,0.0,3.7185000000000006
39,50.36,10,72,0.168,0.0608,1,0,4.7,0.874,2.37,3.3,6.5,3.9,1,1.2564102564102564,503.6,12.631578947368421,0.008106666666666667,0.6552
49,125.29,13,32,0.211,0.0736,1,0,2.5,0.418,5.0,4.67,9.09,3.7,0,1.2653061224489797,1628.77,9.142857142857142,0.007294350842418236,0.7807000000000001
44,122.1,1,3,0.267,0.0008,2,0,5.4,0.761,4.48,6.68,8.14,4.1,0,1.0227272727272727,122.1,0.46875,0.000175054704595186,1.0947
12,132.6,4,46,0.239,0.0216,1,0,5.3,0.228,4.27,4.6,8.53,3.9,0,1.3333333333333333,530.4,7.301587301587301,0.0022665267576075553,0.9320999999999999
57,114.99,1,26,0.699,0.188,1,1,3.9,0.615,3.04,5.03,6.75,7.2,0,1.0175438596491229,114.99,5.3061224489795915,0.02425806451612903,5.0328
39,51.67,1,31,0.142,0.0567999999999999,0,0,2.9,0.526,3.94,4.45,8.75,3.7,0,1.0256410256410255,51.67,7.948717948717949,0.0,0.5254
6,32.13,7,5,0.381,0.016,0,0,0.0,0.922,4.37,4.98,9.32,5.5,0,2.166666666666667,224.91000000000003,5.0,0.0,2.0955
39,120.02,30,4,0.354,0.0864,2,0,6.2,0.956,5.0,7.87,8.38,4.8,0,1.7692307692307692,3600.6,0.5555555555555556,0.018422174840085286,1.6991999999999998
24,24.0,1,24,0.673,0.004,3,0,4.8,0.928,3.42,5.43,6.41,7.6,0,1.0416666666666667,24.0,4.137931034482759,0.0016194331983805667,5.1148
56,223.86,1,53,0.211,0.1504,0,0,0.6,0.973,4.05,2.58,8.55,3.1,0,1.0178571428571428,223.86,33.125,0.0,0.6541
4,62.16,3,31,0.413,0.0768,1,0,3.6,0.877,4.94,4.75,9.02,5.5,0,1.75,186.48,6.739130434782609,0.007664670658682635,2.2715
4,40.84,2,30,0.236,0.0448,1,0,3.2,0.393,3.89,4.63,8.07,4.4,0,1.5,81.68,7.142857142857142,0.004939360529217199,1.0384
40,41.84,11,25,0.157,0.0176,2,0,0.6,0.758,3.04,4.32,6.65,3.8,0,1.275,460.24,15.625,0.004601307189542484,0.5966
4,44.45,3,8,0.293,0.0792,1,0,5.1,0.091,3.53,6.4,7.6,4.8,0,1.75,133.35000000000002,1.3114754098360657,0.009209302325581396,1.4063999999999999
17,53.22,9,8,0.362,0.0152,1,0,3.2,0.404,5.0,5.97,9.28,5.2,0,1.5294117647058822,478.98,1.9047619047619047,0.0014785992217898833,1.8824
22,89.74,12,74,0.154,0.0424,0,0,2.0,0.488,3.2,2.37,8.06,3.5,1,1.5454545454545454,1076.8799999999999,24.666666666666668,0.0,0.539
27,43.45,14,57,0.162,0.0584,0,0,1.7,0.449,4.27,3.18,9.08,3.9,0,1.5185185185185186,608.3000000000001,21.11111111111111,0.0,0.6318
9,80.86,1,5,0.519,0.016,0,0,2.3,0.766,4.24,5.55,9.19,6.1,0,1.1111111111111112,80.86,1.5151515151515151,0.0,3.1658999999999997
25,183.34,7,2,0.44,0.0208,0,0,0.0,0.616,4.34,5.13,9.27,5.0,0,1.28,1283.38,2.0,0.0,2.2
36,137.92,10,104,0.21,0.0112,2,0,3.3,0.587,2.16,1.43,5.79,3.6,1,1.2777777777777777,1379.1999999999998,24.186046511627907,0.0032989690721649486,0.756
59,107.74,30,13,0.133,0.172,2,1,5.4,0.767,3.32,7.15,6.41,3.3,0,1.5084745762711864,3232.2,2.03125,0.04642375168690958,0.4389
42,37.55,11,55,0.101,0.0096,0,0,5.4,0.941,4.63,4.42,9.6,3.5,0,1.2619047619047619,413.04999999999995,8.59375,0.0,0.35350000000000004
38,22.64,20,48,0.405,0.0192,1,0,5.8,0.524,4.01,5.2,8.28,5.7,0,1.526315789473684,452.8,7.0588235294117645,0.0020689655172413794,2.3085000000000004
38,137.3,1,8,0.098,0.0928,0,0,2.4,0.536,3.77,5.43,8.46,2.9,0,1.0263157894736843,137.3,2.3529411764705883,0.0,0.2842
29,23.15,1,2,0.149,0.2376,4,0,2.8,0.898,1.74,5.87,3.28,3.9,0,1.0344827586206897,23.15,0.5263157894736842,0.22205607476635517,0.5811
58,152.46,15,17,0.413,0.1272,1,0,2.2,0.675,3.59,5.38,7.5,5.0,0,1.2586206896551724,2286.9,5.3125,0.014964705882352942,2.065
4,55.83,1,2,0.311,0.1672,1,0,1.0,0.482,2.98,5.27,6.76,4.8,0,1.25,55.83,1.0,0.021546391752577318,1.4928
18,79.49,1,5,0.283,0.0272,0,0,1.6,0.223,4.09,5.32,9.0,4.5,0,1.0555555555555556,79.49,1.923076923076923,0.0,1.2734999999999999
15,28.6,4,5,0.116,0.0264,3,0,2.6,0.612,3.81,5.75,6.72,3.6,0,1.2666666666666666,114.4,1.3888888888888888,0.010259067357512953,0.4176
27,21.72,1,53,0.194,0.0368,0,0,2.7,0.725,3.13,3.28,8.01,4.2,1,1.037037037037037,21.72,14.324324324324323,0.0,0.8148000000000001
35,177.06,9,38,0.522,0.0016,0,0,4.8,0.564,3.06,5.0,8.05,5.6,0,1.2571428571428571,1593.54,6.551724137931035,0.0,2.9232
52,47.78,14,137,0.347,0.0024,1,0,0.0,0.6,3.12,1.0,7.45,5.1,1,1.2692307692307692,668.9200000000001,137.0,0.00028402366863905325,1.7696999999999998
11,134.29,1,61,0.284,0.0864,0,0,5.0,0.636,4.08,3.65,8.79,4.2,0,1.0909090909090908,134.29,10.166666666666666,0.0,1.1927999999999999
36,27.51,1,103,0.336,0.0536,1,0,3.7,0.53,3.22,1.27,7.37,5.2,1,1.0277777777777777,27.51,21.914893617021274,0.006403823178016726,1.7472
8,35.79,1,14,0.406,0.132,1,0,2.8,0.75,4.14,5.27,8.03,5.6,0,1.125,35.79,3.68421052631579,0.01461794019933555,2.2736
28,45.55,15,40,0.23,0.0016,2,0,3.0,0.454,3.84,4.5,7.5,4.3,0,1.5357142857142856,683.25,10.0,0.00037647058823529414,0.989
57,61.72,1,1,0.047,0.1808,2,0,0.3,0.594,3.14,5.08,6.2,3.0,0,1.0175438596491229,61.72,0.7692307692307692,0.05022222222222222,0.14100000000000001
38,72.07,10,11,0.308,0.1152,0,1,4.0,0.344,5.0,6.12,9.62,4.7,0,1.263157894736842,720.6999999999999,2.2,0.0,1.4476
50,105.46,13,20,0.091,0.0264,5,0,0.0,0.306,2.91,4.43,4.49,3.0,0,1.26,1370.98,20.0,0.024043715846994537,0.273
1,18.24,1,10,0.158,0.004,1,0,3.1,0.32,3.54,5.57,7.86,4.0,0,2.0,18.24,2.439024390243903,0.00045146726862302486,0.632
28,93.6,1,80,0.201,0.0096,0,1,1.9,0.399,4.12,1.67,9.09,3.8,1,1.0357142857142858,93.6,27.586206896551726,0.0,0.7638
5,38.03,1,5,0.148,0.0008,1,0,4.5,0.871,3.43,6.28,7.76,3.8,0,1.2,38.03,0.9090909090909091,9.132420091324201e-05,0.5623999999999999
13,30.04,4,2,0.247,0.0008,0,0,0.0,0.893,3.74,5.03,8.74,4.5,0,1.3076923076923077,120.16,2.0,0.0,1.1115
44,85.13,1,34,0.282,0.1712,0,0,0.0,0.513,5.0,3.33,9.43,4.5,0,1.0227272727272727,85.13,34.0,0.0,1.269
5,50.07,1,19,0.16,0.1192,1,0,1.8,0.323,3.89,4.68,7.83,3.8,0,1.2,50.07,6.7857142857142865,0.013499433748584371,0.608
18,66.09,1,27,0.247,0.048,0,0,0.2,0.617,4.08,3.75,8.92,4.3,0,1.0555555555555556,66.09,22.5,0.0,1.0621
33,21.13,1,22,0.415,0.1224,0,0,4.2,0.526,2.6,5.33,7.19,5.8,0,1.0303030303030303,21.13,4.230769230769231,0.0,2.407
2,87.52,1,6,0.166,0.0008,1,0,0.0,0.858,2.93,4.73,7.26,3.6,0,1.5,87.52,6.0,9.685230024213076e-05,0.5976
23,61.56,12,56,0.251,0.244,3,0,0.8,0.287,3.45,2.87,5.64,4.4,1,1.5217391304347827,738.72,31.11111111111111,0.11024096385542169,1.1044
3,91.9,1,10,0.435,0.172,0,0,1.1,0.294,5.0,4.9,9.43,5.5,0,1.3333333333333333,91.9,4.761904761904762,0.0,2.3925
17,58.37,9,13,0.16,0.0064,0,0,0.1,0.292,2.62,4.68,7.6,3.8,0,1.5294117647058822,525.3299999999999,11.818181818181817,0.0,0.608
30,37.97,16,35,0.662,0.0264,1,0,1.0,0.369,4.32,4.12,8.57,7.4,0,1.5333333333333332,607.52,17.5,0.002758620689655172,4.8988000000000005
31,25.93,1,1,0.156,0.0672,2,0,2.8,0.848,3.76,5.92,7.2,3.9,0,1.032258064516129,25.93,0.2631578947368421,0.016390243902439025,0.6083999999999999
9,46.31,3,13,0.458,0.1344,1,0,5.2,0.418,2.82,6.18,6.71,5.9,0,1.3333333333333333,138.93,2.096774193548387,0.01743190661478599,2.7022000000000004
10,193.02,1,15,0.512,0.048,0,0,1.7,0.741,3.31,4.85,8.15,5.4,0,1.1,193.02,5.555555555555555,0.0,2.7648
9,49.55,3,16,0.269,0.0576,0,0,3.2,0.606,5.0,5.37,9.81,4.6,0,1.3333333333333333,148.64999999999998,3.8095238095238093,0.0,1.2374
30,30.46,8,41,0.056,0.0232,2,0,3.6,0.828,4.38,4.42,7.97,3.2,0,1.2666666666666666,243.68,8.913043478260871,0.005172798216276478,0.17920000000000003
20,46.67,1,37,0.319,0.0712,0,1,2.6,0.358,4.19,4.05,8.95,5.0,0,1.05,46.67,10.277777777777777,0.0,1.595
54,70.2,1,15,0.2,0.0328,0,0,3.4,0.417,5.0,5.42,9.89,4.0,0,1.0185185185185186,70.2,3.4090909090909087,0.0,0.8
50,18.74,13,10,0.263,0.0944,0,0,4.3,0.457,5.0,6.37,9.69,4.7,0,1.26,243.61999999999998,1.8867924528301887,0.0,1.2361000000000002
46,56.57,24,75,0.053,0.1976,1,1,4.9,0.924,4.56,3.68,8.23,3.0,0,1.5217391304347827,1357.68,12.711864406779661,0.02140845070422535,0.159
53,75.52,14,1,0.113,0.0176,1,0,6.7,0.606,5.0,7.65,9.27,3.3,0,1.2641509433962264,1057.28,0.12987012987012986,0.0017137293086660176,0.3729
50,57.27,13,19,0.087,0.0016,0,1,1.0,0.908,3.36,4.82,8.35,3.3,0,1.26,744.51,9.5,0.0,0.28709999999999997
6,120.36,2,16,0.141,0.0056,0,0,2.8,0.303,5.0,5.2,9.98,3.3,0,1.3333333333333333,240.72,4.2105263157894735,0.0,0.46529999999999994
38,123.76,29,37,0.131,0.0456,0,0,6.4,0.843,3.73,6.25,8.58,3.2,0,1.763157894736842,3589.04,5.0,0.0,0.4192
32,50.94,9,27,0.134,0.0496,1,0,7.5,0.2,4.54,6.45,8.71,3.6,0,1.28125,458.46,3.176470588235294,0.005108135942327497,0.48240000000000005
21,102.69,1,8,0.074,0.2312,2,0,8.6,0.677,4.52,7.5,7.42,2.9,0,1.0476190476190477,102.69,0.8333333333333334,0.05491686460807601,0.21459999999999999
26,89.26,7,2,0.09,0.0592,0,1,2.0,0.535,4.56,5.8,9.36,3.1,0,1.2692307692307692,624.82,0.6666666666666666,0.0,0.27899999999999997
20,47.56,1,69,0.308,0.068,0,0,6.1,0.839,3.33,3.62,8.1,4.9,1,1.05,47.56,9.71830985915493,0.0,1.5092
35,118.03,9,18,0.535,0.1072,0,0,2.8,0.582,3.36,5.33,8.0,6.0,0,1.2571428571428571,1062.27,4.736842105263158,0.0,3.21
48,139.53,1,142,0.087,0.1048,0,0,2.9,0.671,4.88,1.0,9.53,2.8,1,1.0208333333333333,139.53,36.41025641025641,0.0,0.24359999999999996
12,36.65,1,35,0.828,0.012,0,0,1.9,0.449,4.75,3.92,9.71,8.6,0,1.0833333333333333,36.65,12.068965517241379,0.0,7.120799999999999
36,77.26,10,11,0.291,0.1792,1,0,0.1,0.383,3.05,4.82,6.79,4.6,0,1.2777777777777777,772.6,10.0,0.02300385109114249,1.3385999999999998
46,80.86,12,143,0.26,0.12,0,0,1.1,0.281,3.95,1.0,8.55,4.3,1,1.2608695652173914,970.3199999999999,68.09523809523809,0.0,1.1179999999999999
31,63.56,8,23,0.138,0.064,1,0,0.0,0.505,5.0,4.12,9.12,3.6,0,1.2580645161290323,508.48,23.0,0.00632411067193676,0.4968000000000001
3,30.98,1,28,0.09,0.0072,0,0,1.7,0.336,5.0,4.2,9.98,3.4,0,1.3333333333333333,30.98,10.37037037037037,0.0,0.306
8,33.4,3,4,0.172,0.068,0,0,2.3,0.331,4.9,5.67,9.67,4.0,0,1.375,100.19999999999999,1.2121212121212122,0.0,0.688
45,164.05,1,7,0.116,0.18,3,0,1.2,0.584,3.81,5.08,6.21,2.8,0,1.0222222222222221,164.05,3.1818181818181817,0.07489597780859918,0.3248
20,19.98,11,2,0.14,0.136,0,1,3.7,0.37,3.38,6.5,7.93,3.9,0,1.55,219.78,0.425531914893617,0.0,0.546
19,43.01,1,19,0.45,0.0856,1,0,1.9,0.727,4.05,4.72,8.1,5.9,0,1.0526315789473684,43.01,6.551724137931035,0.009406593406593406,2.6550000000000002
6,45.66,4,30,0.156,0.0056,1,0,1.2,0.656,4.28,4.03,8.59,3.8,0,1.6666666666666665,182.64,13.636363636363635,0.0005839416058394161,0.5928
3,28.47,1,15,0.062,0.1832,1,0,4.7,0.509,3.53,5.85,7.25,3.3,0,1.3333333333333333,28.47,2.631578947368421,0.022206060606060608,0.20459999999999998
50,31.68,26,10,0.097,0.1288,2,0,0.2,0.505,3.92,5.43,7.16,3.5,0,1.52,823.68,8.333333333333334,0.031568627450980394,0.3395
31,91.41,8,19,0.33,0.0352,0,0,6.3,0.386,4.61,6.42,9.49,4.8,0,1.2580645161290323,731.28,2.6027397260273974,0.0,1.584
30,49.07,1,30,0.454,0.1408,0,0,0.7,0.47,4.08,3.77,8.61,5.9,0,1.0333333333333334,49.07,17.647058823529413,0.0,2.6786000000000003
41,42.61,11,8,0.5,0.1304,1,0,2.0,0.352,2.91,5.63,6.81,6.2,0,1.2682926829268293,468.71,2.6666666666666665,0.01669654289372599,3.1
50,118.0,1,34,0.152,0.0296,0,1,5.6,0.678,4.82,5.2,9.72,3.4,0,1.02,118.0,5.151515151515151,0.0,0.5167999999999999
56,37.36,15,13,0.134,0.1072,0,0,7.7,0.714,5.0,7.42,9.64,3.7,0,1.2678571428571428,560.4,1.4942528735632186,0.0,0.4958000000000001
9,103.77,1,28,0.287,0.0176,0,0,5.3,0.749,5.0,5.4,9.94,4.4,0,1.1111111111111112,103.77,4.444444444444445,0.0,1.2628
30,36.89,8,12,0.169,0.2584,4,0,1.9,0.598,2.92,5.3,4.39,4.0,0,1.2666666666666666,295.12,4.137931034482759,0.19176252319109466,0.676
4,40.3,3,2,0.502,0.1384,1,0,1.7,0.577,4.03,5.57,7.9,6.3,0,1.75,120.89999999999999,0.7407407407407407,0.015550561797752807,3.1626
18,60.43,10,20,0.25,0.02,1,0,4.1,0.776,3.66,5.7,7.93,4.4,0,1.5555555555555556,604.3,3.9215686274509807,0.0022396416573348264,1.1
60,20.26,46,74,0.411,0.0088,0,1,5.8,0.471,5.0,4.77,9.97,5.8,0,1.7666666666666666,931.96,10.882352941176471,0.0,2.3838
19,50.05,1,10,0.584,0.076,1,0,3.1,0.647,4.42,5.57,8.5,6.8,0,1.0526315789473684,50.05,2.439024390243903,0.008,3.9711999999999996
14,52.01,4,12,0.249,0.056,1,0,2.8,0.456,3.93,5.47,8.08,4.4,0,1.2857142857142856,208.04,3.1578947368421053,0.006167400881057269,1.0956000000000001
38,128.12,10,9,0.323,0.1736,0,1,3.9,0.671,3.73,6.18,8.15,4.5,0,1.263157894736842,1281.2,1.8367346938775508,0.0,1.4535
2,67.28,1,45,0.08,0.0016,1,0,4.2,0.816,4.59,4.18,8.92,3.2,0,1.5,67.28,8.653846153846153,0.00016129032258064516,0.256
45,21.95,12,2,0.141,0.0392,1,0,2.4,0.64,5.0,6.1,9.2,3.9,0,1.2666666666666666,263.4,0.5882352941176471,0.003843137254901961,0.5498999999999999
11,18.44,1,2,0.065,0.0336,1,0,3.1,0.694,5.0,5.97,9.22,3.3,0,1.0909090909090908,18.44,0.48780487804878053,0.003287671232876712,0.2145
29,43.12,1,6,0.321,0.0296,0,0,0.0,0.379,4.71,4.73,9.61,5.0,0,1.0344827586206897,43.12,6.0,0.0,1.605
37,47.72,19,39,0.179,0.044,1,0,1.3,0.739,4.42,4.12,8.61,4.0,0,1.5135135135135136,906.68,16.956521739130437,0.004578563995837669,0.716
49,29.08,1,130,0.041,0.0016,1,0,2.0,0.626,3.71,1.0,8.04,3.1,1,1.0204081632653061,29.08,43.333333333333336,0.0001769911504424779,0.12710000000000002
46,24.7,1,3,0.404,0.0168,1,1,3.4,0.814,2.79,6.02,7.07,5.7,0,1.0217391304347827,24.7,0.6818181818181818,0.0020817843866171,2.3028000000000004
48,58.53,13,29,0.646,0.0864,0,1,0.9,0.584,3.04,4.28,7.75,7.2,0,1.2708333333333333,760.89,15.263157894736842,0.0,4.6512
42,62.68,1,5,0.396,0.1272,0,0,0.1,0.462,3.57,4.82,8.15,5.4,0,1.0238095238095237,62.68,4.545454545454545,0.0,2.1384000000000003
28,98.2,1,63,0.241,0.052,0,0,0.7,0.355,3.43,2.12,8.26,4.1,1,1.0357142857142858,98.2,37.05882352941177,0.0,0.9880999999999999
21,105.26,6,133,0.289,0.0176,0,0,0.7,0.759,5.0,1.0,9.94,4.4,1,1.2857142857142856,631.5600000000001,78.23529411764706,0.0,1.2716
25,203.66,7,12,0.138,0.0536,0,0,1.8,0.769,3.9,5.23,8.72,2.7,0,1.28,1425.62,4.285714285714286,0.0,0.37260000000000004
13,59.17,10,11,0.267,0.052,3,0,4.6,0.509,3.41,6.32,6.24,4.5,0,1.7692307692307692,591.7,1.9642857142857144,0.02154696132596685,1.2015
20,80.75,11,4,0.74,0.1832,1,0,6.5,0.874,4.41,7.33,8.13,7.7,0,1.55,888.25,0.5333333333333333,0.020065717415115005,5.698
39,176.82,20,3,0.121,0.0784,2,0,3.5,0.597,2.98,6.68,6.39,2.8,0,1.5128205128205128,3536.3999999999996,0.6666666666666666,0.021217861975642762,0.3388
34,48.32,1,18,0.263,0.0264,0,0,3.4,0.521,4.71,5.27,9.62,4.6,0,1.0294117647058822,48.32,4.090909090909091,0.0,1.2098
39,37.57,20,5,0.232,0.0128,0,1,0.5,0.435,5.0,5.58,9.96,4.4,0,1.5128205128205128,751.4,3.3333333333333335,0.0,1.0208000000000002
45,10.0,23,15,0.247,0.0656,1,0,0.0,0.475,5.0,5.02,9.11,4.7,0,1.511111111111111,230.0,15.0,0.006488625123639962,1.1609
8,67.92,1,19,0.126,0.3552,4,0,2.0,0.541,3.22,4.75,4.37,3.5,0,1.125,67.92,6.333333333333333,0.2645810055865922,0.441
19,81.44,5,41,0.287,0.1472,0,0,0.0,0.642,4.07,3.12,8.58,4.5,0,1.263157894736842,407.2,41.0,0.0,1.2914999999999999
60,153.47,1,52,0.2,0.0184,0,0,0.0,0.416,4.64,2.43,9.58,3.5,0,1.0166666666666666,153.47,52.0,0.0,0.7000000000000001
5,59.91,3,9,0.192,0.0088,0,0,2.5,0.695,5.0,5.48,9.97,4.0,0,1.6,179.73,2.5714285714285716,0.0,0.768
39,28.29,10,46,0.192,0.2672,0,1,2.0,0.32,3.89,3.7,8.0,4.2,0,1.2564102564102564,282.9,15.333333333333334,0.0,0.8064
55,248.51,1,15,0.484,0.0264,1,0,2.1,0.519,3.77,4.98,8.02,4.9,0,1.018181818181818,248.51,4.838709677419355,0.002926829268292683,2.3716
24,25.56,1,15,0.226,0.056,1,0,0.7,0.475,4.8,4.52,8.95,4.4,0,1.0416666666666667,25.56,8.823529411764707,0.005628140703517588,0.9944000000000001
31,46.79,16,18,0.117,0.1104,0,0,1.5,0.941,3.28,5.13,7.91,3.5,0,1.5161290322580645,748.64,7.2,0.0,0.40950000000000003
22,53.27,1,1,0.162,0.0,0,0,3.4,0.893,3.58,6.12,8.58,3.8,0,1.0454545454545454,53.27,0.22727272727272727,0.0,0.6156
39,155.24,20,42,0.182,0.0488,0,0,7.0,0.731,4.71,5.9,9.55,3.3,0,1.5128205128205128,3104.8,5.25,0.0,0.6005999999999999
36,42.09,10,32,0.32,0.0344,1,0,6.1,0.483,3.67,5.77,7.89,5.0,0,1.2777777777777777,420.90000000000003,4.507042253521127,0.0038695163104611923,1.6
52,35.24,14,17,0.251,0.04,2,0,3.4,0.702,4.52,5.75,8.05,4.5,0,1.2692307692307692,493.36,3.8636363636363633,0.00883977900552486,1.1295
20,76.9,1,44,0.148,0.0664,1,0,3.4,0.527,4.7,3.97,8.81,3.6,0,1.05,76.9,10.0,0.006768603465851172,0.5327999999999999
44,153.07,12,42,0.069,0.0792,0,0,1.9,0.597,3.83,3.93,8.57,2.6,0,1.2727272727272727,1836.84,14.482758620689655,0.0,0.17940000000000003
38,71.76,39,73,0.592,0.1296,3,1,2.3,0.476,3.71,3.42,6.28,6.7,1,2.026315789473684,2798.6400000000003,22.12121212121212,0.0534065934065934,3.9663999999999997
15,59.57,1,2,0.15,0.012,1,0,3.7,0.35,4.61,6.17,8.9,3.7,0,1.0666666666666667,59.57,0.425531914893617,0.0012121212121212121,0.555
1,80.14,1,24,0.35,0.0384,0,1,2.9,0.442,3.22,4.8,8.09,5.0,0,2.0,80.14,6.153846153846154,0.0,1.75
57,49.89,1,1,0.074,0.2016,1,0,5.1,0.636,4.21,6.68,7.87,3.2,0,1.0175438596491229,49.89,0.1639344262295082,0.022728297632468995,0.2368
1,101.94,1,10,0.077,0.0072,0,0,1.4,0.719,3.75,5.0,8.73,2.9,0,2.0,101.94,4.166666666666667,0.0,0.2233
4,143.25,2,26,0.532,0.0528,0,0,1.5,0.419,4.01,4.27,8.83,5.9,0,1.5,286.5,10.4,0.0,3.1388000000000003
55,74.19,1,49,0.146,0.104,0,0,0.9,0.679,4.4,2.88,9.05,3.6,0,1.018181818181818,74.19,25.789473684210527,0.0,0.5256
50,124.99,1,6,0.606,0.0256,0,0,5.0,0.807,2.29,6.4,7.2,6.5,0,1.02,124.99,1.0,0.0,3.939
51,81.48,13,44,0.391,0.028,3,0,4.7,0.2,2.81,4.8,5.72,5.2,0,1.2549019607843137,1059.24,7.719298245614035,0.0125,2.0332000000000003
30,142.97,1,30,0.275,0.1088,0,0,4.3,0.9,4.18,4.97,8.82,4.1,0,1.0333333333333334,142.97,5.660377358490567,0.0,1.1275
17,104.48,1,6,0.331,0.0528,1,0,4.3,0.637,3.03,6.17,7.19,4.7,0,1.0588235294117647,104.48,1.1320754716981132,0.006446886446886446,1.5557
7,25.97,2,3,0.305,0.02,0,0,5.8,0.887,5.0,6.85,9.93,5.0,0,1.2857142857142856,51.94,0.4411764705882353,0.0,1.525
44,64.52,23,18,0.205,0.0808,0,0,3.6,0.568,4.15,6.07,8.88,4.0,0,1.5227272727272727,1483.9599999999998,3.91304347826087,0.0,0.82
57,35.25,15,2,0.207,0.0256,0,0,1.8,0.314,4.13,6.0,9.04,4.2,0,1.263157894736842,528.75,0.7142857142857143,0.0,0.8694
27,15.59,7,21,0.398,0.0128,2,0,0.9,0.588,3.09,4.48,6.71,5.7,0,1.2592592592592593,109.13,11.052631578947368,0.0033203631647211415,2.2686
41,43.65,1,22,0.345,0.0968,3,0,2.8,0.516,3.19,4.87,5.87,5.2,0,1.024390243902439,43.65,5.7894736842105265,0.0422707423580786,1.7939999999999998
23,62.13,24,29,0.509,0.1504,0,0,2.8,0.317,4.0,5.28,8.5,6.2,0,2.0434782608695654,1491.1200000000001,7.631578947368421,0.0,3.1558
48,136.19,13,48,0.302,0.0656,1,0,2.0,0.774,3.4,3.7,7.51,4.3,0,1.2708333333333333,1770.47,16.0,0.007708578143360753,1.2986
30,37.07,23,44,0.376,0.0088,0,0,0.7,0.464,5.0,3.8,9.97,5.4,0,1.7666666666666666,852.61,25.88235294117647,0.0,2.0304
60,143.05,31,93,0.139,0.2248,0,0,1.7,0.802,4.16,1.95,8.41,3.1,1,1.5166666666666666,4434.55,34.44444444444444,0.0,0.43090000000000006
1,134.99,1,34,0.757,0.1328,1,0,9.2,0.212,3.53,6.4,7.42,7.5,0,2.0,134.99,3.3333333333333335,0.015771971496437054,5.6775
26,42.58,1,11,0.327,0.1424,1,0,1.8,0.806,5.0,5.08,8.86,5.0,0,1.0384615384615385,42.58,3.928571428571429,0.014442190669371198,1.635
44,71.22,23,15,0.256,0.2056,1,1,0.0,0.287,3.27,5.02,6.92,4.4,0,1.5227272727272727,1638.06,15.0,0.02595959595959596,1.1264
47,39.18,12,13,0.368,0.2312,1,1,1.7,0.563,4.6,5.32,8.16,5.3,0,1.2553191489361701,470.15999999999997,4.814814814814815,0.025240174672489082,1.9504
18,25.03,1,28,0.045,0.1048,2,0,3.8,0.719,2.43,4.9,5.75,3.2,0,1.0555555555555556,25.03,5.833333333333334,0.031051851851851855,0.144
29,33.92,8,36,0.147,0.0112,4,0,5.8,0.686,2.57,5.4,4.87,3.8,0,1.2758620689655173,271.36,5.294117647058823,0.007632027257240204,0.5586
53,59.95,1,67,0.384,0.0432,0,0,4.0,0.353,5.0,3.02,9.86,5.3,1,1.0188679245283019,59.95,13.4,0.0,2.0352
19,77.78,5,15,0.275,0.0184,0,1,0.0,0.803,2.91,4.42,7.85,4.5,0,1.263157894736842,388.9,15.0,0.0,1.2375
9,31.65,3,10,0.172,0.0136,0,0,5.1,0.677,5.0,6.3,9.95,4.0,0,1.3333333333333333,94.94999999999999,1.639344262295082,0.0,0.688
9,109.26,5,40,0.338,0.0888,1,0,0.6,0.388,3.66,3.37,7.7,4.7,0,1.5555555555555556,546.3000000000001,25.0,0.010206896551724139,1.5886000000000002
20,146.23,11,23,0.165,0.0736,0,0,4.7,0.731,5.0,5.78,9.75,3.3,0,1.55,1608.53,4.035087719298246,0.0,0.5445
10,170.31,1,14,0.31,0.016,0,0,0.0,0.814,4.71,4.33,9.66,4.1,0,1.1,170.31,14.0,0.0,1.271
42,75.26,1,1,0.08,0.0256,0,0,0.4,0.423,5.0,5.12,9.91,3.1,0,1.0238095238095237,75.26,0.7142857142857143,0.0,0.24800000000000003
28,54.29,1,21,0.124,0.0264,0,0,6.0,0.6,5.0,5.98,9.91,3.5,0,1.0357142857142858,54.29,3.0,0.0,0.434
56,30.78,29,37,0.498,0.0032,0,1,2.4,0.426,4.33,4.92,9.32,6.3,0,1.5178571428571428,892.62,10.882352941176471,0.0,3.1374
23,37.28,18,108,0.06,0.1232,2,0,2.9,0.409,3.8,1.57,7.06,3.2,1,1.7826086956521738,671.04,27.692307692307693,0.030570719602977674,0.192
18,53.1,1,13,0.16,0.1768,1,0,0.4,0.801,4.42,4.52,8.16,3.8,0,1.0555555555555556,53.1,9.285714285714286,0.019301310043668123,0.608
9,50.2,3,5,0.17,0.3152,0,0,3.6,0.797,4.31,6.05,8.26,3.9,0,1.3333333333333333,150.60000000000002,1.0869565217391306,0.0,0.663
19,53.45,15,0,0.045,0.0072,0,1,1.2,0.514,4.28,5.9,9.26,3.0,0,1.7894736842105263,801.75,0.0,0.0,0.135
26,161.97,1,23,0.342,0.0448,0,1,0.1,0.846,4.44,3.92,9.29,4.4,0,1.0384615384615385,161.97,20.909090909090907,0.0,1.5048000000000001
33,87.7,17,25,0.352,0.1704,0,0,4.1,0.831,3.82,5.68,8.25,4.9,0,1.5151515151515151,1490.9,4.901960784313726,0.0,1.7248
43,58.97,1,10,0.355,0.0336,3,0,1.9,0.499,2.86,5.17,5.75,5.1,0,1.0232558139534884,58.97,3.4482758620689657,0.014933333333333333,1.8104999999999998
53,187.3,1,4,0.504,0.0584,2,0,4.8,0.937,3.81,6.43,7.28,5.4,0,1.0188679245283019,187.3,0.6896551724137931,0.014106280193236714,2.7216
41,101.4,11,22,0.353,0.1144,1,0,0.2,0.185,4.11,4.33,8.06,4.9,0,1.2682926829268293,1115.4,18.333333333333336,0.012626931567328917,1.7297
5,61.64,3,39,0.283,0.0464,0,0,4.9,0.634,3.95,4.78,8.8,4.6,0,1.6,184.92000000000002,6.610169491525423,0.0,1.3017999999999998
6,30.13,1,10,0.33,0.0064,3,0,2.3,0.203,3.09,5.3,6.07,5.1,0,1.1666666666666667,30.13,3.0303030303030303,0.0027157001414427158,1.683
4,27.05,2,68,0.14,0.0192,1,0,1.0,0.693,3.36,2.0,7.63,3.8,1,1.5,54.1,34.0,0.002224797219003476,0.532
25,163.69,7,6,0.155,0.0192,0,0,4.1,0.937,4.96,6.3,9.9,3.1,0,1.28,1145.83,1.1764705882352942,0.0,0.4805
13,149.61,4,4,0.255,0.016,0,0,0.1,0.353,4.28,4.97,9.23,3.9,0,1.3076923076923077,598.44,3.6363636363636362,0.0,0.9944999999999999
28,69.11,15,24,0.115,0.072,0,0,5.0,0.447,4.33,5.97,9.09,3.4,0,1.5357142857142856,1036.65,4.0,0.0,0.391
7,53.03,1,8,0.353,0.0432,2,0,4.5,0.461,4.28,6.13,7.8,5.2,0,1.1428571428571428,53.03,1.4545454545454546,0.009818181818181818,1.8356
56,85.64,15,11,0.3,0.0536,1,0,0.0,0.772,5.0,4.95,9.15,4.6,0,1.2678571428571428,1284.6,11.0,0.005280788177339901,1.38
4,58.5,3,11,0.391,0.06,1,0,4.3,0.697,4.83,5.98,8.96,5.4,0,1.75,175.5,2.0754716981132075,0.006024096385542168,2.1114
5,51.34,1,83,0.16,0.0096,1,0,5.0,0.544,2.67,2.55,6.97,3.8,1,1.2,51.34,13.833333333333334,0.0012045169385194478,0.608
45,73.25,12,16,0.125,0.1192,0,0,4.0,0.907,4.02,5.93,8.62,3.4,0,1.2666666666666666,879.0,3.2,0.0,0.425
12,63.61,1,72,0.493,0.048,0,1,2.7,0.473,4.91,2.33,9.75,6.1,0,1.0833333333333333,63.61,19.45945945945946,0.0,3.0073
17,100.86,13,25,0.359,0.012,2,0,0.9,0.684,3.21,4.48,6.84,4.9,0,1.7647058823529411,1311.18,13.157894736842106,0.0030612244897959186,1.7591
40,50.54,1,14,0.384,0.0192,2,0,6.4,0.293,3.53,6.47,7.13,5.4,0,1.025,50.54,1.8918918918918919,0.004723247232472325,2.0736000000000003
49,76.25,13,65,0.502,0.0128,1,1,0.5,0.851,4.3,2.35,8.59,6.1,1,1.2653061224489797,991.25,43.333333333333336,0.001334723670490094,3.0622
38,58.55,10,42,0.019,0.096,0,0,5.5,0.268,2.57,5.07,7.25,2.8,0,1.263157894736842,585.5,6.461538461538462,0.0,0.0532
53,86.75,27,69,0.367,0.0168,0,1,4.4,0.404,3.67,3.92,8.61,5.0,0,1.509433962264151,2342.25,12.777777777777777,0.0,1.835
27,74.93,1,23,0.438,0.1728,3,0,3.4,0.819,2.43,5.02,4.85,5.6,0,1.037037037037037,74.93,5.227272727272727,0.08861538461538461,2.4528
50,135.79,13,8,0.257,0.0136,1,0,0.0,0.694,4.74,5.03,9.03,4.0,0,1.26,1765.27,8.0,0.0013559322033898306,1.028
24,77.26,19,3,0.21,0.0576,2,0,3.0,0.82,2.88,6.48,6.35,4.0,0,1.7916666666666665,1467.94,0.75,0.0156734693877551,0.84
37,31.46,1,13,0.317,0.0567999999999999,0,0,2.9,0.518,3.63,5.35,8.44,5.0,0,1.027027027027027,31.46,3.3333333333333335,0.0,1.585
12,72.45,7,28,0.386,0.0624,0,0,2.3,0.673,3.81,4.6,8.6,5.3,0,1.5833333333333335,507.15000000000003,8.484848484848484,0.0,2.0458
19,26.58,1,51,0.256,0.0216,1,0,2.9,0.806,5.0,3.45,9.26,4.6,0,1.0526315789473684,26.58,13.076923076923077,0.002105263157894737,1.1776
16,123.34,1,38,0.109,0.092,0,0,4.9,0.925,5.0,4.77,9.69,3.0,0,1.0625,123.34,6.440677966101695,0.0,0.327
51,49.53,26,22,0.561,0.1504,0,0,6.7,0.509,1.99,7.0,6.49,6.6,0,1.5098039215686274,1287.78,2.857142857142857,0.0,3.7026000000000003
38,56.58,1,71,0.347,0.1496,0,0,0.8,0.469,3.9,1.75,8.4,5.1,1,1.0263157894736843,56.58,39.44444444444444,0.0,1.7696999999999998
23,73.9,6,20,0.208,0.0832,1,1,1.8,0.2,3.92,4.8,7.98,4.0,0,1.2608695652173914,443.40000000000003,7.142857142857143,0.009265033407572383,0.832
34,59.41,9,51,0.09,0.0728,1,0,3.9,0.713,4.92,4.05,9.01,3.3,0,1.2647058823529411,534.6899999999999,10.408163265306122,0.007272727272727274,0.297
55,195.9,1,86,0.453,0.0144,3,0,3.8,0.446,3.43,2.0,6.38,5.0,1,1.018181818181818,195.9,17.916666666666668,0.005853658536585366,2.265
34,36.18,9,5,0.193,0.1024,1,0,3.3,0.659,2.31,6.15,6.3,4.1,0,1.2647058823529411,325.62,1.1627906976744187,0.014027397260273973,0.7913
11,36.24,1,60,0.079,0.0728,0,0,3.2,0.409,3.68,3.1,8.44,3.3,0,1.0909090909090908,36.24,14.285714285714285,0.0,0.2607
14,71.19,4,6,0.173,0.208,3,0,3.3,0.748,2.05,5.93,4.36,3.8,0,1.2857142857142856,284.76,1.3953488372093024,0.11641791044776119,0.6573999999999999
25,63.79,7,6,0.47,0.1072,0,0,5.3,0.266,4.85,6.7,9.49,5.9,0,1.28,446.53,0.9523809523809524,0.0,2.773
54,62.25,28,12,0.443,0.1176,2,0,0.0,0.939,2.37,5.33,5.64,5.7,0,1.5185185185185186,1743.0,12.0,0.03542168674698795,2.5251
4,38.28,2,0,0.419,0.0152,0,1,0.7,0.361,5.0,5.3,9.95,5.7,0,1.5,76.56,0.0,0.0,2.3883
37,62.51,19,54,0.044,0.0752,1,0,2.1,0.776,3.66,3.63,7.74,2.9,1,1.5135135135135136,1187.69,17.419354838709676,0.008604118993135011,0.1276
59,23.1,15,13,0.25,0.1135999999999999,1,0,1.7,0.786,5.0,5.42,8.95,4.6,0,1.2542372881355932,346.5,4.814814814814815,0.01141708542713567,1.15
42,160.67,11,84,0.528,0.064,0,0,1.0,0.86,4.42,1.5,9.21,5.7,1,1.2619047619047619,1767.37,42.0,0.0,3.0096000000000003
58,67.14,1,18,0.341,0.0224,1,0,0.0,0.419,4.46,4.13,8.72,5.0,0,1.0172413793103448,67.14,18.0,0.002304526748971193,1.705
18,83.11,5,65,0.266,0.0664,2,0,9.0,0.396,3.61,4.92,7.06,4.4,0,1.2777777777777777,415.55,6.5,0.016476426799007446,1.1704
11,62.96,6,13,0.22,0.0264,1,0,1.7,0.388,3.65,5.12,7.9,4.2,0,1.5454545454545454,377.76,4.814814814814815,0.0029662921348314604,0.924
32,40.03,17,34,0.252,0.2424,3,0,3.7,0.327,3.38,5.1,5.57,4.5,0,1.53125,680.51,7.234042553191489,0.11068493150684933,1.134
55,45.34,56,37,0.164,0.0712,0,1,3.0,0.419,5.0,5.82,9.76,3.9,0,2.018181818181818,2539.04,9.25,0.0,0.6396000000000001
10,46.2,1,7,0.102,0.0776,1,0,5.9,0.354,3.89,6.65,7.96,3.4,0,1.1,46.2,1.0144927536231882,0.008660714285714285,0.34679999999999994
17,32.45,1,10,0.066,0.0216,1,0,5.7,0.801,2.98,6.43,7.24,3.3,0,1.0588235294117647,32.45,1.4925373134328357,0.002621359223300971,0.2178
14,40.5,4,13,0.504,0.1888,0,0,1.1,0.284,4.75,4.85,9.12,6.3,0,1.2857142857142856,162.0,6.19047619047619,0.0,3.1752
17,95.78,1,31,0.474,0.024,0,0,0.3,0.367,4.81,3.58,9.73,5.7,0,1.0588235294117647,95.78,23.846153846153847,0.0,2.7018
6,46.56,4,1,0.443,0.1896,3,0,1.2,0.698,4.53,5.48,6.9,5.8,0,1.6666666666666665,186.24,0.45454545454545453,0.072,2.5694
4,283.15,4,26,0.129,0.0936,0,1,3.7,0.58,3.77,5.07,8.46,2.2,0,2.0,1132.6,5.531914893617021,0.0,0.28380000000000005
60,40.47,1,12,0.559,0.0008,1,0,0.8,0.597,2.84,4.7,7.17,6.7,0,1.0166666666666666,40.47,6.666666666666666,9.791921664626684e-05,3.7453000000000003
55,111.18,14,12,0.232,0.016,1,0,0.8,0.099,5.0,5.13,9.28,4.0,0,1.2545454545454544,1556.52,6.666666666666666,0.0015564202334630351,0.928
48,175.77,1,5,0.355,0.0352,0,0,4.7,0.763,2.75,6.35,7.63,4.4,0,1.0208333333333333,175.77,0.8771929824561403,0.0,1.562
1,42.91,1,6,0.1,0.036,0,0,2.9,0.597,5.0,5.7,9.88,3.4,0,2.0,42.91,1.5384615384615385,0.0,0.34
43,48.75,22,48,0.241,0.0008,1,0,5.0,0.698,2.7,5.0,7.03,4.4,0,1.5116279069767442,1072.5,8.0,9.9626400996264e-05,1.0604
52,55.19,14,14,0.214,0.2456,3,0,4.6,0.847,3.85,6.3,6.03,4.2,0,1.2692307692307692,772.66,2.5,0.10480796586059744,0.8988
46,107.63,24,8,0.373,0.0216,2,0,5.9,0.674,4.42,7.37,8.01,5.0,0,1.5217391304347827,2583.12,1.1594202898550725,0.004794672586015539,1.865
36,96.77,1,44,0.3,0.0288,2,0,2.1,0.315,3.07,3.53,6.64,4.5,0,1.0277777777777777,96.77,14.193548387096774,0.007539267015706806,1.3499999999999999
43,29.32,1,14,0.23,0.0856,2,0,3.8,0.72,3.76,5.6,7.14,4.4,0,1.0232558139534884,29.32,2.916666666666667,0.021031941031941028,1.0120000000000002
60,95.18,16,14,0.398,0.0096,1,1,7.4,0.481,4.31,7.3,8.61,5.2,0,1.2666666666666666,1522.88,1.6666666666666665,0.0009989594172736733,2.0696000000000003
29,111.23,15,32,0.272,0.0504,2,1,3.9,0.792,3.43,5.2,6.93,4.2,0,1.5172413793103448,1668.45,6.530612244897958,0.012711223203026482,1.1424
53,206.75,40,39,0.023,0.2232,2,1,0.0,0.411,3.46,4.38,6.38,1.9,0,1.7547169811320755,8270.0,39.0,0.060487804878048786,0.043699999999999996
49,96.94,13,9,0.133,0.1192,1,1,2.8,0.853,4.22,5.92,8.16,3.3,0,1.2653061224489797,1260.22,2.368421052631579,0.013013100436681222,0.4389
37,117.36,10,71,0.099,0.0536,1,0,0.0,0.811,4.69,1.78,8.84,3.0,1,1.2702702702702702,1173.6,71.0,0.005447154471544716,0.29700000000000004
31,309.75,1,33,0.287,0.1464,1,1,5.6,0.834,4.83,5.25,8.68,3.2,0,1.032258064516129,309.75,5.0,0.015123966942148761,0.9184
59,30.19,1,11,0.277,0.0224,2,0,3.6,0.146,2.96,5.68,6.55,4.8,0,1.0169491525423728,30.19,2.3913043478260874,0.0059337748344370864,1.3296000000000001
44,24.97,1,33,0.166,0.0488,1,0,1.8,0.407,3.61,3.98,7.78,4.0,0,1.0227272727272727,24.97,11.785714285714286,0.005558086560364464,0.664
9,85.84,1,4,0.526,0.1216,0,0,3.4,0.56,3.43,5.97,8.02,6.2,0,1.1111111111111112,85.84,0.9090909090909091,0.0,3.2612
42,47.93,22,54,0.258,0.0576,0,0,4.4,0.712,4.87,4.5,9.68,4.5,0,1.5238095238095237,1054.46,10.0,0.0,1.161
46,76.52,24,30,0.1,0.0312,1,0,1.2,0.673,3.95,4.7,8.18,3.2,0,1.5217391304347827,1836.48,13.636363636363635,0.0033986928104575162,0.32000000000000006
26,75.47,7,16,0.162,0.0567999999999999,0,0,3.3,0.871,4.75,5.53,9.56,3.7,0,1.2692307692307692,528.29,3.7209302325581395,0.0,0.5994
16,48.16,1,72,0.332,0.3096,3,0,7.2,0.832,3.49,3.83,5.46,5.0,1,1.0625,48.16,8.78048780487805,0.14377708978328174,1.6600000000000001
40,41.69,1,31,0.116,0.0264,1,0,6.4,0.338,4.38,5.62,8.63,3.6,0,1.025,41.69,4.189189189189189,0.0027414330218068533,0.4176
31,75.58,16,32,0.43,0.0816,3,0,0.7,0.942,3.27,4.17,6.0,5.6,1,1.5161290322580645,1209.28,18.823529411764707,0.03497142857142858,2.408
27,115.48,34,12,0.327,0.092,0,0,1.6,0.474,3.61,6.07,8.3,4.6,0,2.2592592592592595,3926.32,4.615384615384615,0.0,1.5042
41,35.13,1,15,0.574,0.1064,4,0,3.1,0.629,4.72,5.32,6.7,6.8,0,1.024390243902439,35.13,3.658536585365854,0.05527272727272727,3.9031999999999996
53,84.23,1,39,0.615,0.0128,0,0,3.8,0.655,4.87,4.35,9.83,6.8,0,1.0188679245283019,84.23,8.125,0.0,4.1819999999999995
53,91.62,14,22,0.235,0.1096,1,1,4.0,0.266,3.5,5.7,7.47,4.1,0,1.2641509433962264,1282.68,4.4,0.012939787485242034,0.9634999999999999
22,41.71,1,0,0.493,0.0984,3,0,1.6,0.464,3.81,5.57,6.48,6.2,0,1.0454545454545454,41.71,0.0,0.03946524064171123,3.0566
10,122.77,1,76,0.058,0.34,3,0,4.3,0.278,2.92,2.67,4.79,2.7,1,1.1,122.77,14.339622641509434,0.1761658031088083,0.15660000000000002
23,51.47,6,34,0.324,0.1008,0,1,0.5,0.734,5.0,3.67,9.66,5.0,0,1.2608695652173914,308.82,22.666666666666668,0.0,1.62
5,30.66,2,7,0.366,0.0328,0,0,2.5,0.554,4.58,5.55,9.47,5.4,0,1.4,61.32,2.0,0.0,1.9764000000000002
49,18.33,1,85,0.263,0.1056,2,0,4.2,0.498,3.0,2.18,6.31,4.7,1,1.0204081632653061,18.33,16.346153846153847,0.028891928864569084,1.2361000000000002
37,40.78,10,13,0.331,0.268,2,0,3.3,0.828,2.94,5.78,5.71,5.1,0,1.2702702702702702,407.8,3.0232558139534884,0.07988077496274218,1.6881
10,84.5,3,4,0.415,0.0032,0,0,3.4,0.785,4.8,6.03,9.79,5.4,0,1.3,253.5,0.9090909090909091,0.0,2.241
13,33.87,1,20,0.424,0.0448,1,0,2.2,0.711,5.0,4.77,9.18,5.8,0,1.0769230769230769,33.87,6.25,0.004400785854616896,2.4592
57,62.38,15,3,0.47,0.0248,0,0,1.7,0.359,4.24,5.92,9.16,5.9,0,1.263157894736842,935.7,1.111111111111111,0.0,2.773
54,61.3,1,5,0.085,0.0336,0,0,2.3,0.593,4.47,5.55,9.36,3.2,0,1.0185185185185186,61.3,1.5151515151515151,0.0,0.272
33,91.1,9,2,0.595,0.0768,0,1,5.2,0.785,4.28,6.93,9.02,6.6,0,1.2727272727272727,819.9,0.3225806451612903,0.0,3.9269999999999996
37,91.0,1,10,0.292,0.0136,2,0,4.0,0.393,3.32,5.87,6.94,4.5,0,1.027027027027027,91.0,2.0,0.0034256926952141056,1.3139999999999998
6,36.29,1,8,0.215,0.0584,1,1,5.9,0.7,3.46,6.6,7.6,4.3,0,1.1666666666666667,36.29,1.1594202898550725,0.006790697674418605,0.9245
44,28.62,12,4,0.03,0.0208,2,0,6.7,0.812,3.8,7.43,7.4,3.0,0,1.2727272727272727,343.44,0.5194805194805194,0.004952380952380952,0.09
35,18.25,1,42,0.341,0.0512,1,0,4.3,0.632,4.18,4.37,8.34,5.3,0,1.0285714285714285,18.25,7.9245283018867925,0.005481798715203426,1.8073000000000001
57,80.52,1,8,0.156,0.0864,1,0,4.1,0.473,3.89,6.0,7.94,3.6,0,1.0175438596491229,80.52,1.5686274509803924,0.009664429530201342,0.5616
49,157.33,1,45,0.293,0.1192,0,0,0.0,0.436,5.0,2.78,9.6,4.1,0,1.0204081632653061,157.33,45.0,0.0,1.2012999999999998
34,26.68,1,28,0.256,0.1512,0,0,5.2,0.709,3.33,5.37,7.83,4.6,0,1.0294117647058822,26.68,4.516129032258064,0.0,1.1776
20,139.05,11,11,0.575,0.1832,2,0,1.8,0.371,3.27,5.42,6.33,6.2,0,1.55,1529.5500000000002,3.928571428571429,0.04998635743519782,3.565
2,30.39,1,11,0.149,0.056,0,0,5.6,0.251,3.14,6.35,7.95,3.9,0,1.5,30.39,1.6666666666666667,0.0,0.5811
24,77.29,19,18,0.385,0.1832,2,0,0.0,0.742,3.68,4.73,6.74,5.2,0,1.7916666666666665,1468.5100000000002,18.0,0.04733850129198967,2.0020000000000002
18,109.5,5,5,0.264,0.0904,0,1,1.3,0.629,4.49,5.35,9.19,4.2,0,1.2777777777777777,547.5,2.173913043478261,0.0,1.1088
10,137.36,1,7,0.288,0.0288,2,0,1.3,0.415,3.01,5.12,6.58,4.2,0,1.1,137.36,3.0434782608695654,0.007598944591029023,1.2096
32,43.97,9,46,0.376,0.0976,0,1,4.5,0.761,3.14,4.5,7.81,5.4,0,1.28125,395.73,8.363636363636363,0.0,2.0304
12,59.48,10,57,0.615,0.028,1,0,2.3,0.8,3.18,3.25,7.42,6.9,1,1.8333333333333335,594.8,17.272727272727273,0.00332541567695962,4.2435
2,90.0,1,24,0.11,0.012,0,0,2.7,0.659,2.94,4.73,7.9,3.2,0,1.5,90.0,6.486486486486486,0.0,0.35200000000000004
5,42.22,3,23,0.202,0.1032,0,0,3.5,0.625,4.13,5.12,8.79,4.2,0,1.6,126.66,5.111111111111111,0.0,0.8484
57,85.97,1,8,0.54,0.0576,0,0,3.8,0.917,4.3,5.9,9.11,6.3,0,1.0175438596491229,85.97,1.6666666666666667,0.0,3.402
32,149.93,1,38,0.312,0.1104,2,0,4.1,0.731,3.85,4.5,7.15,4.3,0,1.03125,149.93,7.450980392156863,0.0270920245398773,1.3416
27,44.79,14,22,0.257,0.2224,0,1,0.9,0.507,4.48,4.67,8.74,4.5,0,1.5185185185185186,627.06,11.578947368421053,0.0,1.1565
14,77.0,1,36,0.404,0.016,1,0,1.6,0.558,5.0,3.77,9.28,5.4,0,1.0714285714285714,77.0,13.846153846153845,0.0015564202334630351,2.1816000000000004
11,65.12,3,52,0.283,0.172,3,0,2.0,0.416,4.14,3.17,6.57,4.6,1,1.2727272727272727,195.36,17.333333333333332,0.06816380449141347,1.3017999999999998
28,60.46,8,15,0.206,0.0888,1,0,0.0,0.684,3.79,4.52,7.83,4.1,0,1.2857142857142856,483.68,15.0,0.010056625141562855,0.8445999999999999
60,96.95,16,6,0.208,0.1584,1,0,4.2,0.934,2.73,6.63,6.54,3.9,0,1.2666666666666666,1551.2,1.1538461538461537,0.021007957559681698,0.8111999999999999
32,81.87,1,13,0.11,0.0176,0,0,6.3,0.102,3.86,6.48,8.8,3.3,0,1.03125,81.87,1.7808219178082192,0.0,0.363
19,77.58,5,16,0.199,0.0464,1,0,3.1,0.341,5.0,5.4,9.18,3.9,0,1.263157894736842,387.9,3.9024390243902443,0.0045579567779960705,0.7761
13,59.31,4,4,0.374,0.0904,1,0,3.8,0.57,4.37,6.2,8.4,5.3,0,1.3076923076923077,237.24,0.8333333333333334,0.009617021276595744,1.9822
17,83.31,9,9,0.525,0.0296,1,0,6.0,0.302,3.34,6.85,7.57,6.2,0,1.5294117647058822,749.79,1.2857142857142858,0.0034539089848308053,3.2550000000000003
29,206.75,8,40,0.581,0.0064,1,1,1.0,0.593,1.59,3.6,5.9,5.8,0,1.2758620689655173,1654.0,20.0,0.0009275362318840579,3.3697999999999997
59,197.33,15,42,0.14,0.1528,2,0,2.2,0.547,3.8,4.13,6.96,2.8,0,1.2542372881355932,2959.9500000000003,13.125,0.03839195979899497,0.392
46,107.45,1,21,0.171,0.0928,0,0,1.2,0.672,5.0,4.38,9.69,3.6,0,1.0217391304347827,107.45,9.545454545454545,0.0,0.6156
19,75.57,1,10,0.127,0.1384,3,0,5.5,0.341,2.68,6.37,5.22,3.4,0,1.0526315789473684,75.57,1.5384615384615385,0.0667524115755627,0.4318
25,29.69,13,80,0.578,0.0328,0,1,3.4,0.803,5.0,2.57,9.89,6.9,0,1.52,385.97,18.18181818181818,0.0,3.9882
48,54.68,13,89,0.2,0.0136,1,0,5.3,0.499,4.36,2.75,8.65,4.1,1,1.2708333333333333,710.84,14.126984126984127,0.001409326424870466,0.82
56,43.47,1,59,0.193,0.0464,2,0,0.0,0.405,2.63,2.08,6.14,4.1,1,1.0178571428571428,43.47,59.0,0.01299719887955182,0.7913
17,50.96,9,10,0.259,0.0144,0,0,1.6,0.406,4.19,5.33,9.14,4.5,0,1.5294117647058822,458.64,3.846153846153846,0.0,1.1655
46,153.77,12,48,0.189,0.016,2,0,1.7,0.447,2.66,3.57,6.27,3.4,1,1.2608695652173914,1845.2400000000002,17.777777777777775,0.004401650618982119,0.6426
52,77.06,14,32,0.347,0.0344,0,0,3.5,0.928,2.97,5.03,7.86,5.0,0,1.2692307692307692,1078.8400000000001,7.111111111111111,0.0,1.7349999999999999
14,51.8,4,0,0.107,0.0088,0,0,6.1,0.735,5.0,7.17,9.97,3.4,0,1.2857142857142856,207.2,0.0,0.0,0.36379999999999996
20,42.8,1,30,0.254,0.0432,1,0,0.0,0.888,3.03,3.53,7.22,4.5,0,1.05,42.8,30.0,0.005255474452554746,1.143
37,59.88,1,32,0.272,0.084,3,0,1.6,0.715,2.31,3.97,5.03,4.5,1,1.027027027027027,59.88,12.307692307692307,0.041791044776119404,1.2240000000000002
59,56.82,15,13,0.47,0.1368,3,0,0.8,0.799,4.91,5.12,7.45,5.9,0,1.2542372881355932,852.3,7.222222222222222,0.04856804733727811,2.773
31,53.76,1,5,0.542,0.1536,1,0,3.5,0.975,5.0,5.95,8.82,6.5,0,1.032258064516129,53.76,1.1111111111111112,0.015641547861507125,3.523
6,93.6,1,7,0.325,0.224,2,0,1.8,0.89,3.98,5.28,6.9,4.7,0,1.1666666666666667,93.6,2.5,0.05670886075949367,1.5275
12,61.06,4,36,0.274,0.0072,0,0,0.0,0.288,4.28,3.33,9.26,4.6,0,1.3333333333333333,244.24,36.0,0.0,1.2604
26,63.52,7,12,0.382,0.0567999999999999,0,0,1.6,0.733,3.41,5.17,8.22,5.3,0,1.2692307692307692,444.64000000000004,4.615384615384615,0.0,2.0246
57,49.93,1,12,0.279,0.0944,1,0,3.9,0.407,3.13,5.73,7.15,4.7,0,1.0175438596491229,49.93,2.4489795918367343,0.01158282208588957,1.3113000000000001
27,111.53,14,2,0.434,0.1192,0,0,3.4,0.701,4.18,6.5,8.78,5.4,0,1.5185185185185186,1561.42,0.45454545454545453,0.0,2.3436000000000003
15,117.53,4,72,0.135,0.0072,3,1,1.9,0.588,5.0,2.17,7.98,3.2,1,1.2666666666666666,470.12,24.82758620689655,0.0024053452115812917,0.43200000000000005
11,70.59,1,46,0.268,0.0,1,0,2.9,0.566,4.27,3.7,8.6,4.5,0,1.0909090909090908,70.59,11.794871794871796,0.0,1.206
26,87.81,33,2,0.242,0.1232,0,0,5.6,0.699,4.97,7.87,9.56,4.2,0,2.269230769230769,2897.73,0.30303030303030304,0.0,1.0164
7,93.96,1,33,0.177,0.0136,0,0,1.1,0.95,3.65,3.75,8.6,3.7,0,1.1428571428571428,93.96,15.714285714285714,0.0,0.6549
38,73.24,10,9,0.41,0.2008,1,0,3.3,0.606,3.32,5.98,6.98,5.4,0,1.263157894736842,732.4,2.0930232558139537,0.025162907268170425,2.214
24,113.28,13,7,0.612,0.0456,0,0,0.8,0.769,5.0,5.35,9.85,6.6,0,1.5416666666666665,1472.64,3.888888888888889,0.0,4.0392
27,47.06,7,23,0.546,0.028,0,0,1.9,0.825,3.79,4.72,8.7,6.5,0,1.2592592592592593,329.42,7.931034482758621,0.0,3.5490000000000004
23,42.13,12,30,0.353,0.1656,2,0,6.5,0.571,3.75,6.07,6.86,5.2,0,1.5217391304347827,505.56000000000006,4.0,0.04213740458015267,1.8356
3,72.4,1,117,0.461,0.248,5,0,3.8,0.813,1.46,1.3,2.3,5.8,1,1.3333333333333333,72.4,24.375,0.3757575757575758,2.6738
47,75.58,12,19,0.472,0.0224,0,0,3.5,0.627,4.4,5.62,9.33,5.9,0,1.2553191489361701,906.96,4.222222222222222,0.0,2.7848
18,54.35,1,28,0.087,0.0328,0,0,3.2,0.648,3.36,4.7,8.25,3.3,0,1.0555555555555556,54.35,6.666666666666666,0.0,0.28709999999999997
12,57.64,1,3,0.311,0.0072,1,0,4.5,0.276,2.95,6.38,7.26,4.8,0,1.0833333333333333,57.64,0.5454545454545454,0.0008716707021791767,1.4928
49,74.65,13,23,0.527,0.0344,2,1,1.2,0.734,3.22,4.68,6.77,6.2,0,1.2653061224489797,970.45,10.454545454545453,0.008854568854568855,3.2674000000000003
4,97.42,1,17,0.606,0.1592,0,0,3.4,0.817,4.9,5.32,9.37,6.7,0,1.25,97.42,3.8636363636363633,0.0,4.0602
18,110.45,5,112,0.051,0.1696,0,0,3.6,0.569,3.58,1.37,8.01,2.7,1,1.2777777777777777,552.25,24.347826086956523,0.0,0.1377
21,170.2,1,6,0.257,0.1104,0,0,2.9,0.349,4.33,5.7,8.96,3.8,0,1.0476190476190477,170.2,1.5384615384615385,0.0,0.9766
23,72.09,6,18,0.319,0.1008,2,1,3.4,0.116,1.82,5.43,5.15,4.8,0,1.2608695652173914,432.54,4.090909090909091,0.03278048780487805,1.5312
15,40.21,4,67,0.14,0.0264,0,0,3.6,0.737,4.49,2.98,9.4,3.7,1,1.2666666666666666,160.84,14.56521739130435,0.0,0.5180000000000001
23,70.76,12,1,0.223,0.0088,0,0,1.1,0.717,3.25,5.72,8.22,4.1,0,1.5217391304347827,849.1200000000001,0.47619047619047616,0.0,0.9142999999999999
25,64.3,1,16,0.471,0.0104,0,0,0.0,0.412,4.16,4.23,9.13,5.9,0,1.04,64.3,16.0,0.0,2.7789
14,80.83,4,29,0.27,0.1344,1,0,4.5,0.816,3.92,5.18,7.81,4.4,0,1.2857142857142856,323.32,5.2727272727272725,0.01525539160045403,1.1880000000000002
53,159.86,27,16,0.204,0.0472,1,0,3.4,0.618,3.22,6.23,7.4,3.5,0,1.509433962264151,4316.22,3.6363636363636362,0.005619047619047619,0.714
3,57.58,2,24,0.66,0.0232,1,0,3.1,0.756,3.43,4.9,7.69,7.3,0,1.6666666666666665,115.16,5.853658536585367,0.0026697353279631756,4.8180000000000005
23,60.57,12,34,0.072,0.1528,0,0,6.6,0.664,3.44,5.9,7.93,3.1,0,1.5217391304347827,726.84,4.473684210526316,0.0,0.22319999999999998
15,35.98,4,32,0.175,0.0112,1,0,4.6,0.38,3.91,5.07,8.21,4.0,0,1.2666666666666666,143.92,5.714285714285714,0.0012160694896851247,0.7
57,144.93,15,4,0.287,0.0032,0,1,1.2,0.884,3.93,5.7,8.92,4.1,0,1.263157894736842,2173.9500000000003,1.8181818181818181,0.0,1.1766999999999999
37,77.42,10,33,0.523,0.1336,3,0,3.6,0.604,4.2,4.88,6.75,6.2,0,1.2702702702702702,774.2,7.173913043478262,0.051716129032258064,3.2426000000000004
6,31.47,2,11,0.527,0.1016,1,0,2.1,0.261,4.73,5.22,8.72,6.5,0,1.3333333333333333,62.94,3.5483870967741935,0.010452674897119341,3.4255
39,79.91,20,40,0.505,0.128,1,0,0.0,0.755,3.17,3.67,7.08,6.1,1,1.5128205128205128,1598.1999999999998,40.0,0.015841584158415842,3.0805
53,68.26,1,4,0.167,0.2824,1,0,4.0,0.722,4.11,6.17,7.5,3.8,0,1.0188679245283019,68.26,0.8,0.03322352941176471,0.6346
8,115.65,1,23,0.252,0.0368,1,0,3.9,0.694,3.57,5.18,7.78,4.1,0,1.125,115.65,4.693877551020408,0.0041913439635535305,1.0332
11,155.27,1,4,0.105,0.1304,3,0,2.8,0.401,3.77,5.77,6.34,2.8,0,1.0909090909090908,155.27,1.0526315789473684,0.05329700272479564,0.294
23,79.66,6,43,0.377,0.0488,2,0,5.1,0.764,4.44,4.75,7.94,5.2,0,1.2608695652173914,477.96,7.049180327868853,0.010917225950782997,1.9604000000000001
17,133.35,9,24,0.048,0.0728,1,0,3.2,0.327,2.37,5.17,6.46,2.5,0,1.5294117647058822,1200.1499999999999,5.714285714285714,0.009758713136729224,0.12
28,74.3,29,13,0.434,0.036,1,1,5.6,0.911,3.67,7.18,7.88,5.6,0,2.0357142857142856,2154.7,1.9696969696969697,0.004054054054054054,2.4303999999999997
43,66.97,1,20,0.512,0.1704,1,1,1.3,0.599,4.49,4.47,8.26,6.2,0,1.0232558139534884,66.97,8.695652173913045,0.018401727861771057,3.1744000000000003
23,43.84,12,20,0.393,0.036,0,0,1.3,0.355,5.0,4.83,9.88,5.5,0,1.5217391304347827,526.08,8.695652173913045,0.0,2.1615
17,135.1,9,16,0.236,0.1768,1,0,2.6,0.484,3.73,5.37,7.47,3.8,0,1.5294117647058822,1215.8999999999999,4.444444444444445,0.020873671782762695,0.8967999999999999
5,26.91,1,4,0.44,0.2976,1,0,5.8,0.681,3.65,6.77,6.99,5.9,0,1.2,26.91,0.5882352941176471,0.03724655819774718,2.596
10,42.61,6,39,0.428,0.0208,0,0,0.0,0.621,4.28,3.25,9.21,5.7,0,1.6,255.66,39.0,0.0,2.4396
18,190.21,5,34,0.566,0.052,0,0,0.0,0.461,4.33,3.47,9.16,5.8,0,1.2777777777777777,951.0500000000001,34.0,0.0,3.2827999999999995
59,109.04,30,4,0.102,0.0512,1,0,4.3,0.596,4.53,7.23,8.69,3.1,0,1.5084745762711864,3271.2000000000003,0.7547169811320755,0.005283797729618163,0.3162
52,286.01,14,59,0.29,0.0704,1,1,2.3,0.622,3.67,3.28,7.77,3.3,0,1.2692307692307692,4004.14,17.87878787878788,0.008027366020524515,0.9569999999999999
23,69.4,18,50,0.11,0.2256,3,0,4.9,0.431,3.53,4.73,5.78,3.4,1,1.7826086956521738,1249.2,8.47457627118644,0.09982300884955751,0.374
28,90.97,15,37,0.249,0.0136,0,0,2.9,0.686,5.0,4.62,9.95,4.2,0,1.5357142857142856,1364.55,9.487179487179487,0.0,1.0458
49,99.78,13,32,0.437,0.0152,0,0,3.3,0.844,5.0,4.93,9.95,5.5,0,1.2653061224489797,1297.14,7.441860465116279,0.0,2.4035
42,42.93,22,60,0.328,0.0392,0,0,1.4,0.547,3.43,3.2,8.3,5.0,0,1.5238095238095237,944.46,25.0,0.0,1.6400000000000001
21,38.95,1,78,0.441,0.0008,0,0,0.0,0.529,3.62,1.13,8.62,5.9,1,1.0476190476190477,38.95,78.0,0.0,2.6019
44,140.18,12,38,0.289,0.084,1,0,2.0,0.548,3.51,4.17,7.56,4.2,0,1.2727272727272727,1682.16,12.666666666666666,0.009813084112149534,1.2138
12,135.89,4,15,0.319,0.02,1,0,0.8,0.931,3.47,4.65,7.74,4.4,0,1.3333333333333333,543.56,8.333333333333334,0.002288329519450801,1.4036000000000002
2,94.67,1,10,0.213,0.092,2,0,4.0,0.729,4.04,5.87,7.4,3.9,0,1.5,94.67,2.0,0.021904761904761903,0.8307
53,213.28,14,13,0.594,0.3904,2,0,1.4,0.754,2.52,5.28,4.89,5.9,0,1.2641509433962264,2985.92,5.416666666666667,0.13256366723259763,3.5046
39,86.78,20,61,0.456,0.0144,1,0,5.3,0.336,4.2,4.38,8.49,5.7,0,1.5128205128205128,1735.6,9.682539682539684,0.0015173867228661748,2.5992
57,76.3,29,10,0.044,0.0072,0,0,1.6,0.807,3.49,6.0,8.47,2.9,0,1.5087719298245614,2212.7,3.846153846153846,0.0,0.1276
24,88.35,7,55,0.419,0.0184,0,0,0.0,0.499,3.29,2.48,8.23,5.4,1,1.2916666666666667,618.4499999999999,55.0,0.0,2.2626
9,80.75,3,36,0.178,0.132,1,0,8.5,0.541,4.97,6.13,8.86,3.8,0,1.3333333333333333,242.25,3.789473684210526,0.01338742393509128,0.6763999999999999
54,78.51,28,7,0.74,0.0152,0,0,2.8,0.545,4.51,6.52,9.46,7.7,0,1.5185185185185186,2198.28,1.842105263157895,0.0,5.698
25,260.1,1,23,0.258,0.1032,1,0,1.5,0.771,4.32,4.38,8.31,3.2,0,1.04,260.1,9.2,0.01108485499462943,0.8256000000000001
9,82.02,5,21,0.388,0.0136,2,0,0.0,0.361,3.04,4.12,6.66,5.2,0,1.5555555555555556,410.09999999999997,21.0,0.0035509138381201043,2.0176000000000003
24,50.07,1,1,0.184,0.0776,1,0,4.4,0.356,4.05,6.45,8.12,4.0,0,1.0416666666666667,50.07,0.18518518518518517,0.008508771929824563,0.736
15,110.08,12,153,0.257,0.0144,0,0,4.1,0.94,4.27,1.77,9.22,4.1,1,1.8,1320.96,30.000000000000004,0.0,1.0536999999999999
23,250.16,6,9,0.062,0.0136,1,0,3.3,0.154,3.16,5.85,7.45,1.9,0,1.2608695652173914,1500.96,2.0930232558139537,0.0016094674556213018,0.11779999999999999
18,81.29,5,12,0.254,0.0352,0,0,4.4,0.487,4.29,6.03,9.17,4.3,0,1.2777777777777777,406.45000000000005,2.222222222222222,0.0,1.0922
30,62.34,1,33,0.192,0.0,1,0,1.7,0.658,3.34,3.95,7.67,4.0,0,1.0333333333333334,62.34,12.222222222222221,0.0,0.768
9,90.96,3,115,0.619,0.108,1,1,2.8,0.753,4.57,1.03,8.54,6.8,1,1.3333333333333333,272.88,30.263157894736842,0.011320754716981133,4.2092
55,63.67,14,82,0.594,0.0888,1,0,0.0,0.339,3.18,1.37,7.22,6.8,1,1.2545454545454544,891.38,82.0,0.010802919708029199,4.0392
58,170.38,1,24,0.396,0.1128,1,0,1.3,0.218,4.22,4.27,8.18,4.7,0,1.0172413793103448,170.38,10.434782608695652,0.012287581699346406,1.8612000000000002
28,26.16,1,4,0.204,0.0112,0,0,5.6,0.437,4.33,6.7,9.29,4.3,0,1.0357142857142858,26.16,0.6060606060606061,0.0,0.8771999999999999
26,70.0,7,3,0.258,0.1376,0,0,0.8,0.555,3.52,5.35,8.06,4.4,0,1.2692307692307692,490.0,1.6666666666666665,0.0,1.1352000000000002
11,88.29,1,20,0.359,0.0256,0,1,2.5,0.284,3.9,4.87,8.81,5.0,0,1.0909090909090908,88.29,5.714285714285714,0.0,1.795
47,96.48,12,79,0.378,0.068,0,0,4.1,0.821,3.7,2.82,8.47,5.1,1,1.2553191489361701,1157.76,15.490196078431374,0.0,1.9278
27,51.62,21,23,0.402,0.08,2,0,1.9,0.72,3.72,5.18,7.12,5.5,0,1.7777777777777777,1084.02,7.931034482758621,0.019704433497536943,2.2110000000000003
12,74.22,4,8,0.111,0.0544,0,0,5.3,0.877,5.0,6.5,9.82,3.3,0,1.3333333333333333,296.88,1.2698412698412698,0.0,0.36629999999999996
29,76.65,15,18,0.13,0.1416,1,1,0.5,0.646,3.67,4.77,7.53,3.5,0,1.5172413793103448,1149.75,12.0,0.01660023446658851,0.455
54,21.03,14,21,0.145,0.16,3,0,1.0,0.857,3.64,4.75,6.11,3.9,0,1.2592592592592593,294.42,10.5,0.06751054852320675,0.5655
43,97.05,44,41,0.307,0.0296,1,1,2.5,0.836,5.0,5.25,9.23,4.6,0,2.0232558139534884,4270.2,11.714285714285714,0.0028934506353861193,1.4122
39,80.39,20,17,0.347,0.0128,1,0,0.0,0.799,3.42,4.82,7.71,4.9,0,1.5128205128205128,1607.8,17.0,0.0014695752009184844,1.7003
10,77.69,1,97,0.354,0.012,0,0,5.7,0.522,4.17,2.08,9.13,5.0,1,1.1,77.69,14.477611940298507,0.0,1.77
38,496.33,1,6,0.225,0.0384,0,0,3.6,0.347,3.92,5.93,8.79,1.6,0,1.0263157894736843,496.33,1.3043478260869565,0.0,0.36000000000000004
36,59.68,1,2,0.039,0.0936,1,0,5.2,0.238,3.93,6.67,7.95,2.9,0,1.0277777777777777,59.68,0.3225806451612903,0.01045810055865922,0.11309999999999999
21,39.72,11,18,0.416,0.144,0,0,4.7,0.92,4.47,6.03,8.99,5.7,0,1.5238095238095237,436.91999999999996,3.1578947368421053,0.0,2.3712
43,81.86,11,10,0.185,0.008,2,0,5.3,0.493,2.65,6.63,6.29,3.8,0,1.255813953488372,900.46,1.5873015873015874,0.0021947873799725653,0.703
6,98.95,1,34,0.411,0.0064,1,0,1.3,0.457,4.11,3.77,8.42,5.3,0,1.1666666666666667,98.95,14.782608695652176,0.0006794055201698514,2.1782999999999997
21,73.05,6,28,0.27,0.1208,0,0,2.7,0.548,5.0,4.7,9.6,4.5,0,1.2857142857142856,438.29999999999995,7.5675675675675675,0.0,1.215
49,50.38,13,3,0.128,0.0704,0,0,2.0,0.545,3.31,5.95,8.08,3.6,0,1.2653061224489797,654.94,1.0,0.0,0.46080000000000004
41,121.72,21,21,0.439,0.0456,4,1,2.3,0.875,2.35,5.42,4.53,5.3,0,1.5121951219512195,2556.12,6.363636363636364,0.03298372513562387,2.3266999999999998
33,117.1,9,18,0.414,0.124,0,0,1.8,0.585,4.77,5.0,9.36,5.2,0,1.2727272727272727,1053.8999999999999,6.428571428571429,0.0,2.1528
11,43.57,3,22,0.156,0.0024,0,0,0.3,0.597,4.44,4.1,9.43,3.8,0,1.2727272727272727,130.71,16.923076923076923,0.0,0.5928
37,118.29,28,44,0.605,0.0744,1,1,3.1,0.206,5.0,4.77,9.09,6.5,0,1.7567567567567568,3312.1200000000003,10.731707317073171,0.007373637264618434,3.9325
23,148.92,1,129,0.178,0.1728,1,0,0.0,0.515,5.0,1.0,8.76,3.4,1,1.0434782608695652,148.92,129.0,0.017704918032786888,0.6052
30,76.66,8,8,0.316,0.292,3,0,1.0,0.586,4.92,5.2,6.95,4.8,0,1.2666666666666666,613.28,4.0,0.110188679245283,1.5168
19,35.01,15,5,0.074,0.132,2,1,5.4,0.605,4.23,7.05,7.46,3.3,0,1.7894736842105263,525.15,0.78125,0.031205673758865248,0.24419999999999997
5,99.82,3,62,0.568,0.0464,2,0,0.1,0.581,2.52,2.03,6.03,6.4,1,1.6,299.46,56.36363636363636,0.013200568990042672,3.6351999999999998
50,47.92,13,1,0.303,0.0136,0,0,3.3,0.407,4.52,6.48,9.47,4.8,0,1.26,622.96,0.23255813953488372,0.0,1.4544
15,111.51,4,4,0.03,0.1096,1,0,7.3,0.783,4.58,7.37,8.55,2.5,0,1.2666666666666666,446.04,0.48192771084337344,0.011476439790575915,0.075
26,59.87,14,1,0.027,0.0424,1,1,2.3,0.322,3.7,6.18,7.89,2.8,0,1.5384615384615383,838.18,0.30303030303030304,0.004769403824521934,0.0756
35,69.27,18,35,0.158,0.0744,1,0,1.0,0.815,3.58,4.18,7.67,3.7,0,1.5142857142857142,1246.86,17.5,0.008581314878892733,0.5846
58,112.47,44,98,0.106,0.0872,1,0,5.1,0.512,3.38,3.27,7.42,3.1,1,1.7586206896551724,4948.68,16.065573770491802,0.010356294536817101,0.3286
45,50.2,1,88,0.25,0.0456,2,0,4.0,0.386,3.39,1.97,6.9,4.4,1,1.0222222222222221,50.2,17.6,0.011544303797468354,1.1
56,27.01,15,11,0.245,0.0728,0,0,3.9,0.377,3.57,6.25,8.33,4.6,0,1.2678571428571428,405.15000000000003,2.2448979591836733,0.0,1.127
34,129.23,1,17,0.483,0.1159999999999999,2,0,0.2,0.634,4.07,4.25,7.35,5.6,0,1.0294117647058822,129.23,14.166666666666668,0.027784431137724528,2.7047999999999996
53,57.38,1,3,0.219,0.016,1,0,0.3,0.701,1.67,4.98,5.95,4.2,0,1.0188679245283019,57.38,2.3076923076923075,0.002302158273381295,0.9198000000000001
59,35.8,30,12,0.582,0.016,0,1,5.4,0.404,3.75,7.2,8.7,6.9,0,1.5084745762711864,1074.0,1.875,0.0,4.0158
16,35.13,1,109,0.394,0.0184,0,0,2.5,0.504,3.89,1.0,8.83,5.5,1,1.0625,35.13,31.142857142857142,0.0,2.1670000000000003
54,130.39,1,52,0.018,0.08,0,0,2.4,0.82,3.69,3.23,8.42,2.3,0,1.0185185185185186,130.39,15.294117647058824,0.0,0.04139999999999999
16,120.41,5,50,0.237,0.02,1,0,2.3,0.777,4.44,3.43,8.71,3.9,0,1.3125,602.05,15.151515151515152,0.0020597322348094747,0.9242999999999999
47,201.36,24,72,0.437,0.1344,0,0,6.3,0.419,5.0,4.3,9.55,4.9,0,1.5106382978723403,4832.64,9.863013698630137,0.0,2.1413
35,43.49,1,53,0.264,0.1496,2,0,1.5,0.606,4.1,2.88,7.27,4.6,1,1.0285714285714285,43.49,21.2,0.03617896009673519,1.2144
14,75.47,1,13,0.437,0.1216,4,0,1.9,0.249,3.51,5.02,5.44,5.6,0,1.0714285714285714,75.47,4.482758620689656,0.075527950310559,2.4472
54,34.26,14,10,0.576,0.0144,1,0,1.8,0.311,4.09,5.57,8.38,6.8,0,1.2592592592592593,479.64,3.5714285714285716,0.0015351812366737737,3.9167999999999994
28,70.26,15,8,0.398,0.0344,0,0,3.5,0.538,2.66,6.27,7.55,5.4,0,1.5357142857142856,1053.9,1.7777777777777777,0.0,2.1492000000000004
34,57.82,18,7,0.074,0.024,0,1,0.9,0.405,4.65,5.55,9.57,3.2,0,1.5294117647058822,1040.76,3.68421052631579,0.0,0.2368
41,53.38,11,7,0.155,0.0352,0,0,4.5,0.748,3.37,6.52,8.25,3.8,0,1.2682926829268293,587.1800000000001,1.2727272727272727,0.0,0.589
44,63.74,12,10,0.17,0.0632,0,0,2.5,0.341,3.39,5.73,8.18,3.8,0,1.2727272727272727,764.88,2.857142857142857,0.0,0.646
17,154.91,18,22,0.381,0.0408,4,0,0.0,0.69,5.0,4.5,7.2,4.7,0,2.0588235294117645,2788.38,22.0,0.019902439024390248,1.7907000000000002
8,33.24,3,1,0.266,0.0567999999999999,2,0,4.6,0.382,4.41,6.58,7.89,4.7,0,1.375,99.72,0.17857142857142858,0.012778402699662518,1.2502000000000002
26,27.92,7,37,0.276,0.1232,2,0,1.8,0.776,2.6,3.98,5.86,4.8,1,1.2692307692307692,195.44,13.214285714285715,0.035918367346938776,1.3248
43,131.34,11,4,0.266,0.1568,0,0,1.8,0.807,5.0,5.77,9.48,4.1,0,1.255813953488372,1444.74,1.4285714285714286,0.0,1.0906
23,18.2,6,36,0.054,0.02,0,0,7.4,0.662,3.2,5.87,8.13,3.3,0,1.2608695652173914,109.19999999999999,4.285714285714286,0.0,0.1782
8,44.86,5,44,0.193,0.016,3,0,1.9,0.529,3.47,3.6,6.42,4.1,1,1.625,224.3,15.172413793103448,0.00646900269541779,0.7913
1,43.46,1,94,0.534,0.024,1,0,4.1,0.424,4.07,1.7,8.32,6.5,1,2.0,43.46,18.43137254901961,0.002575107296137339,3.471
19,125.51,15,9,0.713,0.0752,0,1,2.5,0.847,4.6,5.88,9.35,7.2,0,1.7894736842105263,1882.65,2.5714285714285716,0.0,5.1335999999999995
4,81.56,1,13,0.279,0.0808,0,0,2.1,0.454,3.83,5.08,8.56,4.5,0,1.25,81.56,4.193548387096774,0.0,1.2555
52,28.73,1,19,0.069,0.0536,1,0,2.2,0.77,2.54,4.82,6.69,3.3,0,1.0192307692307692,28.73,5.9375,0.0069700910273081925,0.2277
47,43.6,1,27,0.2,0.124,0,0,2.2,0.825,4.38,4.42,8.97,4.1,0,1.0212765957446808,43.6,8.4375,0.0,0.82
27,79.54,7,39,0.133,0.0128,1,0,4.1,0.533,4.64,4.65,8.93,3.5,0,1.2592592592592593,556.7800000000001,7.647058823529412,0.0012890231621349446,0.4655
13,131.35,1,2,0.144,0.0544,0,0,5.5,0.536,4.05,6.77,8.87,3.2,0,1.0769230769230769,131.35,0.3076923076923077,0.0,0.4608
18,31.28,5,59,0.288,0.0896,2,0,3.7,0.647,3.16,3.45,6.53,4.8,1,1.2777777777777777,156.4,12.553191489361701,0.023798140770252323,1.3823999999999999
5,22.13,2,16,0.093,0.0608,2,0,5.5,0.266,3.92,6.1,7.38,3.5,0,1.4,44.26,2.4615384615384617,0.01451073985680191,0.3255
44,57.47,23,20,0.559,0.0032,0,1,3.2,0.318,4.75,5.83,9.74,6.6,0,1.5227272727272727,1321.81,4.761904761904762,0.0,3.6894
48,28.86,25,12,0.545,0.148,2,0,3.1,0.26,4.16,6.27,7.33,6.6,0,1.5208333333333335,721.5,2.9268292682926833,0.035534213685474186,3.597
18,108.53,10,35,0.243,0.0008,0,0,1.7,0.752,3.18,4.15,8.18,4.0,0,1.5555555555555556,1085.3,12.962962962962962,0.0,0.972
21,59.16,22,36,0.032,0.0032,3,1,0.5,0.273,2.29,4.1,5.28,2.9,1,2.0476190476190474,1301.52,24.0,0.0015286624203821658,0.0928
1,100.7,1,17,0.281,0.2504,1,1,2.7,0.809,5.0,5.08,8.5,4.4,0,2.0,100.7,4.594594594594595,0.026357894736842108,1.2364000000000002
21,47.11,1,62,0.18,0.0704,1,0,3.2,0.973,3.12,3.0,7.22,4.0,1,1.0476190476190477,47.11,14.761904761904761,0.00856447688564477,0.72
27,68.26,14,31,0.359,0.2264,3,0,3.8,0.89,3.79,5.18,6.04,5.1,0,1.5185185185185186,955.6400000000001,6.458333333333334,0.09647727272727273,1.8308999999999997
32,79.94,9,20,0.269,0.216,0,0,4.8,0.439,3.02,5.9,7.3,4.4,0,1.28125,719.46,3.4482758620689657,0.0,1.1836000000000002
57,32.49,15,3,0.11,0.0336,0,1,1.8,0.831,4.45,5.95,9.34,3.6,0,1.263157894736842,487.35,1.0714285714285714,0.0,0.396
55,87.6,14,36,0.239,0.1936,2,0,3.6,0.826,3.26,4.87,6.28,4.1,0,1.2545454545454544,1226.3999999999999,7.82608695652174,0.05318681318681318,0.9798999999999999
59,77.46,30,40,0.234,0.072,1,0,0.0,0.893,3.96,4.0,8.05,4.2,0,1.5084745762711864,2323.7999999999997,40.0,0.007955801104972375,0.9828000000000001
57,68.96,43,20,0.08,0.1248,0,0,3.6,0.651,3.51,6.63,8.09,3.1,0,1.7543859649122808,2965.2799999999997,4.347826086956522,0.0,0.24800000000000003
20,82.59,1,3,0.196,0.0456,1,0,1.1,0.547,4.45,5.25,8.63,3.9,0,1.05,82.59,1.4285714285714286,0.004735202492211838,0.7644
58,30.24,30,25,0.561,0.0088,0,1,4.7,0.883,4.18,6.32,9.15,6.7,0,1.5172413793103448,907.1999999999999,4.385964912280701,0.0,3.7587000000000006
46,49.1,35,4,0.503,0.0584,1,0,2.2,0.338,3.04,6.7,7.18,6.2,0,1.7608695652173914,1718.5,1.25,0.0071393643031784845,3.1186000000000003
1,15.75,1,5,0.17,0.0432,1,0,6.1,0.077,3.6,6.82,7.79,4.1,0,2.0,15.75,0.7042253521126761,0.00491467576791809,0.697
20,21.81,6,30,0.64,0.0656,0,0,2.1,0.698,4.59,4.4,9.37,7.3,0,1.3,130.85999999999999,9.67741935483871,0.0,4.672
30,79.8,16,13,0.081,0.0288,1,1,3.8,0.87,4.02,6.15,8.26,3.1,0,1.5333333333333332,1276.8,2.7083333333333335,0.0031101511879049674,0.2511
4,99.42,1,3,0.521,0.0128,0,0,3.6,0.816,3.72,6.08,8.68,6.1,0,1.25,99.42,0.6521739130434783,0.0,3.1781
18,127.22,5,68,0.28,0.0152,1,1,1.0,0.618,4.74,2.1,9.02,4.2,1,1.2777777777777777,636.1,34.0,0.0015169660678642715,1.1760000000000002
7,133.0,1,5,0.059,0.012,0,0,3.3,0.559,4.56,5.88,9.52,2.6,0,1.1428571428571428,133.0,1.1627906976744187,0.0,0.1534
16,249.67,1,32,0.476,0.0664,1,0,1.2,0.679,3.08,3.83,7.19,4.8,0,1.0625,249.67,14.545454545454545,0.008107448107448106,2.2847999999999997
18,18.18,5,121,0.145,0.2688,2,0,1.4,0.882,4.55,1.0,7.32,3.9,1,1.2777777777777777,90.9,50.41666666666667,0.0646153846153846,0.5655
33,158.18,9,8,0.227,0.0152,0,0,1.8,0.316,4.55,5.5,9.5,3.6,0,1.2727272727272727,1423.6200000000001,2.857142857142857,0.0,0.8172
28,75.25,8,5,0.509,0.0464,1,0,5.0,0.589,2.94,6.68,7.12,6.1,0,1.2857142857142856,602.0,0.8333333333333334,0.005714285714285713,3.1048999999999998
56,26.75,15,22,0.343,0.124,2,0,1.3,0.309,3.06,4.83,6.31,5.2,0,1.2678571428571428,401.25,9.56521739130435,0.03392612859097127,1.7836000000000003
36,10.0,10,36,0.281,0.0984,0,0,0.0,0.307,4.42,3.53,9.09,4.9,0,1.2777777777777777,100.0,36.0,0.0,1.3769000000000002
18,64.94,1,39,0.648,0.0112,1,0,2.5,0.383,3.41,3.92,7.71,7.1,0,1.0555555555555556,64.94,11.142857142857142,0.0012858783008036737,4.6008
27,44.22,7,5,0.206,0.2056,3,1,5.6,0.506,3.7,6.85,6.01,4.2,0,1.2592592592592593,309.53999999999996,0.7575757575757576,0.0879885877318117,0.8652
23,71.06,1,3,0.126,0.1024,1,0,9.0,0.661,4.5,7.88,8.49,3.5,0,1.0434782608695652,71.06,0.3,0.010790305584826134,0.441
34,115.58,18,12,0.254,0.0624,1,0,3.9,0.296,4.9,6.3,9.03,4.1,0,1.5294117647058822,2080.44,2.4489795918367343,0.006221335992023928,1.0413999999999999
11,52.37,1,7,0.46,0.0024,1,1,1.1,0.248,3.12,5.05,7.45,5.9,0,1.0909090909090908,52.37,3.333333333333333,0.00028402366863905325,2.7140000000000004
59,66.57,1,22,0.2,0.0824,1,0,0.4,0.241,2.97,4.07,7.03,4.0,0,1.0169491525423728,66.57,15.714285714285715,0.010261519302615192,0.8
37,21.72,1,6,0.338,0.0064,2,0,2.5,0.369,4.01,5.57,7.66,5.2,0,1.027027027027027,21.72,1.7142857142857142,0.0014780600461893765,1.7576000000000003
43,37.4,1,3,0.257,0.0168,0,0,3.1,0.484,4.94,5.92,9.88,4.6,0,1.0232558139534884,37.4,0.7317073170731708,0.0,1.1822
6,59.68,5,30,0.113,0.0256,0,0,3.1,0.592,4.48,4.7,9.39,3.4,0,1.8333333333333335,298.4,7.317073170731708,0.0,0.3842
22,31.84,1,15,0.12,0.0008,3,1,5.6,0.945,3.71,6.15,6.71,3.6,0,1.0454545454545454,31.84,2.272727272727273,0.000311284046692607,0.432
34,49.72,9,5,0.138,0.0496,1,0,5.6,0.29,4.88,6.92,9.05,3.7,0,1.2647058823529411,447.48,0.7575757575757576,0.004935323383084576,0.5106
33,33.45,9,20,0.106,0.0152,0,0,0.0,0.625,4.45,4.3,9.4,3.5,0,1.2727272727272727,301.05,20.0,0.0,0.371
44,92.38,12,11,0.057,0.0416,0,0,0.1,0.809,4.58,4.88,9.44,2.8,0,1.2727272727272727,1108.56,10.0,0.0,0.1596
31,174.95,16,132,0.317,0.1024,1,0,3.0,0.623,4.98,1.53,8.97,4.2,1,1.5161290322580645,2799.2,33.0,0.010270812437311936,1.3314000000000001
34,39.3,1,22,0.057,0.0536,0,0,3.2,0.624,2.82,5.0,7.64,3.2,0,1.0294117647058822,39.3,5.238095238095238,0.0,0.1824
41,89.65,21,12,0.428,0.1488,2,1,1.8,0.542,3.2,5.7,6.37,5.5,0,1.5121951219512195,1882.65,4.285714285714286,0.04037991858887381,2.354
11,37.93,6,9,0.338,0.048,1,1,4.8,0.834,3.04,6.35,7.21,5.1,0,1.5454545454545454,227.57999999999998,1.5517241379310345,0.005846528623629719,1.7238
32,21.04,1,19,0.264,0.0248,1,0,0.2,0.905,4.52,4.15,8.77,4.7,0,1.03125,21.04,15.833333333333334,0.0025383828045035823,1.2408000000000001
10,106.45,3,0,0.268,0.0504,0,0,4.5,0.482,3.29,6.6,8.12,4.2,0,1.3,319.35,0.0,0.0,1.1256000000000002
6,37.14,5,43,0.162,0.0176,0,0,0.8,0.481,3.85,3.28,8.79,3.9,0,1.8333333333333335,185.7,23.88888888888889,0.0,0.6318
20,70.1,6,60,0.345,0.0584,0,0,4.4,0.393,5.0,3.67,9.81,5.0,0,1.3,420.59999999999997,11.11111111111111,0.0,1.7249999999999999
27,55.83,14,52,0.29,0.152,1,0,2.4,0.396,2.94,3.67,6.77,4.7,1,1.5185185185185186,781.62,15.294117647058824,0.019562419562419563,1.363
13,141.96,1,54,0.306,0.0008,0,1,1.8,0.591,5.0,2.93,10.0,4.3,0,1.0769230769230769,141.96,19.28571428571429,0.0,1.3157999999999999
5,128.31,3,12,0.204,0.0032,0,0,1.9,0.459,3.9,5.13,8.89,3.7,0,1.6,384.93,4.137931034482759,0.0,0.7548
43,51.69,11,11,0.238,0.1168,0,1,5.4,0.36,3.68,6.62,8.29,4.4,0,1.255813953488372,568.5899999999999,1.71875,0.0,1.0472000000000001
2,20.66,1,29,0.57,0.0072,1,0,2.6,0.186,3.93,4.45,8.24,6.9,0,1.5,20.66,8.055555555555555,0.0007792207792207792,3.933
27,115.49,14,14,0.292,0.084,0,0,1.9,0.816,4.18,5.4,8.9,4.4,0,1.5185185185185186,1616.86,4.827586206896552,0.0,1.2848
39,66.24,10,10,0.378,0.1344,1,0,2.1,0.76,3.56,5.53,7.45,5.2,0,1.2564102564102564,662.4,3.225806451612903,0.015905325443786984,1.9656
51,58.71,13,74,0.168,0.056,0,0,7.4,0.84,4.45,4.2,9.26,3.8,0,1.2549019607843137,763.23,8.809523809523808,0.0,0.6384
46,93.46,1,13,0.427,0.1104,2,0,4.8,0.861,4.66,5.98,7.96,5.4,0,1.0217391304347827,93.46,2.241379310344828,0.02464285714285714,2.3058
2,99.65,1,16,0.023,0.048,3,0,1.7,0.292,4.12,4.8,6.96,2.6,0,1.5,99.65,5.925925925925926,0.018090452261306535,0.0598
17,144.81,1,0,0.612,0.0864,2,0,1.6,0.869,4.26,5.57,7.64,6.4,0,1.0588235294117647,144.81,0.0,0.02,3.9168000000000003
23,65.98,6,5,0.024,0.008,0,1,2.4,0.937,3.74,5.75,8.71,2.8,0,1.2608695652173914,395.88,1.4705882352941178,0.0,0.0672
11,33.65,1,48,0.384,0.0136,1,0,0.0,0.743,4.02,2.63,8.31,5.5,0,1.0909090909090908,33.65,48.0,0.0014607948442534908,2.112
58,29.05,15,27,0.398,0.036,1,1,0.3,0.746,3.83,4.25,8.04,5.6,0,1.2586206896551724,435.75,20.76923076923077,0.003982300884955752,2.2288
54,90.23,28,2,0.373,0.0424,0,1,3.7,0.895,3.88,7.07,8.74,5.1,0,1.5185185185185186,2526.44,0.425531914893617,0.0,1.9022999999999999
35,79.05,9,9,0.01,0.0448,1,0,2.7,0.944,3.69,5.75,7.87,2.6,0,1.2571428571428571,711.4499999999999,2.4324324324324325,0.005050732807215332,0.026000000000000002
24,84.74,1,61,0.149,0.0416,2,0,2.2,0.444,4.39,2.72,7.92,3.5,1,1.0416666666666667,84.74,19.0625,0.009327354260089685,0.5215
46,49.37,12,22,0.235,0.0328,1,1,0.3,0.819,4.64,4.4,8.86,4.3,0,1.2608695652173914,592.4399999999999,16.923076923076923,0.003326572008113591,1.0105
16,34.83,1,33,0.408,0.236,1,0,2.8,0.688,2.85,4.32,6.4,5.6,0,1.0625,34.83,8.68421052631579,0.031891891891891885,2.2847999999999997
7,57.25,1,16,0.14,0.0408,1,0,2.2,0.458,4.48,4.97,8.68,3.6,0,1.1428571428571428,57.25,5.0,0.004214876033057852,0.5040000000000001
11,66.34,1,9,0.543,0.0312,0,0,2.8,0.444,4.31,5.52,9.21,6.4,0,1.0909090909090908,66.34,2.368421052631579,0.0,3.4752000000000005
60,106.97,31,24,0.232,0.0528,0,1,1.6,0.789,4.29,5.37,9.11,4.0,0,1.5166666666666666,3316.07,9.23076923076923,0.0,0.928
36,107.04,1,24,0.403,0.0248,1,0,2.6,0.907,2.75,4.7,7.0,5.2,0,1.0277777777777777,107.04,6.666666666666666,0.0031,2.0956
55,61.27,1,10,0.26,0.1424,1,0,2.2,0.601,2.15,5.27,6.01,4.5,0,1.018181818181818,61.27,3.125,0.020313837375178317,1.17
8,85.18,5,20,0.453,0.1208,2,0,2.7,0.714,4.22,5.07,7.48,5.7,0,1.625,425.90000000000003,5.405405405405405,0.028490566037735848,2.5821
27,206.26,7,5,0.01,0.0128,1,0,2.4,0.729,1.57,5.78,5.86,1.8,0,1.2592592592592593,1443.82,1.4705882352941178,0.0018658892128279884,0.018000000000000002
44,61.54,12,13,0.177,0.1056,1,0,2.2,0.681,5.0,5.48,8.98,3.9,0,1.2727272727272727,738.48,4.0625,0.010581162324649299,0.6902999999999999
27,63.92,14,30,0.024,0.0312,1,0,2.9,0.634,4.52,4.93,8.75,2.8,0,1.5185185185185186,894.88,7.6923076923076925,0.0031999999999999997,0.0672
46,82.95,24,34,0.205,0.1376,1,0,4.1,0.46,4.01,5.47,7.88,3.9,0,1.5217391304347827,1990.8000000000002,6.666666666666667,0.015495495495495497,0.7995
7,146.65,1,24,0.253,0.0656,1,1,3.1,0.741,2.38,4.87,6.49,3.9,0,1.1428571428571428,146.65,5.853658536585367,0.00875834445927904,0.9867
47,41.51,12,27,0.039,0.1416,2,0,2.7,0.829,5.0,4.95,8.19,3.0,0,1.2553191489361701,498.12,7.297297297297297,0.030816104461371056,0.11699999999999999
50,53.42,1,3,0.263,0.0632,0,0,3.2,0.134,4.96,5.95,9.75,4.5,0,1.02,53.42,0.7142857142857143,0.0,1.1835
3,48.47,1,81,0.192,0.0632,0,0,1.7,0.341,5.0,1.55,9.79,4.1,1,1.3333333333333333,48.47,29.999999999999996,0.0,0.7871999999999999
46,63.61,1,25,0.246,0.0216,0,0,4.2,0.288,3.49,5.18,8.42,4.3,0,1.0217391304347827,63.61,4.8076923076923075,0.0,1.0577999999999999
6,69.04,5,2,0.484,0.0144,0,0,7.9,0.5,4.52,7.7,9.47,6.0,0,1.8333333333333335,345.20000000000005,0.2247191011235955,0.0,2.904
59,87.76,15,9,0.129,0.0128,0,0,7.4,0.429,3.6,7.52,8.56,3.4,0,1.2542372881355932,1316.4,1.0714285714285714,0.0,0.4386
18,35.02,1,9,0.41,0.024,0,0,5.9,0.502,3.21,6.55,8.13,5.7,0,1.0555555555555556,35.02,1.3043478260869565,0.0,2.3369999999999997
1,34.56,1,9,0.11,0.0032,0,0,5.6,0.548,3.92,6.45,8.91,3.6,0,2.0,34.56,1.3636363636363638,0.0,0.396
3,39.99,1,16,0.347,0.028,0,0,2.5,0.866,2.39,5.07,7.3,5.2,0,1.3333333333333333,39.99,4.571428571428571,0.0,1.8044
3,14.01,2,51,0.196,0.0136,0,0,3.4,0.528,2.72,3.65,7.67,4.3,0,1.6666666666666665,28.02,11.59090909090909,0.0,0.8428
21,29.45,6,37,0.425,0.096,1,0,0.4,0.732,3.66,3.48,7.67,5.8,0,1.2857142857142856,176.7,26.42857142857143,0.011072664359861591,2.465
2,85.7,2,7,0.429,0.0576,1,0,0.7,0.822,5.0,4.95,9.14,5.5,0,2.0,171.4,4.11764705882353,0.005680473372781065,2.3595
39,55.55,20,67,0.35,0.0608,0,0,3.1,0.677,4.05,3.35,8.85,5.1,1,1.5128205128205128,1111.0,16.34146341463415,0.0,1.7849999999999997
9,54.86,5,9,0.25,0.024,0,0,7.7,0.719,4.81,7.28,9.73,4.4,0,1.5555555555555556,274.3,1.0344827586206897,0.0,1.1
11,142.57,1,39,0.132,0.0304,0,0,1.4,0.549,4.33,3.55,9.23,3.1,0,1.0909090909090908,142.57,16.25,0.0,0.4092
40,34.58,11,35,0.251,0.0088,0,0,0.5,0.33,3.2,3.78,8.17,4.5,0,1.275,380.38,23.333333333333332,0.0,1.1295
11,194.75,9,46,0.314,0.0032,1,0,4.8,0.777,4.51,4.6,8.83,4.0,0,1.8181818181818183,1752.75,7.931034482758621,0.0003255340793489319,1.256
14,60.49,4,3,0.175,0.1096,0,0,4.1,0.187,2.75,6.35,7.38,3.9,0,1.2857142857142856,241.96,0.5882352941176471,0.0,0.6825
42,86.29,1,28,0.098,0.184,1,0,2.2,0.721,4.48,4.37,8.2,3.2,0,1.0238095238095237,86.29,8.75,0.02,0.31360000000000005
31,57.85,16,8,0.216,0.0912,2,0,0.0,0.944,4.51,5.13,7.87,4.2,0,1.5161290322580645,925.6,8.0,0.02056369785794814,0.9072
1,63.79,1,47,0.235,0.1512,0,0,1.7,0.867,4.57,3.25,9.07,4.3,1,2.0,63.79,17.407407407407405,0.0,1.0105
41,23.17,11,38,0.235,0.0624,1,0,0.4,0.681,3.04,3.6,7.17,4.5,0,1.2682926829268293,254.87,27.142857142857146,0.007637698898408813,1.0574999999999999
21,54.1,6,3,0.472,0.0168,0,0,5.2,0.386,2.47,6.78,7.41,6.0,0,1.2857142857142856,324.6,0.48387096774193544,0.0,2.832
18,109.74,10,58,0.336,0.032,2,0,1.0,0.494,3.56,2.77,7.12,4.7,1,1.5555555555555556,1097.3999999999999,29.0,0.007881773399014778,1.5792000000000002
19,41.1,1,0,0.308,0.0624,0,0,6.8,0.514,5.0,7.3,9.79,4.9,0,1.0526315789473684,41.1,0.0,0.0,1.5092
48,108.62,13,20,0.169,0.0512,0,0,3.9,0.41,5.0,5.73,9.83,3.5,0,1.2708333333333333,1412.06,4.081632653061225,0.0,0.5915
56,57.61,1,70,0.155,0.0592,0,1,2.4,0.853,3.08,2.33,7.88,3.7,1,1.0178571428571428,57.61,20.58823529411765,0.0,0.5735
44,91.42,1,28,0.196,0.0192,0,0,0.4,0.115,4.82,3.77,9.76,3.8,0,1.0227272727272727,91.42,20.0,0.0,0.7448
42,72.67,11,4,0.053,0.0016,1,0,0.7,0.609,3.51,5.4,7.84,2.9,0,1.2619047619047619,799.37,2.3529411764705883,0.0001809954751131222,0.1537
8,93.54,1,34,0.331,0.104,0,1,5.8,0.467,4.73,5.27,9.38,4.8,0,1.125,93.54,5.0,0.0,1.5888
5,62.26,3,65,0.604,0.1432,0,0,3.3,0.75,3.77,2.95,8.29,6.9,1,1.6,186.78,15.116279069767442,0.0,4.1676
57,80.01,15,17,0.158,0.0016,1,1,3.6,0.537,4.36,5.85,8.69,3.6,0,1.263157894736842,1200.15,3.695652173913044,0.0001651186790505676,0.5688
45,48.08,46,57,0.05,0.0384,1,1,3.6,0.435,4.21,4.88,8.42,3.1,0,2.022222222222222,2211.68,12.391304347826088,0.004076433121019108,0.15500000000000003
11,24.06,6,12,0.565,0.072,3,0,0.2,0.503,3.4,4.67,6.16,6.8,0,1.5454545454545454,144.35999999999999,10.0,0.030167597765363124,3.8419999999999996
19,22.55,5,2,0.201,0.0096,0,0,4.3,0.82,3.16,6.5,8.13,4.3,0,1.263157894736842,112.75,0.37735849056603776,0.0,0.8643000000000001
1,41.91,1,26,0.23,0.0384,0,0,4.3,0.966,2.77,5.17,7.64,4.4,0,2.0,41.91,4.90566037735849,0.0,1.0120000000000002
1,50.25,1,23,0.477,0.0256,0,0,1.3,0.521,4.03,4.32,8.94,6.0,0,2.0,50.25,10.0,0.0,2.862
19,51.47,15,71,0.538,0.1144,0,1,3.3,0.479,4.23,3.05,8.85,6.5,1,1.7894736842105263,772.05,16.511627906976745,0.0,3.4970000000000003
12,55.88,1,23,0.463,0.1096,0,0,6.0,0.899,3.8,5.88,8.43,5.9,0,1.0833333333333333,55.88,3.2857142857142856,0.0,2.7317000000000005
33,17.13,1,5,0.023,0.0768,0,0,4.4,0.426,3.82,6.25,8.56,3.1,0,1.0303030303030303,17.13,0.9259259259259258,0.0,0.0713
26,26.08,14,15,0.397,0.0128,2,1,2.9,0.233,4.35,5.68,7.97,5.6,0,1.5384615384615383,365.12,3.8461538461538463,0.002853957636566333,2.2232
40,48.0,1,34,0.398,0.1232,1,0,2.0,0.818,3.91,4.0,7.83,5.5,0,1.025,48.0,11.333333333333334,0.013952434881087203,2.189
13,496.32,10,7,0.454,0.0208,1,0,2.1,0.283,4.22,5.68,8.48,3.2,0,1.7692307692307692,4963.2,2.258064516129032,0.0021940928270042194,1.4528
21,65.21,11,17,0.521,0.1112,2,0,0.9,0.77,2.97,4.82,6.27,6.3,0,1.5238095238095237,717.31,8.947368421052632,0.030591471801925722,3.2823
58,92.62,44,36,0.446,0.0088,1,0,1.5,0.983,3.35,5.17,7.65,5.6,0,1.7586206896551724,4075.28,14.4,0.0010173410404624278,2.4976
48,68.62,25,85,0.053,0.2688,1,1,0.0,0.142,3.09,1.58,6.53,3.0,1,1.5208333333333335,1715.5,85.0,0.03569721115537848,0.159
1,53.27,1,3,0.456,0.1704,5,0,3.2,0.547,2.51,5.95,3.61,5.9,0,2.0,53.27,0.7142857142857143,0.18481561822125817,2.6904000000000003
48,73.0,13,69,0.228,0.0016,0,0,2.6,0.675,3.69,2.85,8.68,4.2,1,1.2708333333333333,949.0,19.166666666666668,0.0,0.9576000000000001
12,71.04,7,13,0.351,0.1072,3,0,0.0,0.338,3.42,4.58,6.06,5.0,0,1.5833333333333335,497.28000000000003,13.0,0.04555240793201133,1.755
60,48.38,1,6,0.381,0.0048,0,0,3.7,0.838,4.3,5.97,9.28,5.4,0,1.0166666666666666,48.38,1.276595744680851,0.0,2.0574000000000003
50,163.01,76,9,0.318,0.1824,0,1,4.6,0.236,4.87,7.75,9.26,4.2,0,2.52,12388.759999999998,1.6071428571428572,0.0,1.3356000000000001
32,51.39,17,8,0.588,0.1344,0,0,3.7,0.525,5.0,6.4,9.55,6.8,0,1.53125,873.63,1.702127659574468,0.0,3.9983999999999997
43,24.77,1,10,0.482,0.056,0,0,1.0,0.613,4.84,4.87,9.65,6.2,0,1.0232558139534884,24.77,5.0,0.0,2.9884
17,36.75,5,48,0.379,0.156,1,0,5.8,0.731,3.34,4.7,7.15,5.4,0,1.2941176470588236,183.75,7.0588235294117645,0.019141104294478527,2.0466
48,69.44,37,3,0.381,0.04,0,1,1.6,0.885,4.34,6.62,9.21,5.3,0,1.7708333333333335,2569.2799999999997,1.1538461538461537,0.0,2.0193
25,67.29,13,6,0.088,0.0536,1,0,3.0,0.158,5.0,6.13,9.15,3.2,0,1.52,874.7700000000001,1.5,0.005280788177339901,0.2816
43,60.73,11,55,0.241,0.0448,3,0,2.0,0.62,3.61,3.28,6.46,4.3,1,1.255813953488372,668.03,18.333333333333332,0.018016085790884716,1.0363
35,115.87,9,10,0.29,0.096,1,1,4.1,0.834,4.66,6.17,8.67,4.3,0,1.2571428571428571,1042.83,1.9607843137254903,0.009927611168562564,1.2469999999999999
47,29.33,12,101,0.146,0.024,0,0,4.6,0.397,3.8,1.93,8.72,3.8,1,1.2553191489361701,351.96,18.03571428571429,0.0,0.5548
51,70.22,13,111,0.27,0.1568,1,0,1.7,0.796,2.61,1.0,6.42,4.5,1,1.2549019607843137,912.86,41.11111111111111,0.02113207547169811,1.215
37,30.84,1,5,0.249,0.0176,0,0,1.0,0.487,3.8,5.12,8.74,4.6,0,1.027027027027027,30.84,2.5,0.0,1.1454
26,48.58,1,2,0.027,0.0392,1,0,1.2,0.898,3.66,5.33,7.86,2.9,0,1.0384615384615385,48.58,0.9090909090909091,0.004424379232505643,0.0783
12,24.01,1,1,0.075,0.1256,1,0,0.0,0.76,3.48,4.98,7.39,3.4,0,1.0833333333333333,24.01,1.0,0.014970202622169247,0.255
40,39.2,11,38,0.403,0.0304,1,0,2.5,0.57,3.85,4.3,8.08,5.6,0,1.275,431.20000000000005,10.857142857142858,0.0033480176211453743,2.2568
13,41.92,1,66,0.309,0.0144,0,0,4.9,0.56,3.69,3.37,8.64,4.9,0,1.0769230769230769,41.92,11.1864406779661,0.0,1.5141
20,50.13,6,7,0.134,0.1104,2,0,5.4,0.305,3.31,6.65,6.61,3.6,0,1.3,300.78000000000003,1.09375,0.029014454664914584,0.48240000000000005
47,51.29,36,41,0.267,0.1256,1,1,5.2,0.489,3.1,5.88,7.01,4.6,0,1.7659574468085106,1846.44,6.612903225806451,0.01568039950062422,1.2282
41,105.73,11,10,0.3,0.1824,1,0,0.0,0.623,3.04,4.87,6.77,4.5,0,1.2682926829268293,1163.03,10.0,0.023474903474903476,1.3499999999999999
30,40.96,8,76,0.531,0.0664,2,0,2.6,0.818,3.42,2.33,6.87,6.5,1,1.2666666666666666,327.68,21.11111111111111,0.01687420584498094,3.4515000000000002
49,34.49,37,120,0.17,0.1472,0,0,2.8,0.764,3.6,2.17,8.11,4.0,1,1.7551020408163265,1276.13,31.578947368421055,0.0,0.68
57,138.48,15,80,0.208,0.02,0,0,3.2,0.425,3.45,2.57,8.38,3.6,1,1.263157894736842,2077.2,19.047619047619047,0.0,0.7488
46,62.86,35,27,0.107,0.0488,0,1,2.8,0.371,3.34,5.75,8.18,3.4,0,1.7608695652173914,2200.1,7.105263157894737,0.0,0.36379999999999996
29,31.12,15,28,0.306,0.0376,0,1,1.6,0.493,3.09,4.63,7.96,5.0,0,1.5172413793103448,466.8,10.769230769230768,0.0,1.53
32,84.9,1,92,0.252,0.0096,1,0,2.9,0.748,3.64,1.4,7.94,4.3,1,1.03125,84.9,23.58974358974359,0.0010738255033557044,1.0836
33,46.87,9,6,0.224,0.0672,2,0,0.9,0.319,2.71,5.3,6.15,4.3,0,1.2727272727272727,421.83,3.1578947368421053,0.018797202797202796,0.9632
6,55.07,1,27,0.114,0.22,4,0,0.5,0.227,3.69,3.85,5.29,3.5,0,1.1666666666666667,55.07,18.0,0.13990461049284578,0.399
52,148.39,1,4,0.075,0.028,3,0,2.4,0.285,4.32,5.63,7.23,2.6,0,1.0192307692307692,148.39,1.1764705882352942,0.010206561360874849,0.195
15,89.22,4,18,0.483,0.0792,1,0,3.4,0.828,5.0,5.37,9.07,5.8,0,1.2666666666666666,356.88,4.090909090909091,0.007864945382323735,2.8013999999999997
4,288.41,1,65,0.082,0.0024,1,0,2.3,0.539,2.77,2.55,7.1,1.8,1,1.25,288.41,19.6969696969697,0.0002962962962962963,0.1476
31,100.71,1,67,0.668,0.0344,0,0,1.4,0.821,2.86,2.15,7.75,7.1,1,1.032258064516129,100.71,27.916666666666668,0.0,4.7428
51,38.51,26,13,0.434,0.1048,0,0,3.2,0.543,4.68,6.28,9.33,5.8,0,1.5098039215686274,1001.26,3.095238095238095,0.0,2.5172
15,100.74,4,17,0.149,0.0688,0,0,4.0,0.51,3.06,5.62,7.83,3.4,0,1.2666666666666666,402.96,3.4,0.0,0.5065999999999999
33,23.28,9,123,0.044,0.0272,0,0,4.2,0.491,4.01,1.7,8.92,3.2,1,1.2727272727272727,209.52,23.653846153846153,0.0,0.1408
47,37.96,24,24,0.301,0.0272,0,1,0.0,0.827,5.0,4.6,9.91,4.9,0,1.5106382978723403,911.04,24.0,0.0,1.4749
20,47.98,6,31,0.371,0.052,1,1,3.0,0.849,4.86,4.65,9.02,5.3,0,1.3,287.88,7.75,0.005189620758483034,1.9663
33,48.61,1,1,0.243,0.0448,0,0,4.3,0.406,4.31,6.42,9.16,4.4,0,1.0303030303030303,48.61,0.18867924528301888,0.0,1.0692000000000002
18,94.11,5,23,0.109,0.0128,1,0,5.7,0.598,5.0,5.92,9.29,3.2,0,1.2777777777777777,470.55,3.432835820895522,0.0012439261418853258,0.3488
39,49.89,20,40,0.318,0.0616,1,0,2.1,0.79,3.26,4.37,7.39,4.9,0,1.5128205128205128,997.8,12.903225806451612,0.00734207389749702,1.5582
10,95.05,1,12,0.413,0.0984,1,1,1.7,0.593,4.68,5.0,8.69,5.3,0,1.1,95.05,4.444444444444444,0.010154798761609908,2.1889
3,119.39,1,8,0.45,0.0128,0,0,4.6,0.857,3.99,6.17,8.95,5.4,0,1.3333333333333333,119.39,1.4285714285714286,0.0,2.43
34,44.22,1,13,0.348,0.0656,0,1,0.5,0.596,2.76,4.55,7.54,5.2,0,1.0294117647058822,44.22,8.666666666666666,0.0,1.8095999999999999
25,42.14,13,3,0.577,0.0584,0,0,4.5,0.932,4.75,6.78,9.56,6.8,0,1.52,547.82,0.5454545454545454,0.0,3.9235999999999995
28,41.2,22,10,0.532,0.0456,1,0,2.8,0.486,3.41,6.17,7.59,6.5,0,1.7857142857142856,906.4000000000001,2.6315789473684212,0.005308498253783469,3.458
53,28.41,14,108,0.156,0.12,2,1,2.7,0.76,2.83,1.37,6.1,3.9,1,1.2641509433962264,397.74,29.18918918918919,0.033802816901408454,0.6083999999999999
48,32.55,25,20,0.041,0.0728,2,0,1.5,0.344,3.21,5.33,6.63,3.1,0,1.5208333333333335,813.7499999999999,8.0,0.01908256880733945,0.12710000000000002
59,45.84,45,6,0.338,0.0432,0,1,3.2,0.247,3.96,7.27,8.82,5.1,0,1.7627118644067796,2062.8,1.4285714285714286,0.0,1.7238
59,52.91,15,1,0.667,0.0088,0,1,2.8,0.843,3.25,6.38,8.22,7.4,0,1.2542372881355932,793.65,0.2631578947368421,0.0,4.9358
21,165.97,1,114,0.285,0.1144,2,0,1.3,0.646,3.82,1.0,7.11,4.0,1,1.0476190476190477,165.97,49.56521739130435,0.028212083847102346,1.14
15,29.43,8,27,0.294,0.2279999999999999,1,1,5.2,0.902,4.62,5.65,8.19,4.9,0,1.5333333333333332,235.44,4.354838709677419,0.024809575625680078,1.4406
4,41.75,1,44,0.236,0.0368,0,0,3.4,0.485,4.12,3.97,9.0,4.4,0,1.25,41.75,10.0,0.0,1.0384
27,20.5,1,28,0.116,0.0728,0,0,0.0,0.353,3.88,3.63,8.64,3.7,0,1.037037037037037,20.5,28.0,0.0,0.4292
36,91.45,1,15,0.224,0.096,0,0,1.0,0.818,3.47,4.62,8.15,4.0,0,1.0277777777777777,91.45,7.5,0.0,0.896
30,59.26,16,6,0.192,0.012,2,0,3.1,0.691,2.42,6.27,6.05,4.0,0,1.5333333333333332,948.16,1.4634146341463417,0.003404255319148936,0.768
11,60.31,3,51,0.302,0.0304,1,0,4.2,0.302,3.07,3.95,7.3,4.8,0,1.2727272727272727,180.93,9.807692307692307,0.003662650602409638,1.4496
44,72.49,1,5,0.271,0.0416,0,0,5.0,0.65,5.0,6.45,9.86,4.5,0,1.0227272727272727,72.49,0.8333333333333334,0.0,1.2195
25,13.28,13,23,0.175,0.0424,0,1,1.2,0.67,4.11,4.68,8.97,4.1,0,1.52,172.64,10.454545454545453,0.0,0.7174999999999999
51,69.22,13,56,0.434,0.0496,1,0,3.8,0.911,2.81,3.9,6.98,5.6,0,1.2549019607843137,899.86,11.666666666666668,0.006215538847117794,2.4303999999999997
58,40.71,30,17,0.347,0.0616,0,0,3.3,0.701,4.59,6.25,9.38,5.2,0,1.5172413793103448,1221.3,3.9534883720930236,0.0,1.8044
30,44.02,16,81,0.54,0.0248,1,0,5.3,0.443,4.79,3.25,9.04,6.5,1,1.5333333333333332,704.32,12.857142857142858,0.002470119521912351,3.5100000000000002
35,252.1,9,179,0.324,0.008,1,0,3.0,0.369,3.05,1.3,7.36,3.8,1,1.2571428571428571,2268.9,44.75,0.0009569377990430623,1.2312
28,86.82,15,34,0.491,0.024,1,1,3.3,0.341,4.45,4.9,8.7,5.9,0,1.5357142857142856,1302.3,7.906976744186047,0.0024742268041237116,2.8969
30,75.71,8,31,0.391,0.0632,0,0,3.6,0.604,4.42,4.92,9.21,5.3,0,1.2666666666666666,605.68,6.739130434782609,0.0,2.0723
13,80.08,7,82,0.137,0.1104,1,1,1.1,0.402,4.15,1.5,8.12,3.5,1,1.5384615384615383,560.56,39.047619047619044,0.012105263157894737,0.47950000000000004
53,14.21,14,92,0.482,0.0567999999999999,4,0,3.1,0.454,3.19,1.9,5.33,6.3,1,1.2641509433962264,198.94,22.439024390243905,0.035892575039494404,3.0366
44,65.66,12,57,0.331,0.0072,0,0,2.2,0.973,4.69,3.28,9.67,4.9,0,1.2727272727272727,787.92,17.8125,0.0,1.6219000000000001
25,23.58,13,24,0.543,0.0032,0,0,1.5,0.268,5.0,4.73,9.99,6.7,0,1.52,306.53999999999996,9.6,0.0,3.6381000000000006
6,41.82,4,30,0.146,0.0176,1,1,1.8,0.592,4.59,4.23,8.86,3.8,0,1.6666666666666665,167.28,10.714285714285715,0.0017849898580121705,0.5548
32,28.79,9,46,0.157,0.1608,1,0,5.0,0.783,4.11,4.67,7.91,3.9,0,1.28125,259.11,7.666666666666667,0.018047138047138048,0.6123
10,108.46,6,106,0.606,0.008,1,0,3.7,0.654,3.16,1.43,7.47,6.6,1,1.6,650.76,22.5531914893617,0.0009445100354191265,3.9995999999999996
35,37.56,9,7,0.167,0.0144,0,0,3.4,0.618,4.03,6.08,8.98,3.9,0,1.2571428571428571,338.04,1.5909090909090908,0.0,0.6513
39,55.81,10,26,0.398,0.0736,2,0,4.5,0.941,3.0,5.53,6.42,5.5,0,1.2564102564102564,558.1,4.7272727272727275,0.019838274932614555,2.189
51,103.43,26,197,0.394,0.0016,0,1,1.2,0.697,5.0,1.27,9.99,5.1,1,1.5098039215686274,2689.1800000000003,89.54545454545453,0.0,2.0094
20,39.59,1,5,0.162,0.0352,2,0,4.1,0.541,2.89,6.15,6.44,3.9,0,1.05,39.59,0.9803921568627452,0.00946236559139785,0.6318
16,59.59,1,18,0.612,0.4752,4,0,5.7,0.583,2.4,6.03,3.15,6.9,0,1.0625,59.59,2.6865671641791042,0.45802409638554215,4.2228
56,36.67,29,51,0.231,0.3096,3,1,3.1,0.511,3.63,4.45,5.6,4.4,0,1.5178571428571428,1063.43,12.439024390243903,0.14072727272727273,1.0164000000000002
7,70.35,2,52,0.218,0.0096,1,0,2.0,0.705,2.01,3.13,6.31,4.1,1,1.2857142857142856,140.7,17.333333333333332,0.0013132694938440491,0.8937999999999999
55,59.91,1,12,0.59,0.0496,0,0,1.0,0.868,2.95,4.77,7.78,6.8,0,1.018181818181818,59.91,6.0,0.0,4.012
3,147.92,1,13,0.257,0.0128,0,0,3.8,0.548,4.14,5.65,9.1,3.9,0,1.3333333333333333,147.92,2.7083333333333335,0.0,1.0023
40,42.45,31,17,0.099,0.0272,0,0,1.2,0.739,4.12,5.58,9.03,3.4,0,1.775,1315.95,7.727272727272727,0.0,0.3366
54,88.28,28,36,0.055,0.168,4,0,5.1,0.47,1.83,5.83,3.6,2.9,0,1.5185185185185186,2471.84,5.901639344262295,0.14608695652173914,0.1595
28,72.84,8,8,0.301,0.028,2,0,3.3,0.251,3.25,5.97,6.82,4.7,0,1.2857142857142856,582.72,1.8604651162790697,0.007161125319693095,1.4147
32,60.54,1,61,0.196,0.0144,0,0,7.4,0.663,4.19,4.45,9.14,4.0,0,1.03125,60.54,7.261904761904762,0.0,0.784
60,45.96,1,55,0.549,0.0208,0,0,3.1,0.627,5.0,3.32,9.93,6.6,0,1.0166666666666666,45.96,13.414634146341465,0.0,3.6234
46,58.97,1,6,0.021,0.0464,0,0,5.6,0.722,4.14,6.6,8.99,2.8,0,1.0217391304347827,58.97,0.9090909090909092,0.0,0.0588
40,58.64,1,4,0.427,0.0608,0,0,0.0,0.226,4.46,4.83,9.26,5.6,0,1.025,58.64,4.0,0.0,2.3912
4,184.01,1,8,0.407,0.0696,2,0,0.0,0.613,2.87,4.63,6.3,4.7,0,1.25,184.01,8.0,0.019068493150684932,1.9129
39,47.38,10,1,0.442,0.012,0,1,2.6,0.467,4.03,6.15,8.99,5.8,0,1.2564102564102564,473.8,0.2777777777777778,0.0,2.5636
15,50.3,1,15,0.303,0.0544,1,0,3.8,0.365,4.3,5.55,8.45,4.8,0,1.0666666666666667,50.3,3.125,0.005756613756613757,1.4544
45,30.66,1,7,0.027,0.0976,0,0,0.5,0.314,3.24,4.85,7.91,3.0,0,1.0222222222222221,30.66,4.666666666666667,0.0,0.081
19,43.76,1,10,0.443,0.0152,1,0,3.1,0.594,3.26,5.57,7.54,5.8,0,1.0526315789473684,43.76,2.439024390243903,0.0017798594847775178,2.5694
5,98.41,1,38,0.294,0.0904,2,0,3.1,0.266,5.0,4.17,8.37,4.5,0,1.2,98.41,9.26829268292683,0.019295624332977587,1.323
30,70.13,8,14,0.545,0.0424,0,0,2.5,0.763,4.23,5.4,9.09,6.4,0,1.2666666666666666,561.04,4.0,0.0,3.4880000000000004
47,86.93,24,8,0.25,0.0056,1,1,5.4,0.775,5.0,7.2,9.31,4.2,0,1.5106382978723403,2086.32,1.25,0.0005431619786614937,1.05
44,33.12,12,25,0.45,0.012,0,0,3.8,0.705,3.99,5.42,8.95,6.0,0,1.2727272727272727,397.43999999999994,5.208333333333334,0.0,2.7
4,79.26,1,62,0.129,0.012,0,0,2.3,0.175,4.82,2.7,9.78,3.4,0,1.25,79.26,18.78787878787879,0.0,0.4386
47,49.97,1,142,0.465,0.0312,2,0,3.2,0.831,4.57,1.1,8.13,6.0,1,1.0212765957446808,49.97,33.80952380952381,0.006834611171960569,2.79
31,122.67,1,20,0.202,0.0112,0,0,2.6,0.364,5.0,4.9,9.96,3.7,0,1.032258064516129,122.67,5.555555555555555,0.0,0.7474000000000001
28,126.81,1,17,0.073,0.016,0,1,4.6,0.688,4.69,5.72,9.64,2.8,0,1.0357142857142858,126.81,3.035714285714286,0.0,0.20439999999999997
51,135.7,1,13,0.208,0.0168,0,0,0.6,0.95,2.17,4.58,7.11,3.6,0,1.0196078431372548,135.7,8.125,0.0,0.7488
23,42.04,6,21,0.136,0.0056,0,0,6.2,0.554,3.76,6.22,8.74,3.7,0,1.2608695652173914,252.24,2.9166666666666665,0.0,0.5032000000000001
47,20.71,12,19,0.376,0.028,0,1,2.0,0.962,5.0,5.12,9.91,5.5,0,1.2553191489361701,248.52,6.333333333333333,0.0,2.068
29,202.56,8,37,0.209,0.0567999999999999,2,0,5.4,0.621,4.06,5.22,7.54,3.2,0,1.2758620689655173,1620.48,5.78125,0.013302107728337214,0.6688000000000001
30,99.35,1,16,0.093,0.1312,1,0,3.4,0.571,2.67,5.37,6.57,3.1,0,1.0333333333333334,99.35,3.6363636363636362,0.017331571994715984,0.2883
43,155.47,22,16,0.17,0.188,0,1,3.6,0.482,4.36,6.13,8.73,3.3,0,1.5116279069767442,3420.34,3.4782608695652177,0.0,0.561
58,93.26,15,10,0.135,0.048,1,1,4.1,0.482,2.48,6.37,6.65,3.4,0,1.2586206896551724,1398.9,1.9607843137254903,0.006274509803921568,0.459
50,39.95,38,43,0.257,0.1192,2,1,4.0,0.296,2.77,5.45,6.04,4.6,0,1.76,1518.1000000000001,8.6,0.03386363636363637,1.1822
24,130.76,7,4,0.251,0.0496,2,0,3.4,0.53,4.52,6.17,8.02,4.0,0,1.2916666666666667,915.3199999999999,0.9090909090909091,0.010997782705099778,1.004
10,102.86,6,24,0.139,0.044,1,0,0.0,0.845,2.06,4.0,6.25,3.4,0,1.6,617.16,24.0,0.006068965517241379,0.4726
48,110.81,13,3,0.24,0.1568,1,1,4.6,0.432,4.51,6.82,8.32,4.0,0,1.2708333333333333,1440.53,0.5357142857142857,0.016824034334763947,0.96
47,91.24,1,8,0.468,0.0112,1,0,3.4,0.667,2.8,5.77,7.1,5.7,0,1.0212765957446808,91.24,1.8181818181818181,0.001382716049382716,2.6676
30,61.2,1,47,0.415,0.104,0,0,2.5,0.659,3.58,3.52,8.23,5.5,0,1.0333333333333334,61.2,13.428571428571429,0.0,2.2824999999999998
58,23.23,1,6,0.452,0.0736,1,0,3.4,0.356,4.4,5.87,8.49,6.0,0,1.0172413793103448,23.23,1.3636363636363635,0.007755532139093782,2.712
23,100.24,6,0,0.311,0.1088,0,0,2.0,0.878,3.58,5.87,8.22,4.6,0,1.2608695652173914,601.4399999999999,0.0,0.0,1.4305999999999999
39,122.63,10,89,0.157,0.0112,0,0,0.1,0.602,4.17,1.0,9.13,3.4,1,1.2564102564102564,1226.3,80.9090909090909,0.0,0.5337999999999999
60,32.34,16,0,0.217,0.068,2,1,2.4,0.775,4.43,6.33,7.87,4.3,0,1.2666666666666666,517.44,0.0,0.015332581736189402,0.9330999999999999
21,43.16,6,28,0.271,0.0896,2,0,0.0,0.466,2.85,3.8,6.22,4.6,0,1.2857142857142856,258.96,28.0,0.024819944598337952,1.2466
57,60.79,1,9,0.214,0.0032,1,0,4.0,0.622,4.05,5.92,8.37,4.1,0,1.0175438596491229,60.79,1.8,0.00034151547491995734,0.8774
1,109.69,1,10,0.241,0.244,1,1,2.8,0.862,4.16,5.47,7.68,4.0,0,2.0,109.69,2.6315789473684212,0.028110599078341014,0.964
40,72.93,21,5,0.266,0.1144,1,0,0.2,0.584,3.81,5.52,7.76,4.4,0,1.525,1531.5300000000002,4.166666666666667,0.013059360730593607,1.1704
10,25.37,1,24,0.272,0.1376,1,0,5.6,0.468,3.46,5.7,7.33,4.8,0,1.1,25.37,3.6363636363636367,0.01651860744297719,1.3056
29,72.14,8,1,0.147,0.0832,1,0,6.4,0.321,3.3,7.35,7.36,3.6,0,1.2758620689655173,577.12,0.13513513513513511,0.009952153110047848,0.5292
31,83.6,8,23,0.199,0.06,0,0,2.2,0.452,4.86,4.85,9.66,3.9,0,1.2580645161290323,668.8,7.1875,0.0,0.7761
30,74.55,23,19,0.229,0.0464,2,1,1.9,0.186,4.66,5.45,8.17,4.2,0,1.7666666666666666,1714.6499999999999,6.551724137931035,0.010119956379498364,0.9618000000000001
39,52.36,10,11,0.161,0.0088,0,1,2.3,0.706,4.26,5.55,9.23,3.8,0,1.2564102564102564,523.6,3.3333333333333335,0.0,0.6118
11,11.48,1,35,0.198,0.3072,1,0,0.0,0.762,3.19,3.28,6.5,4.3,0,1.0909090909090908,11.48,35.0,0.040959999999999996,0.8514
43,43.27,1,31,0.17,0.0232,1,0,1.7,0.813,4.11,4.05,8.37,3.9,0,1.0232558139534884,43.27,11.481481481481481,0.0024759871931696906,0.663
50,112.46,1,7,0.568,0.1656,3,0,1.3,0.451,3.74,5.12,6.19,6.3,0,1.02,112.46,3.0434782608695654,0.06909596662030598,3.5783999999999994
22,53.93,12,31,0.163,0.0512,0,0,3.6,0.717,4.67,5.05,9.5,3.8,0,1.5454545454545454,647.16,6.739130434782609,0.0,0.6194
50,85.63,13,105,0.285,0.1392,1,0,2.4,0.442,4.68,1.23,8.55,4.5,1,1.26,1113.19,30.88235294117647,0.01457591623036649,1.2825
59,52.75,1,24,0.343,0.0264,0,0,3.8,0.756,3.3,5.1,8.21,5.1,0,1.0169491525423728,52.75,5.0,0.0,1.7493
25,51.57,13,14,0.094,0.0432,1,0,1.5,0.791,2.74,5.23,6.93,3.3,0,1.52,670.41,5.6,0.00544766708701135,0.3102
25,283.57,7,6,0.215,0.0072,1,0,2.2,0.646,4.69,5.67,9.0,2.8,0,1.28,1984.99,1.875,0.0007199999999999999,0.602
52,256.26,27,18,0.331,0.008,0,0,2.7,0.689,5.0,5.9,9.97,3.8,0,1.5192307692307692,6919.0199999999995,4.864864864864865,0.0,1.2578
25,49.48,1,18,0.474,0.184,1,0,4.4,0.326,2.98,5.6,6.7,6.0,0,1.04,49.48,3.333333333333333,0.023896103896103894,2.844
35,93.34,1,5,0.444,0.1216,0,0,2.6,0.544,4.31,5.65,8.9,5.5,0,1.0285714285714285,93.34,1.3888888888888888,0.0,2.442
50,51.37,1,35,0.277,0.0912,2,0,6.6,0.352,3.82,5.48,7.18,4.6,0,1.02,51.37,4.605263157894737,0.02229828850855746,1.2742
35,32.84,1,55,0.109,0.0616,1,0,3.5,0.451,3.09,3.45,7.22,3.6,1,1.0285714285714285,32.84,12.222222222222221,0.007493917274939174,0.3924
46,80.44,12,44,0.055,0.0168,2,0,0.0,0.737,1.65,3.2,5.26,2.9,1,1.2608695652173914,965.28,44.0,0.00536741214057508,0.1595
35,102.69,1,17,0.066,0.0608,0,0,2.4,0.561,4.38,4.98,9.18,2.8,0,1.0285714285714285,102.69,5.0,0.0,0.1848
47,136.41,1,22,0.054,0.2144,0,0,0.2,0.591,2.98,4.0,7.27,2.6,0,1.0212765957446808,136.41,18.333333333333336,0.0,0.1404
44,50.46,12,84,0.32,0.028,1,0,0.6,0.804,3.51,1.4,7.75,4.9,1,1.2727272727272727,605.52,52.5,0.0032,1.568
17,45.14,1,2,0.352,0.0168,0,0,5.4,0.654,2.97,6.73,7.91,5.2,0,1.0588235294117647,45.14,0.3125,0.0,1.8304
54,42.7,14,15,0.144,0.0328,2,0,3.3,0.824,3.89,5.82,7.45,3.8,0,1.2592592592592593,597.8000000000001,3.488372093023256,0.0077633136094674565,0.5471999999999999
9,136.28,1,24,0.204,0.0904,1,0,5.0,0.497,5.0,5.5,9.03,3.6,0,1.1111111111111112,136.28,4.0,0.00901296111665005,0.7343999999999999
11,37.21,12,30,0.163,0.1056,4,0,3.7,0.63,2.89,5.13,4.87,3.9,0,2.090909090909091,446.52,6.382978723404255,0.07195911413969336,0.6357
39,39.96,30,18,0.109,0.1336,0,1,0.6,0.65,3.78,5.3,8.33,3.5,0,1.7692307692307692,1198.8,11.25,0.0,0.3815
12,186.08,1,13,0.202,0.032,0,0,0.9,0.273,4.62,4.68,9.51,3.3,0,1.0833333333333333,186.08,6.842105263157895,0.0,0.6666
24,70.66,7,5,0.313,0.1752,3,0,0.5,0.62,3.93,5.15,6.35,4.8,0,1.2916666666666667,494.62,3.3333333333333335,0.07151020408163265,1.5024
27,96.26,7,13,0.158,0.0712,1,1,2.3,0.837,3.25,5.35,7.35,3.5,0,1.2592592592592593,673.82,3.9393939393939394,0.008526946107784431,0.553
22,68.91,12,40,0.326,0.0544,0,0,2.6,0.092,5.0,4.27,9.82,4.9,0,1.5454545454545454,826.92,11.11111111111111,0.0,1.5974000000000002
6,48.91,2,14,0.22,0.104,2,0,4.5,0.624,4.02,5.87,7.34,4.2,0,1.3333333333333333,97.82,2.5454545454545454,0.024940047961630695,0.924
5,91.92,2,69,0.517,0.0768,2,0,3.0,0.826,3.03,2.62,6.44,6.1,1,1.4,183.84,17.25,0.020645161290322577,3.1536999999999997
32,28.8,1,44,0.384,0.4336,1,0,1.1,0.602,3.16,3.2,6.05,5.5,1,1.03125,28.8,20.952380952380953,0.061503546099290776,2.112
57,70.85,43,27,0.473,0.0472,1,0,6.2,0.589,3.97,7.15,8.15,5.9,0,1.7543859649122808,3046.5499999999997,3.75,0.0051584699453551906,2.7907
51,63.29,13,17,0.466,0.2104,1,0,4.6,0.55,3.57,6.12,7.2,5.9,0,1.2549019607843137,822.77,3.035714285714286,0.025658536585365856,2.7494000000000005
9,74.27,3,116,0.266,0.0656,1,0,2.3,0.905,2.78,1.0,6.89,4.4,1,1.3333333333333333,222.81,35.151515151515156,0.008314321926489229,1.1704
31,50.16,1,2,0.215,0.0064,0,0,3.3,0.564,3.0,6.03,7.98,4.2,0,1.032258064516129,50.16,0.46511627906976744,0.0,0.903
16,48.32,1,8,0.421,0.1936,1,0,1.9,0.821,2.68,5.27,6.37,5.7,0,1.0625,48.32,2.7586206896551726,0.02626865671641791,2.3997
37,17.21,10,16,0.285,0.0544,2,0,4.5,0.644,3.7,6.03,7.19,4.9,0,1.2702702702702702,172.10000000000002,2.909090909090909,0.013284493284493281,1.3965
19,81.09,5,81,0.144,0.0144,1,0,0.6,0.56,3.25,1.32,7.54,3.5,1,1.263157894736842,405.45000000000005,50.625,0.0016861826697892274,0.504
24,112.8,13,56,0.136,0.0024,0,0,3.9,0.657,4.52,3.93,9.51,3.3,0,1.5416666666666665,1466.3999999999999,11.428571428571427,0.0,0.44880000000000003
12,57.0,7,14,0.086,0.0784,2,0,1.4,0.431,3.24,5.0,6.65,3.3,0,1.5833333333333335,399.0,5.833333333333334,0.02049673202614379,0.28379999999999994
41,70.12,21,36,0.423,0.0168,0,0,0.4,0.642,3.9,4.03,8.84,5.5,0,1.5121951219512195,1472.52,25.714285714285715,0.0,2.3265
11,33.01,1,38,0.12,0.0832,1,0,7.4,0.781,4.18,5.6,8.24,3.6,0,1.0909090909090908,33.01,4.523809523809524,0.009004329004329004,0.432
45,78.59,12,40,0.237,0.1376,1,0,5.0,0.794,3.74,5.07,7.61,4.2,0,1.2666666666666666,943.08,6.666666666666667,0.015981416957026713,0.9954
25,35.47,1,88,0.341,0.0608,0,0,4.9,0.79,4.3,2.27,9.1,5.2,1,1.04,35.47,14.915254237288135,0.0,1.7732
23,67.4,6,7,0.014,0.1632,2,0,5.8,0.613,3.84,6.78,6.96,2.7,0,1.2608695652173914,404.40000000000003,1.0294117647058825,0.04100502512562815,0.0378
55,34.94,1,11,0.278,0.1256,2,0,4.0,0.675,4.61,5.82,7.86,4.7,0,1.018181818181818,34.94,2.2,0.02835214446952596,1.3066000000000002
46,17.31,12,38,0.126,0.108,0,0,4.2,0.558,3.3,4.9,7.94,3.8,0,1.2608695652173914,207.71999999999997,7.3076923076923075,0.0,0.4788
54,84.55,28,10,0.096,0.0768,1,0,3.9,0.509,4.36,6.73,8.44,3.2,0,1.5185185185185186,2367.4,2.0408163265306123,0.008135593220338983,0.30720000000000003
34,94.09,9,31,0.637,0.04,0,0,4.1,0.341,4.81,5.12,9.68,6.9,0,1.2647058823529411,846.8100000000001,6.07843137254902,0.0,4.395300000000001
15,217.64,1,1,0.263,0.004,1,0,1.6,0.522,3.29,5.52,7.61,3.5,0,1.0666666666666667,217.64,0.3846153846153846,0.00046457607433217195,0.9205000000000001
57,20.97,1,15,0.172,0.0672,1,0,4.9,0.517,3.08,5.92,7.19,4.1,0,1.0175438596491229,20.97,2.542372881355932,0.008205128205128203,0.7051999999999998
52,101.9,14,7,0.147,0.12,1,0,5.2,0.737,4.59,6.85,8.52,3.4,0,1.2692307692307692,1426.6000000000001,1.129032258064516,0.012605042016806723,0.49979999999999997
43,33.84,11,107,0.458,0.032,1,0,4.0,0.302,3.74,1.7,7.97,6.0,1,1.255813953488372,372.24,21.4,0.003567447045707916,2.748
48,44.76,13,73,0.307,0.0696,0,0,0.1,0.254,5.0,1.82,9.77,4.9,1,1.2708333333333333,581.88,66.36363636363636,0.0,1.5043000000000002
3,51.99,3,12,0.285,0.068,1,0,7.8,0.308,5.0,7.1,9.11,4.7,0,2.0,155.97,1.3636363636363635,0.00672601384767557,1.3395
14,82.32,4,10,0.228,0.056,0,0,3.2,0.695,3.76,5.7,8.57,4.1,0,1.2857142857142856,329.28,2.380952380952381,0.0,0.9348
20,66.96,6,61,0.185,0.048,0,1,6.2,0.944,4.09,4.22,8.93,3.9,0,1.3,401.76,8.472222222222221,0.0,0.7215
57,96.6,1,69,0.239,0.0904,0,0,4.0,0.484,5.0,2.92,9.7,4.1,0,1.0175438596491229,96.6,13.8,0.0,0.9798999999999999
48,68.46,1,24,0.194,0.0224,0,0,2.5,0.753,4.03,4.67,8.96,3.9,0,1.0208333333333333,68.46,6.857142857142857,0.0,0.7566
57,70.89,29,10,0.567,0.148,0,1,6.0,0.291,4.68,7.47,9.19,6.5,0,1.5087719298245614,2055.81,1.4285714285714286,0.0,3.6854999999999998
49,91.55,13,9,0.251,0.0912,0,0,4.3,0.202,3.25,6.42,7.95,4.2,0,1.2653061224489797,1190.1499999999999,1.6981132075471699,0.0,1.0542
26,73.26,7,28,0.318,0.1608,2,1,2.3,0.589,3.89,4.6,7.02,4.8,0,1.2692307692307692,512.82,8.484848484848484,0.0400997506234414,1.5264
44,104.99,1,1,0.205,0.1416,2,0,1.5,0.81,3.57,5.48,6.76,3.8,0,1.0227272727272727,104.99,0.4,0.03649484536082474,0.7789999999999999
37,70.03,1,28,0.254,0.108,1,0,4.4,0.716,3.96,5.1,7.93,4.4,0,1.027027027027027,70.03,5.185185185185185,0.012094064949608062,1.1176000000000001
59,68.95,30,38,0.458,0.0056,0,0,3.8,0.737,3.82,5.37,8.8,5.8,0,1.5084745762711864,2068.5,7.916666666666667,0.0,2.6564
4,113.87,1,33,0.504,0.4936,4,0,3.0,0.569,1.85,4.38,2.54,5.8,1,1.25,113.87,8.25,0.5577401129943502,2.9232
40,138.89,1,8,0.335,0.0968,0,0,5.1,0.147,2.87,6.33,7.55,4.5,0,1.025,138.89,1.3114754098360657,0.0,1.5075
59,84.42,15,18,0.428,0.0232,1,0,5.5,0.485,5.0,6.43,9.26,5.5,0,1.2542372881355932,1266.3,2.769230769230769,0.0022612085769980507,2.354
46,45.27,35,71,0.368,0.36,3,0,4.5,0.486,4.97,4.12,6.77,5.3,1,1.7608695652173914,1584.45,12.909090909090908,0.13899613899613902,1.9504
52,21.7,1,9,0.246,0.0216,0,0,2.9,0.624,3.46,5.55,8.39,4.6,0,1.0192307692307692,21.7,2.307692307692308,0.0,1.1316
51,10.0,1,10,0.245,0.2024,0,0,2.9,0.447,4.04,5.5,8.37,4.7,0,1.0196078431372548,10.0,2.5641025641025643,0.0,1.1515
46,53.21,24,6,0.181,0.0168,0,1,5.3,0.305,2.86,7.27,7.8,3.9,0,1.5217391304347827,1277.04,0.9523809523809524,0.0,0.7059
54,73.99,1,19,0.347,0.0184,1,0,3.6,0.386,2.65,5.28,6.92,5.0,0,1.0185185185185186,73.99,4.130434782608696,0.002323232323232323,1.7349999999999999
35,18.62,9,11,0.051,0.128,1,0,2.1,0.483,4.32,5.45,8.23,3.2,0,1.2571428571428571,167.58,3.5483870967741935,0.013867822318526544,0.1632
53,26.28,27,10,0.346,0.0056,1,0,0.0,0.78,4.74,5.4,9.05,5.3,0,1.509433962264151,709.5600000000001,10.0,0.0005572139303482587,1.8337999999999999
57,114.23,1,59,0.424,0.0472,1,0,0.0,0.875,2.25,2.08,6.43,5.3,1,1.0175438596491229,114.23,59.0,0.006352624495289367,2.2472
23,57.12,24,0,0.239,0.0736,2,0,0.1,0.634,3.3,5.83,6.72,4.3,0,2.0434782608695654,1370.8799999999999,0.0,0.019067357512953367,1.0276999999999998
47,37.93,1,36,0.332,0.0848,3,0,0.3,0.825,2.15,3.33,4.87,5.1,1,1.0212765957446808,37.93,27.69230769230769,0.04333901192504259,1.6932
25,25.46,7,24,0.113,0.0992,0,0,7.8,0.743,4.9,6.63,9.57,3.6,0,1.28,178.22,2.727272727272727,0.0,0.4068
36,107.05,10,28,0.278,0.076,1,0,4.9,0.615,4.68,5.57,8.76,4.3,0,1.2777777777777777,1070.5,4.745762711864407,0.00778688524590164,1.1954
13,47.9,7,87,0.166,0.0776,0,0,0.8,0.877,4.91,1.15,9.65,3.9,1,1.5384615384615383,335.3,48.33333333333333,0.0,0.6474
57,81.14,29,11,0.429,0.1248,2,1,0.8,0.938,3.07,5.68,6.32,5.5,0,1.5087719298245614,2353.06,6.111111111111111,0.0340983606557377,2.3595
51,49.12,13,20,0.331,0.0216,1,1,3.8,0.248,3.81,5.7,8.07,5.0,0,1.2549019607843137,638.56,4.166666666666667,0.0023814773980154356,1.655
28,36.12,1,47,0.161,0.0456,0,0,3.7,0.353,3.04,3.92,7.89,3.9,0,1.0357142857142858,36.12,10.0,0.0,0.6279
49,49.47,1,74,0.308,0.1408,0,0,3.5,0.645,3.63,2.5,8.16,4.9,1,1.0204081632653061,49.47,16.444444444444443,0.0,1.5092
10,81.33,8,21,0.523,0.0168,0,1,3.1,0.151,4.06,5.25,9.0,6.2,0,1.8,650.64,5.121951219512195,0.0,3.2426000000000004
57,45.33,1,25,0.256,0.0536,0,0,2.3,0.611,4.86,4.55,9.68,4.5,0,1.0175438596491229,45.33,7.575757575757576,0.0,1.1520000000000001
51,44.99,13,9,0.546,0.1056,0,0,4.4,0.41,2.97,6.45,7.62,6.6,0,1.2549019607843137,584.87,1.6666666666666665,0.0,3.6036
13,127.46,1,28,0.511,0.0008,0,0,3.4,0.412,4.19,4.77,9.19,5.8,0,1.0769230769230769,127.46,6.363636363636363,0.0,2.9638
44,109.15,12,20,0.066,0.0376,0,0,5.6,0.767,5.0,6.27,9.87,2.8,0,1.2727272727272727,1309.8000000000002,3.0303030303030303,0.0,0.1848
3,84.51,1,102,0.475,0.0856,1,0,3.0,0.413,4.16,1.03,8.21,5.8,1,1.3333333333333333,84.51,25.5,0.009294245385450596,2.755
19,50.51,1,64,0.621,0.1608,2,0,0.7,0.426,3.13,2.07,6.26,7.0,1,1.0526315789473684,50.51,37.64705882352941,0.044297520661157025,4.3469999999999995
54,39.87,1,46,0.275,0.0456,1,0,3.5,0.574,3.93,3.9,8.11,4.7,0,1.0185185185185186,39.87,10.222222222222221,0.005005488474204171,1.2925000000000002
18,182.31,5,23,0.196,0.0104,1,0,3.3,0.925,4.67,5.12,8.97,3.3,0,1.2777777777777777,911.55,5.348837209302326,0.0010431293881644934,0.6468
43,125.99,1,24,0.41,0.0224,2,0,4.4,0.599,3.37,5.3,6.96,5.1,0,1.0232558139534884,125.99,4.444444444444444,0.005628140703517588,2.0909999999999997
50,92.97,1,9,0.1,0.1504,1,0,4.2,0.643,3.1,5.98,6.93,3.1,0,1.02,92.97,1.7307692307692306,0.01896595208070618,0.31000000000000005
38,318.52,20,66,0.047,0.0112,0,1,3.2,0.481,4.29,3.43,9.25,1.4,0,1.526315789473684,6370.4,15.714285714285714,0.0,0.0658
46,36.56,12,22,0.562,0.0896,0,0,4.6,0.468,5.0,5.83,9.7,6.7,0,1.2608695652173914,438.72,3.928571428571429,0.0,3.7654000000000005
59,133.2,1,14,0.021,0.1648,2,1,3.6,0.339,3.05,5.53,6.17,2.3,0,1.0169491525423728,133.2,3.0434782608695654,0.04596931659693166,0.0483
57,138.54,1,22,0.127,0.0832,0,0,3.4,0.755,2.7,5.07,7.42,3.1,0,1.0175438596491229,138.54,5.0,0.0,0.3937
20,59.97,21,15,0.162,0.0144,0,0,4.6,0.912,5.0,6.48,9.95,3.8,0,2.05,1259.37,2.678571428571429,0.0,0.6156
13,68.58,4,19,0.43,0.0696,0,0,0.0,0.562,3.69,4.18,8.46,5.6,0,1.3076923076923077,274.32,19.0,0.0,2.408
2,145.16,2,14,0.175,0.0392,0,0,3.5,0.771,4.58,5.53,9.45,3.4,0,2.0,290.32,3.111111111111111,0.0,0.595
12,126.23,1,2,0.438,0.0448,1,0,3.1,0.251,4.29,5.97,8.47,5.3,0,1.0833333333333333,126.23,0.48780487804878053,0.004730728616684266,2.3214
55,55.47,1,22,0.23,0.0376,1,0,1.8,0.391,4.96,4.53,9.17,4.3,0,1.018181818181818,55.47,7.857142857142858,0.003697148475909538,0.989
7,147.5,6,14,0.123,0.0048,1,0,0.4,0.796,5.0,4.63,9.32,3.0,0,1.8571428571428572,885.0,10.0,0.0004651162790697674,0.369
50,69.01,1,43,0.326,0.0888,1,0,1.1,0.679,4.63,3.25,8.67,4.9,0,1.02,69.01,20.476190476190474,0.009183040330920373,1.5974000000000002
59,134.66,30,6,0.308,0.0456,0,1,2.8,0.438,4.99,6.63,9.84,4.3,0,1.5084745762711864,4039.7999999999997,1.5789473684210527,0.0,1.3244
2,36.51,2,21,0.603,0.0592,0,0,4.5,0.794,4.19,5.52,8.99,7.0,0,2.0,73.02,3.8181818181818183,0.0,4.221
21,63.98,1,14,0.275,0.0464,0,1,6.0,0.312,3.24,6.33,8.09,4.5,0,1.0476190476190477,63.98,2.0,0.0,1.2375
36,57.46,28,1,0.125,0.1416,2,0,0.3,0.812,3.11,5.98,6.3,3.5,0,1.7777777777777777,1608.88,0.7692307692307692,0.03879452054794521,0.4375
38,52.29,10,19,0.519,0.188,0,0,4.6,0.757,4.79,5.92,9.16,6.3,0,1.263157894736842,522.9,3.3928571428571432,0.0,3.2697
54,181.24,1,13,0.538,0.0304,0,0,4.2,0.242,4.82,5.78,9.72,5.7,0,1.0185185185185186,181.24,2.5,0.0,3.0666
43,114.34,1,46,0.318,0.0472,0,0,5.0,0.677,3.74,4.4,8.58,4.5,0,1.0232558139534884,114.34,7.666666666666667,0.0,1.431
9,86.96,1,69,0.376,0.0152,1,0,3.3,0.728,3.3,2.68,7.58,5.1,1,1.1111111111111112,86.96,16.046511627906977,0.0017715617715617716,1.9176
48,88.26,25,13,0.344,0.1384,2,0,3.3,0.251,3.7,6.28,6.91,4.9,0,1.5208333333333335,2206.5,3.0232558139534884,0.0349936788874842,1.6856
27,75.25,1,75,0.268,0.0296,1,1,2.5,0.217,3.14,2.12,7.37,4.4,1,1.037037037037037,75.25,21.428571428571427,0.0035364396654719234,1.1792000000000002
11,67.9,9,34,0.68,0.0352,1,0,2.9,0.71,2.87,4.57,7.09,7.4,0,1.8181818181818183,611.1,8.717948717948719,0.004351050679851669,5.032000000000001
25,29.54,7,20,0.173,0.0632,0,0,2.6,0.37,4.0,5.1,8.79,4.0,0,1.28,206.78,5.555555555555555,0.0,0.692
27,53.64,21,56,0.438,0.06,2,1,1.5,0.957,3.57,3.4,7.04,5.7,0,1.7777777777777777,1126.44,22.4,0.01492537313432836,2.4966
27,98.81,7,24,0.607,0.1488,1,0,2.5,0.846,3.85,4.87,7.69,6.7,0,1.2592592592592593,691.6700000000001,6.857142857142857,0.017123130034522437,4.0669
5,48.7,1,4,0.293,0.04,1,0,1.5,0.488,3.06,5.33,7.26,4.8,0,1.2,48.7,1.6,0.004842615012106538,1.4063999999999999
17,27.46,9,4,0.042,0.1224,3,0,1.0,0.359,3.84,5.43,6.43,3.1,0,1.5294117647058822,247.14000000000001,2.0,0.049421265141318976,0.1302
24,150.23,13,89,0.475,0.1976,0,0,0.1,0.336,5.0,1.02,9.34,5.4,1,1.5416666666666665,1952.9899999999998,80.9090909090909,0.0,2.565
2,25.29,1,19,0.208,0.1135999999999999,1,0,6.5,0.79,3.5,6.25,7.45,4.3,0,1.5,25.29,2.533333333333333,0.01344378698224851,0.8944
39,77.52,1,6,0.808,0.0216,1,0,5.0,0.268,3.98,6.4,8.24,8.2,0,1.0256410256410255,77.52,1.0,0.0023376623376623377,6.6255999999999995
27,93.24,7,9,0.347,0.0376,0,0,0.9,0.82,4.64,5.08,9.51,4.9,0,1.2592592592592593,652.68,4.736842105263158,0.0,1.7003
19,61.42,15,9,0.142,0.064,1,0,4.4,0.526,3.68,6.52,7.8,3.6,0,1.7894736842105263,921.3000000000001,1.6666666666666665,0.007272727272727273,0.5112
47,71.69,24,21,0.312,0.1024,2,1,6.4,0.592,3.86,6.88,7.19,4.8,0,1.5106382978723403,1720.56,2.8378378378378377,0.025006105006105003,1.4976
21,80.96,11,20,0.16,0.0056,1,0,4.4,0.822,4.79,5.83,9.1,3.6,0,1.5238095238095237,890.56,3.7037037037037033,0.0005544554455445545,0.5760000000000001
51,52.42,13,1,0.259,0.0632,0,1,5.2,0.268,3.61,7.12,8.4,4.5,0,1.2549019607843137,681.46,0.16129032258064516,0.0,1.1655
7,85.11,1,2,0.245,0.2504,1,0,0.0,0.843,2.74,4.93,6.24,4.2,0,1.1428571428571428,85.11,2.0,0.034585635359116025,1.029
14,77.59,11,65,0.163,0.2464,2,0,0.9,0.406,2.43,2.42,5.28,3.7,1,1.7857142857142856,853.49,34.21052631578947,0.07847133757961783,0.6031000000000001
53,121.83,27,69,0.386,0.0567999999999999,2,0,0.0,0.669,3.64,2.45,7.12,5.0,1,1.509433962264151,3289.41,69.0,0.013990147783251205,1.9300000000000002
13,42.02,7,15,0.5,0.1168,1,0,5.5,0.611,2.69,6.32,6.63,6.2,0,1.5384615384615383,294.14000000000004,2.3076923076923075,0.015307994757536043,3.1
6,108.55,2,16,0.403,0.0944,1,0,3.7,0.565,3.42,5.5,7.44,5.2,0,1.3333333333333333,217.1,3.404255319148936,0.011184834123222747,2.0956
59,47.44,1,40,0.227,0.08,1,0,0.1,0.798,4.65,3.07,8.72,4.3,0,1.0169491525423728,47.44,36.36363636363636,0.008230452674897118,0.9761
55,94.86,1,9,0.312,0.0424,1,0,4.5,0.745,4.79,6.08,8.98,4.6,0,1.018181818181818,94.86,1.6363636363636365,0.004248496993987976,1.4351999999999998
30,11.2,8,33,0.334,0.2759999999999999,6,0,4.1,0.662,3.31,4.98,4.06,5.3,0,1.2666666666666666,89.6,6.470588235294118,0.3272727272727272,1.7702
38,65.87,10,8,0.236,0.1768,0,1,1.0,0.513,3.89,5.27,8.3,4.3,0,1.263157894736842,658.7,4.0,0.0,1.0148
15,69.98,4,4,0.113,0.1024,2,0,2.8,0.674,3.49,5.87,6.82,3.4,0,1.2666666666666666,279.92,1.0526315789473684,0.02618925831202046,0.3842
24,79.17,7,40,0.031,0.0016,1,0,1.2,0.508,2.86,3.63,7.19,2.7,0,1.2916666666666667,554.19,18.18181818181818,0.00019536019536019533,0.08370000000000001
11,103.76,6,12,0.146,0.024,0,0,3.3,0.711,4.21,5.7,9.13,3.4,0,1.5454545454545454,622.5600000000001,2.7906976744186047,0.0,0.49639999999999995
27,60.46,7,2,0.654,0.148,2,0,7.0,0.349,4.2,7.47,7.37,7.2,0,1.2592592592592593,423.22,0.25,0.03536439665471923,4.7088
32,98.9,1,20,0.168,0.1008,1,0,4.9,0.813,4.05,5.67,8.05,3.6,0,1.03125,98.9,3.389830508474576,0.011138121546961326,0.6048
33,99.47,1,96,0.119,0.036,0,0,3.1,0.245,3.23,1.27,8.11,3.2,1,1.0303030303030303,99.47,23.414634146341466,0.0,0.3808
32,69.63,9,57,0.818,0.1072,1,0,4.5,0.545,4.25,3.95,8.23,8.3,1,1.28125,626.67,10.363636363636363,0.01161430119176598,6.7894000000000005
52,76.78,14,5,0.336,0.0048,0,1,3.6,0.402,4.7,6.42,9.68,4.9,0,1.2692307692307692,1074.92,1.0869565217391306,0.0,1.6464000000000003
12,108.81,4,14,0.614,0.0312,0,0,0.0,0.491,3.41,4.43,8.31,6.6,0,1.3333333333333333,435.24,14.0,0.0,4.0524
39,37.55,1,66,0.438,0.0456,1,0,6.8,0.45,3.83,4.0,8.01,5.8,1,1.0256410256410255,37.55,8.461538461538462,0.005061043285238624,2.5404
21,26.87,1,8,0.06,0.172,5,0,0.0,0.873,3.56,4.63,4.65,3.3,0,1.0476190476190477,26.87,8.0,0.15221238938053094,0.19799999999999998
57,79.23,15,16,0.235,0.0424,1,0,0.2,0.827,3.99,4.77,8.18,4.2,0,1.263157894736842,1188.45,13.333333333333334,0.004618736383442266,0.987
25,56.23,1,5,0.233,0.0608,1,1,4.0,0.365,3.62,6.12,7.75,4.3,0,1.04,56.23,1.0,0.006948571428571429,1.0019
56,192.07,29,15,0.263,0.0128,0,1,0.2,0.813,4.0,5.28,8.96,3.7,0,1.5178571428571428,5570.03,12.5,0.0,0.9731000000000001
23,73.51,1,5,0.048,0.0224,0,0,0.6,0.789,5.0,4.98,9.93,2.9,0,1.0434782608695652,73.51,3.125,0.0,0.1392
30,130.39,16,33,0.22,0.0672,0,1,2.0,0.309,3.62,4.55,8.4,3.8,0,1.5333333333333332,2086.24,11.0,0.0,0.836
18,150.99,5,27,0.172,0.1072,0,1,4.0,0.585,3.42,5.15,8.06,3.3,0,1.2777777777777777,754.95,5.4,0.0,0.5675999999999999
55,52.01,42,7,0.25,0.1104,0,1,3.5,0.838,3.92,7.22,8.55,4.4,0,1.7636363636363637,2184.42,1.5555555555555556,0.0,1.1
26,119.83,7,86,0.356,0.068,1,0,4.6,0.373,4.32,2.47,8.43,4.8,1,1.2692307692307692,838.81,15.357142857142858,0.0072110286320254515,1.7087999999999999
20,108.76,1,1,0.066,0.0088,1,0,0.5,0.976,2.75,5.15,7.05,2.8,0,1.05,108.76,0.6666666666666666,0.001093167701863354,0.1848
41,70.88,21,19,0.296,0.1,2,1,0.6,0.142,3.64,4.95,6.97,4.6,0,1.5121951219512195,1488.48,11.875,0.025094102885821833,1.3616
35,37.44,1,85,0.082,0.0096,2,0,2.6,0.792,4.93,1.65,8.56,3.3,1,1.0285714285714285,37.44,23.61111111111111,0.00200836820083682,0.2706
47,188.94,12,68,0.221,0.0136,0,0,4.6,0.527,3.46,3.53,8.41,3.4,0,1.2553191489361701,2267.2799999999997,12.142857142857144,0.0,0.7514
13,51.95,4,2,0.129,0.092,1,0,5.3,0.555,4.58,6.8,8.61,3.6,0,1.3076923076923077,207.8,0.31746031746031744,0.009573361082206036,0.46440000000000003
42,96.28,11,31,0.288,0.0376,2,0,2.1,0.619,4.5,4.52,8.04,4.4,0,1.2619047619047619,1059.08,10.0,0.008318584070796461,1.2672
3,134.21,1,2,0.165,0.1568,1,0,0.0,0.548,3.13,4.93,6.94,3.3,0,1.3333333333333333,134.21,2.0,0.019748110831234254,0.5445
55,48.95,83,89,0.273,0.052,1,1,6.7,0.674,4.8,4.45,8.96,4.6,0,2.509090909090909,4062.8500000000004,11.558441558441558,0.005220883534136546,1.2558
53,76.0,1,4,0.118,0.0296,3,0,2.4,0.623,3.05,5.63,5.95,3.4,0,1.0188679245283019,76.0,1.1764705882352942,0.012776978417266186,0.40119999999999995
33,31.78,9,20,0.288,0.0088,0,0,1.2,0.264,4.75,4.7,9.72,4.8,0,1.2727272727272727,286.02,9.09090909090909,0.0,1.3823999999999999
42,74.15,1,23,0.106,0.056,1,0,5.0,0.796,5.0,5.55,9.15,3.3,0,1.0238095238095237,74.15,3.8333333333333335,0.005517241379310344,0.34979999999999994
42,55.98,1,22,0.119,0.0688,0,0,5.2,0.913,4.19,5.67,8.96,3.5,0,1.0238095238095237,55.98,3.5483870967741935,0.0,0.4165
44,150.71,23,107,0.387,0.0112,0,0,0.2,0.168,4.56,1.0,9.52,4.8,1,1.5227272727272727,3466.3300000000004,89.16666666666667,0.0,1.8576
2,61.44,1,34,0.02,0.056,1,1,1.9,0.538,4.7,3.97,8.85,2.8,0,1.5,61.44,11.724137931034484,0.005685279187817259,0.055999999999999994
22,76.37,12,53,0.062,0.1064,0,0,5.0,0.491,3.44,4.42,8.09,3.0,0,1.5454545454545454,916.44,8.833333333333334,0.0,0.186
41,140.89,31,79,0.372,0.1216,3,0,0.6,0.909,2.97,2.28,5.56,4.8,1,1.7560975609756098,4367.589999999999,49.375,0.05560975609756098,1.7855999999999999
4,63.73,3,18,0.361,0.0064,0,1,4.1,0.508,4.25,5.57,9.23,5.1,0,1.75,191.19,3.5294117647058827,0.0,1.8410999999999997
40,149.0,11,8,0.372,0.1464,1,0,3.2,0.635,3.16,6.03,7.01,4.7,0,1.275,1639.0,1.9047619047619047,0.018277153558052435,1.7484
39,142.74,20,66,0.334,0.1224,1,0,1.0,0.882,2.41,2.7,6.34,4.5,1,1.5128205128205128,2854.8,33.0,0.01667574931880109,1.5030000000000001
29,72.65,15,24,0.647,0.0112,0,0,5.2,0.653,3.52,6.03,8.48,7.1,0,1.5172413793103448,1089.75,3.8709677419354835,0.0,4.5937
55,71.18,14,12,0.259,0.0472,1,0,1.1,0.327,4.7,5.23,8.88,4.4,0,1.2545454545454544,996.5200000000001,5.714285714285714,0.0047773279352226715,1.1396000000000002
30,44.09,1,39,0.289,0.0416,0,0,4.6,0.774,3.5,4.62,8.36,4.8,0,1.0333333333333334,44.09,6.964285714285714,0.0,1.3871999999999998
47,108.73,12,4,0.262,0.0824,1,0,5.2,0.621,3.92,6.93,7.98,4.2,0,1.2553191489361701,1304.76,0.6451612903225806,0.009175946547884187,1.1004
14,134.99,1,7,0.206,0.2664,2,0,4.5,0.341,3.87,6.18,6.65,3.6,0,1.0714285714285714,134.99,1.2727272727272727,0.06964705882352941,0.7415999999999999
2,154.56,1,13,0.358,0.1168,1,1,1.7,0.706,3.54,4.95,7.48,4.6,0,1.5,154.56,4.814814814814815,0.013773584905660377,1.6467999999999998
16,45.94,5,34,0.066,0.0728,1,0,2.9,0.879,4.45,4.43,8.54,3.2,0,1.3125,229.7,8.717948717948719,0.007631027253668764,0.21120000000000003
12,293.0,4,36,0.49,0.0567999999999999,0,0,1.8,0.33,5.0,3.93,9.81,4.7,0,1.3333333333333333,1172.0,12.857142857142858,0.0,2.303
57,17.54,1,22,0.068,0.0112,0,0,5.7,0.718,2.11,5.83,7.07,3.4,0,1.0175438596491229,17.54,3.2835820895522385,0.0,0.23120000000000002
41,73.69,21,29,0.479,0.0472,1,1,3.0,0.35,3.97,5.25,8.15,5.9,0,1.5121951219512195,1547.49,7.25,0.0051584699453551906,2.8261000000000003
39,258.72,30,6,0.252,0.2232,4,0,2.6,0.834,3.42,6.57,5.01,3.2,0,1.7692307692307692,7761.6,1.6666666666666665,0.1485524126455907,0.8064
43,54.45,1,90,0.068,0.0048,0,0,5.1,0.923,4.82,2.23,9.8,3.1,1,1.0232558139534884,54.45,14.754098360655739,0.0,0.21080000000000002
38,137.21,10,8,0.237,0.064,1,0,3.1,0.639,4.69,5.97,8.81,3.8,0,1.263157894736842,1372.1000000000001,1.9512195121951221,0.006523955147808359,0.9006
46,232.15,1,8,0.356,0.0136,0,0,5.1,0.169,3.25,6.33,8.2,4.1,0,1.0217391304347827,232.15,1.3114754098360657,0.0,1.4595999999999998
60,53.67,16,45,0.587,0.0704,0,0,1.2,0.282,4.32,3.68,9.09,6.8,0,1.2666666666666666,858.72,20.454545454545453,0.0,3.9915999999999996
31,216.9,8,5,0.489,0.1016,1,0,6.9,0.698,4.43,7.32,8.42,5.1,0,1.2580645161290323,1735.2,0.6329113924050632,0.01078556263269639,2.4938999999999996
45,32.12,12,33,0.549,0.0264,0,0,0.4,0.467,4.36,3.88,9.27,6.7,0,1.2666666666666666,385.43999999999994,23.571428571428573,0.0,3.6783000000000006
41,27.54,31,8,0.515,0.0032,0,0,3.6,0.814,4.62,6.83,9.61,6.4,0,1.7560975609756098,853.74,1.7391304347826089,0.0,3.2960000000000003
32,50.71,1,11,0.234,0.0584,0,0,3.5,0.215,5.0,5.65,9.81,4.3,0,1.03125,50.71,2.4444444444444446,0.0,1.0062
54,28.8,1,28,0.436,0.4152,3,0,1.4,0.176,3.11,4.1,4.73,5.9,1,1.0185185185185186,28.8,11.666666666666668,0.21738219895287958,2.5724
33,87.15,1,69,0.176,0.012,1,0,4.4,0.483,4.44,3.05,8.73,3.7,1,1.0303030303030303,87.15,12.777777777777777,0.0012332990750256938,0.6512
51,26.78,1,19,0.169,0.056,0,0,0.8,0.882,4.12,4.35,8.93,4.0,0,1.0196078431372548,26.78,10.555555555555555,0.0,0.676
14,22.45,4,39,0.233,0.0376,1,1,0.8,0.661,3.61,3.45,7.82,4.5,0,1.2857142857142856,89.8,21.666666666666668,0.004263038548752834,1.0485
12,21.65,1,10,0.187,0.0088,1,0,5.6,0.864,3.65,6.4,7.95,4.2,0,1.0833333333333333,21.65,1.5151515151515151,0.0009832402234636873,0.7854
45,34.32,12,21,0.13,0.0696,0,0,5.0,0.847,5.0,6.02,9.77,3.7,0,1.2666666666666666,411.84000000000003,3.5,0.0,0.48100000000000004
18,77.53,5,3,0.355,0.0112,0,0,5.1,0.787,4.59,6.72,9.55,5.0,0,1.2777777777777777,387.65,0.49180327868852464,0.0,1.775
35,41.61,1,9,0.431,0.0608,0,0,2.3,0.951,3.77,5.35,8.57,5.8,0,1.0285714285714285,41.61,2.7272727272727275,0.0,2.4998
9,133.75,1,52,0.079,0.1448,1,0,1.4,0.856,3.5,2.9,7.35,2.8,1,1.1111111111111112,133.75,21.666666666666668,0.017341317365269462,0.22119999999999998
26,83.7,7,56,0.536,0.0984,1,0,3.9,0.451,2.61,3.73,6.62,6.2,1,1.2692307692307692,585.9,11.428571428571427,0.012913385826771654,3.3232000000000004
12,169.63,10,48,0.129,0.0576,0,0,2.6,0.461,4.55,3.8,9.36,2.9,0,1.8333333333333335,1696.3,13.333333333333332,0.0,0.3741
11,282.39,3,54,0.444,0.1168,1,0,7.4,0.744,4.11,4.87,8.05,4.4,0,1.2727272727272727,847.17,6.428571428571428,0.012906077348066298,1.9536000000000002
5,50.69,1,39,0.146,0.0872,0,0,1.8,0.327,5.0,3.68,9.71,3.7,0,1.2,50.69,13.928571428571429,0.0,0.5402
8,51.38,1,2,0.305,0.0576,1,0,7.2,0.7,3.45,7.33,7.59,4.8,0,1.125,51.38,0.24390243902439027,0.006705471478463329,1.464
33,98.54,9,22,0.41,0.104,1,0,4.6,0.474,2.63,5.73,6.62,5.3,0,1.2727272727272727,886.86,3.928571428571429,0.013648293963254593,2.1729999999999996
41,27.33,11,1,0.095,0.1392,0,1,5.5,0.436,4.06,7.15,8.6,3.5,0,1.2682926829268293,300.63,0.15384615384615385,0.0,0.3325
13,35.67,4,4,0.102,0.0632,1,1,3.5,0.961,4.68,6.1,8.8,3.5,0,1.3076923076923077,142.68,0.8888888888888888,0.006448979591836735,0.357
9,82.95,1,11,0.34,0.0272,2,0,1.6,0.638,2.41,5.02,5.99,4.9,0,1.1111111111111112,82.95,4.230769230769231,0.007782546494992847,1.6660000000000001
42,146.36,11,30,0.151,0.0936,3,0,7.3,0.34,2.32,6.3,5.01,3.2,0,1.2619047619047619,1609.96,3.614457831325301,0.04672212978369385,0.4832
36,37.75,1,58,0.223,0.0576,1,0,3.5,0.348,3.32,3.3,7.46,4.3,1,1.0277777777777777,37.75,12.88888888888889,0.006808510638297871,0.9589
56,53.64,1,52,0.157,0.0024,0,0,2.9,0.753,3.32,3.4,8.31,3.8,1,1.0178571428571428,53.64,13.333333333333334,0.0,0.5966
9,30.22,5,55,0.147,0.0152,4,0,5.4,0.614,2.44,4.22,4.72,3.8,1,1.5555555555555556,151.1,8.59375,0.01062937062937063,0.5586
59,56.42,30,29,0.273,0.048,0,1,2.3,0.495,3.5,5.32,8.34,4.6,0,1.5084745762711864,1692.6000000000001,8.787878787878789,0.0,1.2558
46,30.9,1,19,0.266,0.0408,0,0,5.2,0.832,4.18,5.82,9.04,4.7,0,1.0217391304347827,30.9,3.064516129032258,0.0,1.2502000000000002
26,39.24,1,46,0.191,0.088,1,0,2.5,0.807,4.25,3.57,8.29,4.1,0,1.0384615384615385,39.24,13.142857142857142,0.009472551130247578,0.7830999999999999
48,85.65,13,7,0.189,0.0872,1,0,5.2,0.631,3.08,6.82,7.12,3.8,0,1.2708333333333333,1113.45,1.129032258064516,0.010738916256157634,0.7182
43,25.64,1,95,0.392,0.0344,1,0,5.7,0.488,4.92,2.18,9.14,5.6,1,1.0232558139534884,25.64,14.17910447761194,0.003392504930966469,2.1952
55,38.55,14,42,0.097,0.2608,2,0,3.3,0.671,4.29,4.47,7.09,3.4,0,1.2545454545454544,539.6999999999999,9.767441860465116,0.06447466007416564,0.3298
20,28.82,11,38,0.173,0.0128,1,0,0.8,0.111,3.61,3.73,7.9,4.0,0,1.55,317.02,21.11111111111111,0.0014382022471910113,0.692
28,92.84,1,17,0.045,0.036,1,0,6.3,0.874,3.07,6.28,7.28,2.8,0,1.0357142857142858,92.84,2.328767123287671,0.004347826086956521,0.126
57,107.76,15,23,0.148,0.0016,0,0,1.3,0.638,4.01,4.78,9.0,3.4,0,1.263157894736842,1616.4,10.0,0.0,0.5032
24,54.08,1,3,0.271,0.2384,1,0,1.1,0.503,4.46,5.25,8.0,4.6,0,1.0416666666666667,54.08,1.4285714285714286,0.026488888888888888,1.2466
1,100.86,1,3,0.245,0.0656,2,0,1.4,0.2,3.86,5.35,7.31,4.1,0,2.0,100.86,1.25,0.015788206979542724,1.0045
54,136.26,14,93,0.499,0.168,4,1,1.7,0.801,3.26,1.38,5.03,5.7,1,1.2592592592592593,1907.6399999999999,34.44444444444444,0.11144278606965174,2.8443
25,125.86,7,16,0.334,0.0696,0,0,4.4,0.325,3.55,5.9,8.32,4.6,0,1.28,881.02,2.962962962962963,0.0,1.5364
58,74.55,15,15,0.325,0.0104,0,0,2.3,0.517,4.16,5.52,9.13,4.8,0,1.2586206896551724,1118.25,4.545454545454546,0.0,1.56
46,55.73,24,15,0.445,0.032,0,0,5.0,0.382,5.0,6.72,9.89,5.8,0,1.5217391304347827,1337.52,2.5,0.0,2.581
11,20.26,6,2,0.395,0.0744,1,0,6.2,0.829,2.77,7.17,6.86,5.6,0,1.5454545454545454,121.56,0.2777777777777778,0.00946564885496183,2.2119999999999997
5,134.86,2,36,0.22,0.0352,0,0,2.4,0.151,3.27,4.07,8.15,3.7,0,1.4,269.72,10.588235294117647,0.0,0.8140000000000001
14,232.25,1,11,0.232,0.0264,1,0,1.3,0.596,3.72,4.92,7.97,3.2,0,1.0714285714285714,232.25,4.782608695652175,0.0029431438127090303,0.7424000000000001
18,39.87,5,45,0.13,0.008,1,0,2.2,0.779,4.46,3.65,8.77,3.7,0,1.2777777777777777,199.35,14.0625,0.0008188331627430912,0.48100000000000004
21,44.97,11,3,0.197,0.1056,0,0,1.6,0.905,4.46,5.75,9.11,4.1,0,1.5238095238095237,494.66999999999996,1.1538461538461537,0.0,0.8077
54,63.82,1,35,0.351,0.0608,1,1,0.0,0.876,4.79,3.28,8.92,5.1,0,1.0185185185185186,63.82,35.0,0.006129032258064516,1.7900999999999998
37,94.25,19,24,0.279,0.0344,1,1,2.3,0.502,4.14,5.2,8.36,4.4,0,1.5135135135135136,1790.75,7.272727272727273,0.0036752136752136754,1.2276000000000002
48,12.92,13,8,0.278,0.0776,2,0,4.1,0.863,4.73,6.4,8.14,4.9,0,1.2708333333333333,167.96,1.5686274509803924,0.01698030634573304,1.3622000000000003
46,91.78,24,31,0.096,0.2304,1,0,5.1,0.361,4.52,5.95,8.09,3.1,0,1.5217391304347827,2202.7200000000003,5.081967213114754,0.025346534653465345,0.29760000000000003
49,48.18,25,88,0.144,0.0352,0,0,0.0,0.545,3.3,1.43,8.18,3.7,1,1.510204081632653,1204.5,88.0,0.0,0.5327999999999999
55,55.39,14,36,0.32,0.012,1,0,0.3,0.738,4.42,3.77,8.71,4.9,0,1.2545454545454544,775.46,27.69230769230769,0.0012358393408856848,1.568
5,85.55,1,21,0.253,0.1832,1,0,4.6,0.326,3.61,5.52,7.33,4.3,0,1.2,85.55,3.7500000000000004,0.021992797118847537,1.0878999999999999
14,95.04,8,88,0.304,0.0088,3,0,3.8,0.517,2.57,2.13,5.54,4.6,1,1.5714285714285714,760.32,18.333333333333336,0.004036697247706422,1.3983999999999999
35,99.23,1,9,0.195,0.1168,0,0,0.0,0.551,4.23,4.58,8.84,3.8,0,1.0285714285714285,99.23,9.0,0.0,0.741
9,78.42,1,33,0.034,0.0912,0,0,2.3,0.702,3.79,4.15,8.49,2.8,0,1.1111111111111112,78.42,10.0,0.0,0.0952
11,113.21,3,53,0.104,0.2088,0,0,5.3,0.61,4.67,4.22,8.97,3.0,0,1.2727272727272727,339.63,8.412698412698413,0.0,0.312
4,96.47,1,12,0.284,0.024,0,0,1.4,0.594,4.74,4.9,9.66,4.4,0,1.25,96.47,5.0,0.0,1.2496
8,115.18,1,7,0.29,0.1432,1,1,3.9,0.437,3.73,5.98,7.59,4.3,0,1.125,115.18,1.4285714285714284,0.016670547147846333,1.2469999999999999
51,31.93,1,31,0.107,0.0192,0,0,6.8,0.399,4.33,5.75,9.27,3.6,0,1.0196078431372548,31.93,3.9743589743589745,0.0,0.3852
37,146.1,19,31,0.341,0.004,0,0,2.0,0.557,3.79,4.75,8.78,4.5,0,1.5135135135135136,2775.9,10.333333333333334,0.0,1.5345000000000002
28,47.71,15,34,0.266,0.1808,1,1,7.5,0.819,4.68,6.3,8.41,4.6,0,1.5357142857142856,715.65,4.0,0.019213602550478215,1.2236
54,254.63,1,47,0.179,0.196,3,0,4.4,0.366,3.1,4.15,5.45,2.7,1,1.0185185185185186,254.63,8.703703703703702,0.09116279069767443,0.4833
14,43.34,4,1,0.341,0.1088,2,0,1.7,0.413,2.76,5.65,6.06,5.1,0,1.2857142857142856,173.36,0.37037037037037035,0.030821529745042493,1.7391
45,100.19,1,2,0.476,0.0624,0,0,2.5,0.442,4.86,5.77,9.65,5.7,0,1.0222222222222221,100.19,0.5714285714285714,0.0,2.7132
2,90.05,1,48,0.185,0.12,0,0,2.3,0.164,4.17,3.4,8.77,3.8,0,1.5,90.05,14.545454545454547,0.0,0.703
29,53.21,15,12,0.213,0.0208,2,0,2.9,0.544,4.31,5.87,7.91,4.2,0,1.5172413793103448,798.15,3.076923076923077,0.0046689113355780016,0.8946000000000001
20,72.55,11,16,0.266,0.0328,1,0,2.5,0.112,5.0,5.4,9.22,4.4,0,1.55,798.05,4.571428571428571,0.0032093933463796477,1.1704
38,115.58,10,95,0.037,0.0096,0,1,3.1,0.576,4.85,1.62,9.82,2.6,1,1.263157894736842,1155.8,23.170731707317074,0.0,0.0962
45,34.32,1,10,0.308,0.0816,2,0,4.2,0.439,2.71,5.93,6.1,5.0,0,1.0222222222222221,34.32,1.923076923076923,0.02298591549295775,1.54
6,27.94,1,10,0.184,0.1024,2,0,3.1,0.362,2.19,5.57,5.52,4.1,0,1.1666666666666667,27.94,2.439024390243903,0.03141104294478528,0.7544
12,58.02,1,18,0.344,0.1112,0,1,0.0,0.538,3.63,4.13,8.26,5.1,0,1.0833333333333333,58.02,18.0,0.0,1.7543999999999997
47,85.31,1,11,0.104,0.0576,2,0,4.1,0.664,3.15,5.85,6.62,3.2,0,1.0212765957446808,85.31,2.1568627450980395,0.015118110236220473,0.3328
16,31.17,1,69,0.591,0.0,2,0,5.6,0.487,3.29,3.45,6.96,6.9,1,1.0625,31.17,10.454545454545455,0.0,4.0779
46,113.12,24,27,0.231,0.0144,0,0,3.0,0.692,4.42,5.45,9.37,3.9,0,1.5217391304347827,2714.88,6.75,0.0,0.9009
2,85.78,1,1,0.384,0.0616,2,0,0.8,0.654,4.75,5.25,8.21,5.2,0,1.5,85.78,0.5555555555555556,0.013376764386536373,1.9968000000000001
40,100.59,11,7,0.705,0.0704,1,0,3.2,0.927,2.35,6.08,6.45,7.3,0,1.275,1106.49,1.6666666666666665,0.009449664429530201,5.1465
5,68.33,2,42,0.058,0.008,1,0,2.8,0.878,3.1,3.9,7.41,3.0,1,1.4,136.66,11.052631578947368,0.0009512485136741974,0.17400000000000002
47,26.15,12,57,0.04,0.02,0,1,6.9,0.509,4.01,4.85,8.94,3.1,0,1.2553191489361701,313.79999999999995,7.215189873417721,0.0,0.12400000000000001
20,78.75,11,52,0.662,0.0376,1,0,5.8,0.704,2.58,4.7,6.79,7.2,0,1.55,866.25,7.647058823529412,0.004826700898587934,4.7664
12,67.81,1,51,0.223,0.008,0,0,4.4,0.596,3.95,3.95,8.92,4.2,0,1.0833333333333333,67.81,9.444444444444445,0.0,0.9366000000000001
48,54.75,13,50,0.295,0.1752,2,0,2.0,0.761,4.67,3.6,7.75,4.7,0,1.2708333333333333,711.75,16.666666666666668,0.04004571428571428,1.3865
60,160.19,1,13,0.259,0.0616,2,0,2.0,0.753,2.17,5.05,5.63,3.9,0,1.0166666666666666,160.19,4.333333333333333,0.018582202111613877,1.0101
16,65.76,1,70,0.319,0.0304,0,0,3.2,0.738,3.26,2.6,8.16,4.8,1,1.0625,65.76,16.666666666666664,0.0,1.5312
30,17.39,8,2,0.037,0.0,0,0,4.5,0.877,3.52,6.67,8.52,3.2,0,1.2666666666666666,139.12,0.36363636363636365,0.0,0.1184
20,41.87,1,30,0.281,0.2456,4,0,3.1,0.656,3.44,4.57,4.95,4.7,1,1.05,41.87,7.317073170731708,0.165109243697479,1.3207000000000002
21,159.42,6,35,0.394,0.0024,0,0,5.4,0.685,2.95,5.25,7.94,4.8,0,1.2857142857142856,956.52,5.46875,0.0,1.8912
6,104.91,4,6,0.417,0.028,2,0,3.1,0.773,2.83,5.87,6.4,5.3,0,1.6666666666666665,419.64,1.4634146341463417,0.0075675675675675675,2.2100999999999997
9,64.47,3,29,0.14,0.148,0,0,1.3,0.909,3.94,4.08,8.45,3.6,0,1.3333333333333333,193.41,12.608695652173914,0.0,0.5040000000000001
3,46.35,1,84,0.362,0.0128,0,0,2.4,0.291,4.57,1.63,9.53,5.3,1,1.3333333333333333,46.35,24.705882352941178,0.0,1.9185999999999999
20,80.21,11,22,0.23,0.0536,2,1,2.7,0.238,3.31,5.17,6.8,4.1,0,1.55,882.31,5.945945945945946,0.013743589743589744,0.943
48,108.41,37,21,0.201,0.0184,0,1,2.8,0.711,4.69,6.12,9.63,3.8,0,1.7708333333333335,4011.17,5.526315789473684,0.0,0.7638
33,32.29,9,1,0.364,0.024,0,0,5.6,0.576,4.52,7.12,9.44,5.4,0,1.2727272727272727,290.61,0.15151515151515152,0.0,1.9656
37,82.92,19,17,0.641,0.0192,1,0,3.6,0.473,2.56,5.98,6.83,7.0,0,1.5135135135135136,1575.48,3.695652173913044,0.0024521072796934865,4.487
58,39.8,1,4,0.186,0.072,3,1,5.0,0.315,1.37,6.5,4.13,4.1,0,1.0172413793103448,39.8,0.6666666666666666,0.04210526315789473,0.7626
60,63.37,16,17,0.342,0.1456,0,0,3.5,0.786,4.36,5.85,8.87,5.0,0,1.2666666666666666,1013.92,3.7777777777777777,0.0,1.7100000000000002
57,29.48,29,11,0.077,0.004,2,1,5.5,0.299,3.69,7.25,7.34,3.4,0,1.5087719298245614,854.92,1.6923076923076923,0.0009592326139088729,0.2618
17,78.79,1,3,0.308,0.1008,1,0,0.7,0.983,2.65,5.12,6.65,4.7,0,1.0588235294117647,78.79,1.7647058823529411,0.013176470588235293,1.4476
48,32.04,1,3,0.174,0.028,0,0,5.8,0.507,5.0,6.82,9.91,4.0,0,1.0208333333333333,32.04,0.4411764705882353,0.0,0.696
58,21.32,15,8,0.406,0.0536,0,0,1.6,0.717,5.0,5.63,9.82,5.7,0,1.2586206896551724,319.8,3.0769230769230766,0.0,2.3142
41,58.31,11,5,0.367,0.0032,1,1,2.4,0.553,4.01,5.92,8.33,5.2,0,1.2682926829268293,641.4100000000001,1.4705882352941178,0.0003429796355841372,1.9084
49,56.78,13,19,0.222,0.0016,1,1,1.6,0.736,4.93,5.02,9.26,4.2,0,1.2653061224489797,738.14,7.3076923076923075,0.00015594541910331385,0.9324
15,90.92,4,55,0.271,0.0352,0,0,4.8,0.614,2.36,3.98,7.24,4.4,0,1.2666666666666666,363.68,9.482758620689655,0.0,1.1924000000000001
19,101.91,1,4,0.19,0.0008,0,0,2.6,0.299,3.8,5.7,8.8,3.7,0,1.0526315789473684,101.91,1.1111111111111112,0.0,0.7030000000000001
13,56.32,4,2,0.4,0.052,3,0,6.6,0.737,2.92,7.23,5.75,5.5,0,1.3076923076923077,225.28,0.2631578947368421,0.02311111111111111,2.2
50,57.99,26,25,0.232,0.1576,1,0,3.0,0.502,3.27,5.62,7.08,4.3,0,1.52,1507.74,6.25,0.019504950495049505,0.9976
23,66.8,18,13,0.41,0.0656,3,0,4.9,0.689,4.18,6.58,6.96,5.5,0,1.7826086956521738,1202.3999999999999,2.2033898305084745,0.024723618090452266,2.255
44,34.56,1,8,0.217,0.0216,0,0,4.6,0.272,3.76,6.17,8.69,4.3,0,1.0227272727272727,34.56,1.4285714285714286,0.0,0.9330999999999999
24,31.54,1,2,0.585,0.1376,0,1,5.7,0.765,4.29,6.83,8.83,6.9,0,1.0416666666666667,31.54,0.29850746268656714,0.0,4.0365
24,64.86,7,43,0.287,0.0424,1,0,2.0,0.907,4.58,3.75,8.77,4.6,0,1.2916666666666667,454.02,14.333333333333334,0.004339815762538383,1.3201999999999998
27,84.05,7,7,0.262,0.028,0,0,4.3,0.686,4.2,6.32,9.11,4.3,0,1.2592592592592593,588.35,1.3207547169811322,0.0,1.1266
23,212.0,6,38,0.204,0.0176,1,1,2.2,0.594,3.17,4.03,7.44,3.2,0,1.2608695652173914,1272.0,11.875,0.0020853080568720376,0.6528
12,28.06,7,26,0.391,0.0224,1,0,3.0,0.668,4.43,4.93,8.69,5.6,0,1.5833333333333335,196.42,6.5,0.0023116615067079464,2.1896
11,20.44,3,24,0.107,0.0608,1,0,4.0,0.188,4.35,5.23,8.48,3.6,0,1.2727272727272727,61.32000000000001,4.8,0.006413502109704641,0.3852
8,53.62,1,4,0.171,0.0144,2,0,2.8,0.212,1.49,5.77,5.11,3.9,0,1.125,53.62,1.0526315789473684,0.004713584288052373,0.6669
24,74.34,1,43,0.113,0.148,1,0,0.9,0.736,4.67,3.18,8.51,3.3,0,1.0416666666666667,74.34,22.63157894736842,0.015562565720294427,0.3729
41,16.66,42,5,0.345,0.092,0,1,3.0,0.811,3.91,7.15,8.6,5.3,0,2.024390243902439,699.72,1.25,0.0,1.8284999999999998
10,110.59,1,13,0.343,0.0368,0,0,4.0,0.677,3.44,5.72,8.32,4.7,0,1.1,110.59,2.6,0.0,1.6121
24,77.71,1,73,0.406,0.1096,2,0,2.4,0.389,3.11,2.18,6.41,5.4,1,1.0416666666666667,77.71,21.47058823529412,0.029581646423751686,2.1924
11,76.46,3,5,0.512,0.0368,2,0,2.9,0.188,2.16,5.82,5.7,6.1,0,1.2727272727272727,229.38,1.2820512820512822,0.010985074626865671,3.1231999999999998
33,66.34,1,68,0.463,0.0608,2,0,2.5,0.814,2.46,2.47,5.92,5.8,1,1.0303030303030303,66.34,19.428571428571427,0.017572254335260117,2.6854
59,110.47,15,10,0.073,0.044,0,0,5.8,0.556,4.38,6.93,9.23,2.8,0,1.2542372881355932,1657.05,1.4705882352941178,0.0,0.20439999999999997
29,33.86,22,1,0.555,0.0944,1,0,2.0,0.757,2.81,6.35,6.83,6.7,0,1.7586206896551724,744.92,0.3333333333333333,0.012056194125159642,3.7185000000000006
50,41.31,13,7,0.131,0.0632,3,1,3.3,0.767,2.33,6.18,5.12,3.7,0,1.26,537.03,1.627906976744186,0.030980392156862747,0.4847
13,22.41,4,5,0.259,0.1168,2,0,1.7,0.492,3.74,5.45,7.02,4.7,0,1.3076923076923077,89.64,1.8518518518518516,0.029127182044887782,1.2173
28,63.73,1,11,0.363,0.0176,1,0,5.2,0.23,3.07,6.22,7.34,5.2,0,1.0357142857142858,63.73,1.7741935483870968,0.0021103117505995206,1.8876
5,62.58,2,27,0.468,0.0096,0,0,3.8,0.419,3.14,4.98,8.11,5.9,0,1.4,125.16,5.625,0.0,2.7612000000000005
17,179.05,1,14,0.359,0.0808,1,0,3.1,0.463,3.04,5.37,7.1,4.4,0,1.0588235294117647,179.05,3.414634146341464,0.009975308641975308,1.5796000000000001
36,55.13,10,20,0.274,0.02,0,0,1.6,0.809,4.46,4.87,9.39,4.6,0,1.2777777777777777,551.3000000000001,7.692307692307692,0.0,1.2604
20,35.97,1,21,0.112,0.1744,2,0,2.2,0.544,4.6,4.72,7.69,3.6,0,1.05,35.97,6.5625,0.04013808975834292,0.4032
4,85.19,1,11,0.183,0.0544,2,1,4.7,0.601,4.21,6.05,7.7,3.8,0,1.25,85.19,1.9298245614035088,0.012505747126436782,0.6953999999999999
58,35.66,15,26,0.603,0.0528,0,0,4.6,0.825,3.89,5.73,8.71,7.0,0,1.2586206896551724,534.9,4.642857142857143,0.0,4.221
28,47.52,8,22,0.033,0.0448,0,0,6.7,0.369,4.08,6.4,8.93,2.9,0,1.2857142857142856,380.16,2.857142857142857,0.0,0.09570000000000001
54,46.17,1,2,0.282,0.0032,1,0,4.1,0.607,3.59,6.3,7.91,4.7,0,1.0185185185185186,46.17,0.3921568627450981,0.0003591470258136925,1.3254
54,365.78,14,18,0.287,0.016,1,0,0.0,0.947,5.0,4.57,9.28,2.8,0,1.2592592592592593,5120.92,18.0,0.0015564202334630351,0.8035999999999999
16,108.46,5,75,0.161,0.0864,1,0,3.8,0.932,3.45,2.68,7.5,3.5,1,1.3125,542.3,15.625,0.010164705882352942,0.5635
53,138.86,1,80,0.461,0.1384,1,0,3.2,0.466,3.22,2.1,7.09,5.4,1,1.0188679245283019,138.86,19.047619047619047,0.017107540173053153,2.4894000000000003
39,179.11,10,20,0.637,0.0216,0,0,3.1,0.624,4.33,5.37,9.26,6.4,0,1.2564102564102564,1791.1000000000001,4.878048780487806,0.0,4.0768
30,117.3,1,4,0.225,0.0976,1,0,4.5,0.836,3.22,6.33,7.23,3.9,0,1.0333333333333334,117.3,0.7272727272727273,0.011859052247873633,0.8775
30,56.68,8,78,0.318,0.0936,0,0,4.5,0.384,3.38,2.87,8.07,4.9,1,1.2666666666666666,453.44,14.181818181818182,0.0,1.5582
20,105.42,6,18,0.214,0.0144,0,0,4.4,0.777,4.49,5.77,9.44,3.9,0,1.3,632.52,3.333333333333333,0.0,0.8346
32,92.31,1,24,0.576,0.0304,1,1,3.1,0.312,3.3,4.87,7.53,6.5,0,1.03125,92.31,5.853658536585367,0.0035638921453692842,3.7439999999999998
46,25.82,12,4,0.04,0.184,2,0,0.9,0.825,1.12,5.5,4.17,3.1,0,1.2608695652173914,309.84000000000003,2.1052631578947367,0.07117988394584139,0.12400000000000001
26,70.37,7,102,0.18,0.056,1,0,4.7,0.398,4.03,1.8,8.18,3.8,1,1.2692307692307692,492.59000000000003,17.894736842105264,0.006100217864923748,0.6839999999999999
3,43.3,1,13,0.132,0.0824,1,0,0.0,0.605,4.24,4.38,8.3,3.7,0,1.3333333333333333,43.3,13.0,0.008860215053763441,0.48840000000000006
34,14.0,9,3,0.075,0.0648,4,1,6.2,0.749,3.37,7.22,5.49,3.4,0,1.2647058823529411,126.0,0.41666666666666663,0.03993836671802773,0.255
10,107.79,3,6,0.178,0.1864,1,0,5.2,0.487,4.79,6.53,8.5,3.6,0,1.3,323.37,0.9677419354838709,0.01962105263157895,0.6408
37,148.9,1,2,0.478,0.0272,0,0,2.8,0.939,5.0,5.87,9.91,5.5,0,1.027027027027027,148.9,0.5263157894736842,0.0,2.629
59,24.86,1,8,0.432,0.104,2,0,1.3,0.758,3.15,5.07,6.47,5.9,0,1.0169491525423728,24.86,3.4782608695652177,0.027844712182061578,2.5488
17,47.16,1,79,0.089,0.0376,0,0,4.7,0.544,3.92,2.65,8.79,3.3,1,1.0588235294117647,47.16,13.859649122807017,0.0,0.29369999999999996
44,57.54,12,49,0.566,0.072,1,1,1.9,0.486,4.06,3.58,8.15,6.6,0,1.2727272727272727,690.48,16.896551724137932,0.007868852459016392,3.7355999999999994
30,64.19,1,6,0.404,0.0832,1,0,5.2,0.742,5.0,6.47,9.06,5.4,0,1.0333333333333334,64.19,0.9677419354838709,0.008270377733598408,2.1816000000000004
28,58.29,1,50,0.698,0.092,0,0,2.6,0.586,3.54,3.4,8.23,7.5,0,1.0357142857142858,58.29,13.88888888888889,0.0,5.234999999999999
23,71.26,12,3,0.13,0.04,0,0,0.1,0.565,3.84,5.28,8.71,3.5,0,1.5217391304347827,855.1200000000001,2.727272727272727,0.0,0.455
13,161.05,1,25,0.621,0.0032,0,0,3.6,0.169,4.67,4.98,9.66,6.4,0,1.0769230769230769,161.05,5.434782608695652,0.0,3.9744
25,58.24,7,15,0.443,0.1016,0,0,3.3,0.434,4.6,5.58,9.26,5.8,0,1.28,407.68,3.488372093023256,0.0,2.5694
43,107.92,11,39,0.168,0.0928,0,0,2.0,0.63,4.66,4.08,9.35,3.5,0,1.255813953488372,1187.1200000000001,13.0,0.0,0.5880000000000001
18,101.57,5,90,0.393,0.0056,1,0,5.0,0.6,3.35,2.33,7.66,5.1,1,1.2777777777777777,507.84999999999997,15.0,0.0006466512702078522,2.0042999999999997
28,54.24,8,0,0.108,0.0528,1,0,2.3,0.796,2.4,6.03,6.56,3.4,0,1.2857142857142856,433.92,0.0,0.006984126984126984,0.36719999999999997
35,78.69,18,7,0.657,0.0184,1,1,4.3,0.462,4.41,6.68,8.68,7.1,0,1.5142857142857142,1416.42,1.3207547169811322,0.0019008264462809918,4.6647
2,108.58,1,45,0.46,0.0,1,1,2.9,0.452,3.61,3.75,7.94,5.6,0,1.5,108.58,11.538461538461538,0.0,2.576
5,58.01,3,19,0.244,0.0168,0,0,2.7,0.422,3.82,5.05,8.76,4.4,0,1.6,174.03,5.135135135135135,0.0,1.0736
58,85.31,30,10,0.458,0.0072,0,1,2.4,0.947,4.99,6.3,9.97,5.7,0,1.5172413793103448,2559.3,2.9411764705882355,0.0,2.6106000000000003
48,54.46,13,115,0.176,0.0728,1,0,5.5,0.435,3.5,2.27,7.59,3.9,1,1.2708333333333333,707.98,17.692307692307693,0.008474970896391152,0.6863999999999999
18,45.8,1,21,0.177,0.1008,0,0,0.5,0.844,5.0,4.15,9.66,4.0,0,1.0555555555555556,45.8,14.0,0.0,0.708
48,56.42,25,77,0.324,0.044,1,0,0.8,0.768,3.82,2.25,8.01,4.9,1,1.5208333333333335,1410.5,42.77777777777778,0.0048834628190899,1.5876000000000001
44,34.0,23,54,0.133,0.052,1,0,0.0,0.6,3.22,3.07,7.38,3.7,1,1.5227272727272727,782.0,54.0,0.006205250596658712,0.49210000000000004
37,30.9,1,72,0.159,0.0056,0,0,7.4,0.753,3.91,3.9,8.89,3.9,0,1.027027027027027,30.9,8.571428571428571,0.0,0.6201
59,80.57,1,0,0.174,0.0632,2,0,1.5,0.374,2.97,5.53,6.43,3.7,0,1.0169491525423728,80.57,0.0,0.0170121130551817,0.6438
59,38.24,1,46,0.475,0.0128,0,0,0.6,0.768,3.6,2.93,8.56,6.1,0,1.0169491525423728,38.24,28.75,0.0,2.8974999999999995
44,183.14,1,32,0.275,0.0608,3,0,1.9,0.79,3.36,4.07,6.16,3.8,0,1.0227272727272727,183.14,11.03448275862069,0.02547486033519553,1.045
55,82.65,1,63,0.1,0.0752,0,0,0.3,0.307,5.0,1.98,9.75,3.2,1,1.018181818181818,82.65,48.46153846153846,0.0,0.32000000000000006
55,61.36,14,7,0.253,0.0272,1,0,1.6,0.55,5.0,5.65,9.24,4.4,0,1.2545454545454544,859.04,2.692307692307692,0.0026562499999999998,1.1132000000000002
49,84.73,1,72,0.07,0.0104,0,0,6.2,0.828,3.89,3.5,8.86,3.0,1,1.0204081632653061,84.73,10.0,0.0,0.21000000000000002
58,37.48,1,1,0.291,0.1176,1,0,2.0,0.821,3.23,5.65,7.17,4.8,0,1.0172413793103448,37.48,0.3333333333333333,0.014394124847001224,1.3967999999999998
34,73.41,18,21,0.233,0.008,0,1,3.6,0.948,3.99,5.75,8.96,4.2,0,1.5294117647058822,1321.3799999999999,4.565217391304349,0.0,0.9786000000000001
11,62.92,6,43,0.379,0.0048,0,0,4.8,0.473,3.69,4.65,8.67,5.3,0,1.5454545454545454,377.52,7.413793103448276,0.0,2.0087
35,24.13,9,58,0.489,0.2248,0,0,0.1,0.688,4.13,2.43,8.38,6.3,1,1.2571428571428571,217.17,52.72727272727272,0.0,3.0806999999999998
25,81.29,1,59,0.07,0.0704,0,0,3.3,0.466,3.49,3.18,8.26,3.0,1,1.04,81.29,13.72093023255814,0.0,0.21000000000000002
29,38.54,15,40,0.127,0.0088,1,0,7.4,0.559,4.48,5.97,8.78,3.7,0,1.5172413793103448,578.1,4.761904761904762,0.000899795501022495,0.46990000000000004
56,142.91,29,24,0.216,0.004,1,0,1.9,0.914,3.46,5.4,7.78,3.7,0,1.5178571428571428,4144.39,8.275862068965518,0.0004555808656036446,0.7992
46,73.12,1,15,0.161,0.1664,0,0,3.3,0.381,3.5,5.38,7.95,3.7,0,1.0217391304347827,73.12,3.488372093023256,0.0,0.5957
1,18.09,1,0,0.254,0.0592,1,0,6.9,0.255,3.66,7.33,7.8,4.7,0,2.0,18.09,0.0,0.006727272727272727,1.1938
37,58.51,10,13,0.786,0.008,1,0,3.6,0.431,2.7,5.88,7.01,8.2,0,1.2702702702702702,585.1,2.8260869565217392,0.0009987515605493133,6.4452
12,25.51,7,6,0.189,0.1744,0,0,3.0,0.49,2.65,5.93,7.07,4.2,0,1.5833333333333335,178.57000000000002,1.5,0.0,0.7938000000000001
52,27.55,1,44,0.367,0.0712,1,0,3.2,0.232,5.0,3.9,9.1,5.4,0,1.0192307692307692,27.55,10.476190476190476,0.00704950495049505,1.9818
45,92.19,1,38,0.196,0.0264,2,0,2.2,0.828,3.72,3.87,7.3,3.8,0,1.0222222222222221,92.19,11.875,0.00636144578313253,0.7448
38,21.71,1,41,0.261,0.0664,2,0,3.9,0.295,3.56,4.28,7.01,4.7,0,1.0263157894736843,21.71,8.36734693877551,0.016579275905118603,1.2267000000000001
5,59.1,3,32,0.219,0.0608,2,0,5.1,0.769,2.76,5.2,6.22,4.2,0,1.6,177.3,5.245901639344263,0.016842105263157894,0.9198000000000001
47,36.14,36,11,0.267,0.0528,2,0,3.7,0.795,3.62,6.88,7.11,4.7,0,1.7659574468085106,1301.04,2.3404255319148937,0.013020961775585697,1.2549000000000001
24,91.42,7,8,0.153,0.0408,0,0,2.6,0.515,4.2,5.7,9.06,3.5,0,1.2916666666666667,639.94,2.2222222222222223,0.0,0.5355
21,22.24,11,24,0.078,0.1159999999999999,0,0,4.0,0.722,3.9,5.5,8.51,3.4,0,1.5238095238095237,244.64,4.8,0.0,0.2652
1,117.82,1,18,0.404,0.0136,0,0,1.5,0.359,3.77,4.63,8.72,5.1,0,2.0,117.82,7.2,0.0,2.0604
24,45.49,19,4,0.335,0.0096,2,0,2.9,0.72,2.97,6.4,6.6,5.1,0,1.7916666666666665,864.3100000000001,1.0256410256410258,0.0025263157894736842,1.7085
20,68.06,1,32,0.383,0.104,0,0,2.8,0.805,4.75,4.37,9.4,5.3,0,1.05,68.06,8.421052631578947,0.0,2.0299
57,31.1,15,32,0.148,0.0056,1,1,2.4,0.774,4.66,4.7,8.97,3.8,0,1.263157894736842,466.5,9.411764705882353,0.0005616850551654964,0.5623999999999999
16,101.47,1,27,0.471,0.0816,0,0,4.2,0.667,5.0,5.08,9.73,5.7,0,1.0625,101.47,5.1923076923076925,0.0,2.6847
12,61.54,1,84,0.468,0.0224,1,0,2.5,0.544,4.25,1.67,8.51,5.9,1,1.0833333333333333,61.54,24.0,0.0023554153522607783,2.7612000000000005
26,49.19,1,7,0.483,0.1056,0,0,4.0,0.782,4.21,6.02,8.86,6.1,0,1.0384615384615385,49.19,1.4,0.0,2.9463
6,55.11,4,10,0.147,0.1904,0,0,4.4,0.717,4.22,6.1,8.59,3.7,0,1.6666666666666665,220.44,1.8518518518518516,0.0,0.5439
58,75.65,1,10,0.179,0.0152,1,0,0.3,0.809,3.91,4.63,8.19,3.8,0,1.0172413793103448,75.65,7.692307692307692,0.0016539717083786725,0.6801999999999999
19,84.28,1,1,0.233,0.0056,0,0,3.5,0.24,4.0,6.15,8.98,4.1,0,1.0526315789473684,84.28,0.2222222222222222,0.0,0.9552999999999999
4,45.13,3,38,0.286,0.136,0,0,5.3,0.392,4.37,4.97,8.92,4.7,0,1.75,135.39000000000001,6.031746031746032,0.0,1.3441999999999998
52,214.68,1,75,0.559,0.0104,0,0,1.5,0.679,3.66,1.78,8.63,5.6,1,1.0192307692307692,214.68,30.0,0.0,3.1304000000000003
5,60.42,3,61,0.137,0.1016,4,0,5.1,0.544,2.01,3.75,4.0,3.6,1,1.6,181.26,10.0,0.08127999999999999,0.4932
43,54.74,1,12,0.132,0.0984,1,0,4.6,0.537,4.1,5.97,8.11,3.6,0,1.0232558139534884,54.74,2.142857142857143,0.010801317233809001,0.4752
26,102.82,7,11,0.222,0.0088,0,0,2.5,0.665,5.0,5.52,9.97,3.9,0,1.2692307692307692,719.74,3.142857142857143,0.0,0.8658
40,61.25,1,3,0.244,0.0152,3,0,1.9,0.52,2.87,5.52,5.82,4.3,0,1.025,61.25,1.0344827586206897,0.006686217008797654,1.0492
31,48.4,1,16,0.031,0.0936,2,1,0.3,0.585,2.01,4.33,5.36,2.9,0,1.032258064516129,48.4,12.307692307692307,0.02943396226415094,0.0899
18,106.98,1,31,0.155,0.0544,2,0,2.6,0.507,4.48,4.35,7.97,3.4,0,1.0555555555555556,106.98,8.61111111111111,0.012129319955406913,0.527
9,54.18,3,27,0.233,0.0176,0,0,5.3,0.563,3.66,5.52,8.6,4.3,0,1.3333333333333333,162.54,4.285714285714286,0.0,1.0019
34,32.22,18,37,0.331,0.0672,0,0,2.7,0.424,3.97,4.65,8.75,5.1,0,1.5294117647058822,579.96,10.0,0.0,1.6881
31,36.3,8,61,0.463,0.0608,0,0,1.1,0.637,5.0,2.58,9.8,6.0,1,1.2580645161290323,290.4,29.047619047619047,0.0,2.778
39,48.48,10,47,0.053,0.0144,0,0,5.4,0.62,3.75,4.78,8.7,3.1,0,1.2564102564102564,484.79999999999995,7.34375,0.0,0.1643
17,241.58,5,37,0.513,0.0728,1,0,0.0,0.387,3.42,3.32,7.51,5.1,1,1.2941176470588236,1207.9,37.0,0.00855464159811986,2.6163
49,55.74,13,61,0.541,0.1576,2,0,1.3,0.471,3.3,2.82,6.44,6.5,1,1.2653061224489797,724.62,26.521739130434785,0.042365591397849456,3.5165
47,33.04,1,4,0.308,0.044,0,1,4.9,0.781,4.81,6.47,9.66,5.0,0,1.0212765957446808,33.04,0.6779661016949152,0.0,1.54
49,33.37,13,47,0.215,0.1176,1,0,4.3,0.786,3.32,4.52,7.26,4.3,0,1.2653061224489797,433.80999999999995,8.867924528301888,0.01423728813559322,0.9245
58,46.1,1,68,0.374,0.0672,0,0,6.6,0.785,3.47,3.83,8.25,5.3,1,1.0172413793103448,46.1,8.947368421052632,0.0,1.9822
56,249.12,1,56,0.158,0.0072,1,0,2.0,0.169,3.09,2.9,7.4,2.6,1,1.0178571428571428,249.12,18.666666666666668,0.0008571428571428571,0.4108
36,196.1,10,36,0.245,0.1056,0,0,0.3,0.278,3.9,3.63,8.55,3.5,0,1.2777777777777777,1961.0,27.69230769230769,0.0,0.8574999999999999
37,119.25,10,83,0.213,0.076,1,0,7.9,0.455,4.18,3.82,8.26,3.8,1,1.2702702702702702,1192.5,9.325842696629213,0.008207343412526998,0.8093999999999999
53,80.18,14,58,0.192,0.0416,1,0,2.9,0.562,3.4,3.53,7.59,3.9,1,1.2641509433962264,1122.52,14.871794871794872,0.0048428405122235155,0.7488
9,60.32,5,78,0.634,0.0272,0,1,1.8,0.75,4.98,1.87,9.89,7.1,1,1.5555555555555556,301.6,27.857142857142858,0.0,4.501399999999999
36,46.49,10,103,0.132,0.02,0,0,3.6,0.581,3.76,1.53,8.69,3.6,1,1.2777777777777777,464.90000000000003,22.39130434782609,0.0,0.4752
43,169.6,11,8,0.357,0.092,2,1,3.4,0.385,3.28,6.1,6.64,4.5,0,1.255813953488372,1865.6,1.8181818181818181,0.024083769633507855,1.6065
7,56.05,1,20,0.293,0.0088,0,1,0.0,0.788,3.71,4.03,8.68,4.7,0,1.1428571428571428,56.05,20.0,0.0,1.3771
2,80.19,1,31,0.091,0.0272,1,0,0.2,0.658,4.11,3.55,8.35,3.2,0,1.5,80.19,25.833333333333336,0.002909090909090909,0.2912
2,33.82,1,83,0.486,0.0048,1,0,3.0,0.68,3.11,1.88,7.43,6.2,1,1.5,33.82,20.75,0.0005693950177935943,3.0132
55,53.05,14,24,0.172,0.0304,1,1,4.5,0.849,3.28,5.77,7.51,3.9,0,1.2545454545454544,742.6999999999999,4.363636363636363,0.003572267920094007,0.6708
21,129.27,11,3,0.168,0.0328,1,0,2.9,0.266,3.29,6.18,7.51,3.4,0,1.5238095238095237,1421.97,0.7692307692307693,0.0038542890716803764,0.5712
41,49.35,1,73,0.314,0.008,0,0,2.3,0.67,3.66,2.15,8.63,4.9,1,1.024390243902439,49.35,22.12121212121212,0.0,1.5386000000000002
12,71.95,7,4,0.183,0.02,1,1,5.1,0.649,4.02,6.73,8.29,3.8,0,1.5833333333333335,503.65000000000003,0.6557377049180328,0.0021528525296017225,0.6953999999999999
12,40.45,7,11,0.296,0.0296,1,1,3.5,0.634,4.43,5.85,8.66,4.8,0,1.5833333333333335,283.15000000000003,2.4444444444444446,0.0030641821946169774,1.4207999999999998
42,69.33,1,21,0.437,0.0848,1,0,5.7,0.644,5.0,5.88,9.05,5.6,0,1.0238095238095237,69.33,3.134328358208955,0.00843781094527363,2.4472
4,43.79,5,49,0.275,0.2752,0,0,1.5,0.852,4.39,3.22,8.47,4.7,0,2.25,218.95,19.6,0.0,1.2925000000000002
36,95.68,1,37,0.341,0.1424,1,0,6.5,0.504,4.93,5.35,8.79,4.8,0,1.0277777777777777,95.68,4.933333333333334,0.014545454545454547,1.6368
58,124.03,1,35,0.471,0.172,1,0,0.0,0.851,2.49,3.28,6.25,5.6,1,1.0172413793103448,124.03,35.0,0.02372413793103448,2.6375999999999995
52,49.34,53,12,0.218,0.0256,1,1,2.9,0.402,3.59,7.03,7.84,4.2,0,2.019230769230769,2615.02,3.076923076923077,0.002895927601809955,0.9156000000000001
55,66.27,14,8,0.14,0.04,0,0,7.9,0.876,4.43,7.7,9.3,3.6,0,1.2545454545454544,927.78,0.898876404494382,0.0,0.5040000000000001
60,98.48,16,20,0.3,0.0288,1,0,4.4,0.659,3.76,6.0,8.0,4.5,0,1.2666666666666666,1575.68,3.7037037037037033,0.0031999999999999997,1.3499999999999999
39,23.42,1,16,0.078,0.0552,1,0,3.4,0.569,4.64,5.37,8.79,3.4,0,1.0256410256410255,23.42,3.6363636363636362,0.005638406537282942,0.2652
5,66.77,1,23,0.155,0.0088,0,1,2.3,0.729,4.48,4.65,9.45,3.7,0,1.2,66.77,6.96969696969697,0.0,0.5735
55,84.59,14,7,0.246,0.0016,1,0,5.3,0.746,4.47,6.88,8.8,4.2,0,1.2545454545454544,1184.26,1.1111111111111112,0.00016326530612244898,1.0332000000000001
26,143.16,7,6,0.146,0.072,1,0,6.1,0.529,3.97,6.97,8.06,3.2,0,1.2692307692307692,1002.12,0.8450704225352114,0.007947019867549667,0.4672
56,68.42,15,22,0.226,0.1456,1,0,1.7,0.594,3.37,4.97,7.22,4.2,0,1.2678571428571428,1026.3,8.148148148148147,0.017712895377128956,0.9492
32,34.93,41,41,0.145,0.104,0,0,0.0,0.626,3.06,4.32,7.71,3.8,0,2.28125,1432.1299999999999,41.0,0.0,0.5509999999999999
57,76.71,1,33,0.201,0.0792,0,0,0.5,0.381,4.09,3.55,8.83,3.9,0,1.0175438596491229,76.71,22.0,0.0,0.7839
49,57.97,1,12,0.125,0.0664,0,0,1.9,0.571,4.13,5.07,8.91,3.5,0,1.0204081632653061,57.97,4.137931034482759,0.0,0.4375
14,82.89,1,22,0.251,0.22,4,0,5.2,0.413,2.84,5.67,4.44,4.3,0,1.0714285714285714,82.89,3.5483870967741935,0.16176470588235292,1.0793
13,151.35,1,13,0.43,0.0208,0,1,2.5,0.881,4.04,5.22,8.97,5.1,0,1.0769230769230769,151.35,3.7142857142857144,0.0,2.1929999999999996
24,79.42,7,47,0.395,0.0968,2,0,0.0,0.121,3.96,2.88,7.3,5.3,1,1.2916666666666667,555.94,47.0,0.023325301204819276,2.0935
18,164.58,1,40,0.374,0.056,1,0,3.7,0.819,2.47,4.27,6.62,4.6,0,1.0555555555555556,164.58,8.51063829787234,0.007349081364829396,1.7204
13,30.11,4,49,0.396,0.1504,1,0,4.3,0.539,2.53,4.12,6.36,5.6,1,1.3076923076923077,120.44,9.245283018867925,0.02043478260869565,2.2176
47,47.0,12,94,0.235,0.1304,1,0,6.5,0.638,4.19,2.87,8.09,4.4,1,1.2553191489361701,564.0,12.533333333333333,0.014345434543454345,1.034
54,142.53,41,2,0.319,0.0584,1,0,1.1,0.752,3.93,6.63,8.07,4.4,0,1.7592592592592593,5843.7300000000005,0.9523809523809523,0.006438809261300992,1.4036000000000002
47,107.14,24,10,0.296,0.172,1,1,2.0,0.745,3.99,5.97,7.75,4.4,0,1.5106382978723403,2571.36,3.3333333333333335,0.019657142857142856,1.3024
56,64.14,1,79,0.088,0.0256,0,0,2.6,0.583,4.34,1.95,9.25,3.2,1,1.0178571428571428,64.14,21.944444444444443,0.0,0.2816
32,62.11,9,27,0.222,0.2816,1,0,3.4,0.635,3.08,5.08,6.47,4.2,0,1.28125,558.99,6.136363636363636,0.03769745649263722,0.9324
40,83.14,1,22,0.212,0.048,0,0,1.6,0.723,2.29,4.47,7.13,4.0,0,1.025,83.14,8.461538461538462,0.0,0.848
24,28.35,1,24,0.194,0.0248,1,0,2.4,0.932,4.53,4.63,8.78,4.2,0,1.0416666666666667,28.35,7.0588235294117645,0.002535787321063395,0.8148000000000001
49,117.29,13,16,0.137,0.0184,0,0,4.7,0.698,5.0,6.2,9.94,3.3,0,1.2653061224489797,1524.77,2.807017543859649,0.0,0.4521
18,38.7,10,7,0.079,0.172,0,1,0.1,0.366,4.81,5.02,9.24,3.3,0,1.5555555555555556,387.0,6.363636363636363,0.0,0.2607
14,35.6,1,26,0.041,0.0304,0,0,2.2,0.773,2.38,4.47,7.28,3.1,0,1.0714285714285714,35.6,8.125,0.0,0.12710000000000002
32,22.52,25,79,0.087,0.0544,1,1,4.5,0.323,3.8,3.38,7.95,3.5,1,1.78125,563.0,14.363636363636363,0.006078212290502793,0.3045
26,117.71,1,38,0.405,0.0488,1,0,0.6,0.479,2.08,3.33,6.25,5.1,1,1.0384615384615385,117.71,23.75,0.006731034482758621,2.0655
5,81.64,3,43,0.247,0.0024,0,1,2.2,0.64,4.95,3.68,9.94,4.2,0,1.6,244.92000000000002,13.4375,0.0,1.0374
2,108.06,1,36,0.148,0.0904,3,0,5.3,0.875,5.0,5.0,7.7,3.4,0,1.5,108.06,5.714285714285714,0.03117241379310345,0.5032
32,353.29,25,8,0.234,0.0408,4,1,3.4,0.284,2.82,6.57,5.02,2.5,0,1.78125,8832.25,1.8181818181818181,0.02710963455149502,0.5850000000000001
2,36.56,1,2,0.261,0.0736,1,0,3.6,0.653,4.2,6.13,8.29,4.6,0,1.5,36.56,0.4347826086956522,0.007922497308934339,1.2006
60,68.88,16,2,0.463,0.1496,1,0,4.9,0.88,3.24,7.07,7.07,5.8,0,1.2666666666666666,1102.08,0.3389830508474576,0.018537794299876086,2.6854
41,24.04,42,15,0.299,0.0512,0,0,1.5,0.581,3.94,6.15,8.77,4.9,0,2.024390243902439,1009.68,6.0,0.0,1.4651
7,16.24,2,18,0.414,0.1592,2,0,0.0,0.546,3.7,4.17,6.84,5.8,0,1.2857142857142856,32.48,18.0,0.040612244897959185,2.4012
15,55.4,12,15,0.055,0.0176,1,1,3.4,0.342,3.48,5.78,7.75,3.1,0,1.8,664.8,3.4090909090909087,0.0020114285714285716,0.1705
48,64.58,25,0,0.451,0.0024,1,1,3.4,0.647,4.61,6.97,8.94,5.8,0,1.5208333333333335,1614.5,0.0,0.00024144869215291748,2.6158
39,39.53,1,2,0.27,0.072,1,0,4.1,0.777,2.49,6.3,6.58,4.7,0,1.0256410256410255,39.53,0.3921568627450981,0.00949868073878628,1.2690000000000001
40,149.88,11,1,0.531,0.1728,1,0,4.5,0.436,3.7,6.82,7.46,5.8,0,1.275,1648.6799999999998,0.18181818181818182,0.020425531914893616,3.0798
30,75.39,8,22,0.738,0.0072,0,0,4.0,0.743,4.08,5.5,9.06,7.7,0,1.2666666666666666,603.12,4.4,0.0,5.6826
23,108.28,12,49,0.66,0.0032,0,0,2.4,0.301,4.16,3.75,9.15,7.0,0,1.5217391304347827,1299.3600000000001,14.411764705882353,0.0,4.62
27,41.88,1,8,0.318,0.036,1,0,1.6,0.289,3.75,5.17,7.96,5.0,0,1.037037037037037,41.88,3.0769230769230766,0.0040178571428571425,1.59
13,101.78,1,8,0.633,0.1128,2,1,6.4,0.783,3.62,6.77,6.91,6.8,0,1.0769230769230769,101.78,1.081081081081081,0.02852085967130215,4.3044
28,95.9,1,37,0.045,0.0024,1,0,3.6,0.531,4.42,4.38,8.75,2.7,0,1.0357142857142858,95.9,8.043478260869566,0.00024615384615384614,0.1215
58,88.03,1,66,0.339,0.1016,1,1,3.7,0.735,3.15,2.97,7.14,4.8,0,1.0172413793103448,88.03,14.042553191489361,0.01248157248157248,1.6272
27,49.61,1,57,0.202,0.1272,2,0,3.5,0.655,4.15,3.35,7.39,4.1,1,1.037037037037037,49.61,12.666666666666666,0.03032181168057211,0.8281999999999999
30,31.12,1,7,0.089,0.0352,0,0,3.0,0.577,4.07,5.68,8.95,3.4,0,1.0333333333333334,31.12,1.75,0.0,0.3026
2,60.18,1,2,0.129,0.0024,1,0,2.0,0.501,4.65,5.6,8.98,3.5,0,1.5,60.18,0.6666666666666666,0.00024048096192384765,0.4515
30,46.85,8,24,0.391,0.02,1,0,4.5,0.953,3.6,5.57,7.87,5.5,0,1.2666666666666666,374.8,4.363636363636363,0.002254791431792559,2.1505
3,138.55,1,125,0.194,0.04,0,1,3.8,0.576,3.97,1.3,8.84,3.5,1,1.3333333333333333,138.55,26.041666666666668,0.0,0.679
55,105.6,14,45,0.34,0.0048,0,0,2.2,0.631,2.09,3.95,7.07,4.7,0,1.2545454545454544,1478.3999999999999,14.0625,0.0,1.598
22,82.95,6,9,0.157,0.1584,0,0,4.3,0.595,3.32,6.18,7.79,3.6,0,1.2727272727272727,497.70000000000005,1.6981132075471699,0.0,0.5652
29,25.65,1,29,0.091,0.108,1,0,1.3,0.655,3.06,4.02,7.03,3.5,0,1.0344827586206897,25.65,12.608695652173914,0.01344956413449564,0.3185
14,70.17,8,45,0.129,0.0616,0,0,0.0,0.846,4.52,3.02,9.31,3.5,1,1.5714285714285714,561.36,45.0,0.0,0.4515
45,31.88,23,3,0.174,0.1264,0,0,3.1,0.795,3.9,6.65,8.48,4.0,0,1.511111111111111,733.24,0.7317073170731708,0.0,0.696
15,99.52,8,18,0.108,0.0552,1,0,1.7,0.575,4.21,4.93,8.36,3.2,0,1.5333333333333332,796.16,6.666666666666666,0.005897435897435898,0.3456
50,85.31,1,9,0.339,0.0496,1,0,3.9,0.89,3.72,5.88,7.89,4.9,0,1.02,85.31,1.8367346938775508,0.005579302587176602,1.6611000000000002
14,54.46,1,64,0.207,0.02,1,0,3.4,0.768,4.28,2.97,8.55,4.1,1,1.0714285714285714,54.46,14.545454545454545,0.002094240837696335,0.8486999999999999
49,78.39,50,20,0.068,0.0816,0,1,0.1,0.912,4.01,5.7,8.74,3.0,0,2.020408163265306,3919.5,18.18181818181818,0.0,0.20400000000000001
34,23.86,1,76,0.564,0.0216,0,0,0.0,0.032,5.0,1.23,9.93,6.8,1,1.0294117647058822,23.86,76.0,0.0,3.8351999999999995
48,51.77,1,33,0.102,0.044,1,0,4.4,0.474,5.0,4.85,9.19,3.4,0,1.0208333333333333,51.77,6.111111111111111,0.0043179587831207065,0.34679999999999994
3,50.88,1,30,0.168,0.056,0,0,1.2,0.699,2.15,3.93,6.96,3.9,0,1.3333333333333333,50.88,13.636363636363635,0.0,0.6552
44,57.74,12,8,0.463,0.0144,1,0,3.5,0.631,3.72,6.17,8.01,5.9,0,1.2727272727272727,692.88,1.7777777777777777,0.0015982241953385128,2.7317000000000005
17,41.0,1,18,0.298,0.0296,0,0,0.0,0.697,4.96,4.13,9.86,4.8,0,1.0588235294117647,41.0,18.0,0.0,1.4304
48,299.61,1,4,0.306,0.0128,0,0,5.5,0.653,5.0,6.67,9.96,3.3,0,1.0208333333333333,299.61,0.6153846153846154,0.0,1.0098
35,54.04,1,15,0.215,0.2936,1,0,4.8,0.603,4.59,5.88,7.94,4.2,0,1.0285714285714285,54.04,2.586206896551724,0.032841163310961964,0.903
49,202.26,13,136,0.133,0.0456,0,0,5.2,0.656,2.51,2.17,7.36,2.7,1,1.2653061224489797,2629.38,21.93548387096774,0.0,0.35910000000000003
33,66.99,9,54,0.068,0.0864,1,0,3.6,0.809,3.33,3.8,7.38,3.1,1,1.2727272727272727,602.91,11.73913043478261,0.010310262529832937,0.21080000000000002
37,180.5,10,1,0.402,0.0336,0,0,5.2,0.934,5.0,7.02,9.89,4.7,0,1.2702702702702702,1805.0,0.16129032258064516,0.0,1.8894000000000002
33,48.94,1,22,0.077,0.1688,3,0,2.9,0.194,2.74,4.9,5.18,3.2,0,1.0303030303030303,48.94,5.641025641025641,0.08194174757281553,0.2464
48,56.93,1,106,0.237,0.0567999999999999,2,1,5.4,0.591,1.79,1.83,5.27,4.3,1,1.0208333333333333,56.93,16.5625,0.018118022328548613,1.0191
23,21.64,1,5,0.345,0.0248,0,0,3.3,0.502,5.0,5.88,9.92,5.3,0,1.0434782608695652,21.64,1.1627906976744187,0.0,1.8284999999999998
55,36.54,1,15,0.308,0.032,0,0,0.0,0.622,4.47,4.28,9.36,4.9,0,1.018181818181818,36.54,15.0,0.0,1.5092
28,41.94,8,14,0.213,0.032,1,0,1.7,0.752,4.38,5.13,8.61,4.2,0,1.2857142857142856,335.52,5.185185185185185,0.0033298647242455777,0.8946000000000001
17,111.88,1,9,0.157,0.1624,2,0,4.8,0.645,3.41,6.18,6.54,3.4,0,1.0588235294117647,111.88,1.5517241379310345,0.043076923076923075,0.5337999999999999
12,54.01,4,26,0.348,0.0632,0,0,2.5,0.598,5.0,4.67,9.79,5.1,0,1.3333333333333333,216.04,7.428571428571429,0.0,1.7747999999999997
58,25.66,59,59,0.419,0.2368,0,1,6.1,0.678,5.0,5.75,9.21,5.8,0,2.0172413793103448,1513.94,8.309859154929578,0.0,2.4301999999999997
9,69.62,3,19,0.242,0.0504,0,0,3.6,0.52,1.97,5.35,6.8,4.3,0,1.3333333333333333,208.86,4.130434782608696,0.0,1.0406
9,164.24,7,90,0.129,0.0448,1,0,2.7,0.827,4.62,1.63,8.8,2.9,1,1.7777777777777777,1149.68,24.324324324324323,0.004571428571428571,0.3741
11,247.28,1,4,0.895,0.0456,1,1,2.0,0.656,5.0,5.5,9.18,7.8,0,1.0909090909090908,247.28,1.3333333333333333,0.004479371316306484,6.981
30,120.26,16,1,0.323,0.0984,0,0,0.0,0.615,4.43,5.48,9.1,4.5,0,1.5333333333333332,1924.16,1.0,0.0,1.4535
18,98.48,1,1,0.005,0.124,1,0,3.7,0.362,2.72,6.22,6.64,2.4,0,1.0555555555555556,98.48,0.2127659574468085,0.016230366492146597,0.012
48,168.57,25,30,0.253,0.1248,1,1,1.2,0.701,3.5,4.73,7.42,3.8,0,1.5208333333333335,4214.25,13.636363636363635,0.014821852731591449,0.9613999999999999
17,105.12,1,27,0.273,0.0528,0,0,2.6,0.588,5.0,4.55,9.82,4.3,0,1.0588235294117647,105.12,7.5,0.0,1.1739
18,52.59,1,8,0.619,0.0352,0,0,3.3,0.81,5.0,5.73,9.88,7.0,0,1.0555555555555556,52.59,1.8604651162790697,0.0,4.333
58,98.65,1,17,0.021,0.0576,3,0,1.9,0.518,2.98,4.82,5.79,2.6,0,1.0172413793103448,98.65,5.862068965517242,0.02544918998527246,0.0546
47,90.84,36,62,0.276,0.2792,1,0,2.4,0.864,3.57,3.9,6.97,4.4,1,1.7659574468085106,3270.2400000000002,18.235294117647058,0.03503136762860728,1.2144000000000001
37,43.85,19,61,0.212,0.0536,1,0,1.5,0.777,3.91,3.08,8.06,4.2,1,1.5135135135135136,833.15,24.4,0.005916114790286976,0.8904
14,85.44,1,59,0.267,0.012,0,0,3.7,0.666,4.72,3.32,9.68,4.4,0,1.0714285714285714,85.44,12.553191489361701,0.0,1.1748
15,33.34,1,52,0.444,0.3168,1,0,4.5,0.631,3.82,3.93,7.1,5.9,0,1.0666666666666667,33.34,9.454545454545455,0.03911111111111112,2.6196
1,134.22,1,9,0.287,0.0576,1,0,2.1,0.625,4.68,5.28,8.82,4.2,0,2.0,134.22,2.903225806451613,0.005865580448065173,1.2054
8,55.88,3,81,0.298,0.064,0,0,2.2,0.304,3.87,1.78,8.66,4.8,1,1.375,167.64000000000001,25.3125,0.0,1.4304
11,85.56,6,14,0.241,0.08,1,0,0.1,0.193,3.86,4.53,7.93,4.2,0,1.5454545454545454,513.36,12.727272727272727,0.008958566629339306,1.0122
47,86.39,1,17,0.19,0.1072,3,0,0.0,0.694,3.38,4.18,6.02,3.8,0,1.0212765957446808,86.39,17.0,0.04581196581196582,0.722
28,93.03,1,8,0.427,0.1392,0,0,3.0,0.42,3.21,5.63,7.75,5.4,0,1.0357142857142858,93.03,2.0,0.0,2.3058
33,132.63,17,21,0.598,0.0176,0,0,0.6,0.735,3.84,4.72,8.78,6.4,0,1.5151515151515151,2254.71,13.125,0.0,3.8272
37,134.77,1,4,0.514,0.0032,1,0,2.3,0.625,3.42,5.6,7.74,5.8,0,1.027027027027027,134.77,1.2121212121212122,0.00036613272311212814,2.9812
10,72.48,6,18,0.374,0.0432,1,0,1.0,0.66,2.07,4.63,6.26,5.2,0,1.6,434.88,9.0,0.005950413223140496,1.9448
55,32.04,14,51,0.319,0.0296,0,0,5.4,0.314,4.04,4.72,8.94,5.0,0,1.2545454545454544,448.56,7.96875,0.0,1.595
49,119.41,1,8,0.203,0.0016,1,1,5.4,0.469,3.7,6.43,8.03,3.7,0,1.0204081632653061,119.41,1.25,0.00017718715393134,0.7511000000000001
51,21.5,26,59,0.031,0.1104,2,1,5.7,0.137,3.57,4.82,6.87,3.1,0,1.5098039215686274,559.0,8.805970149253731,0.028055908513341804,0.0961
4,74.38,1,5,0.095,0.0264,2,0,1.6,0.849,3.64,5.32,7.22,3.2,0,1.25,74.38,1.923076923076923,0.006423357664233577,0.30400000000000005
21,134.32,11,1,0.301,0.04,0,1,3.9,0.402,4.86,6.62,9.73,4.3,0,1.5238095238095237,1477.52,0.2040816326530612,0.0,1.2943
14,60.47,4,6,0.412,0.0784,1,0,5.5,0.721,5.0,6.67,9.07,5.5,0,1.2857142857142856,241.88,0.9230769230769231,0.007785501489572988,2.266
16,39.82,13,49,0.753,0.0592,0,0,2.4,0.659,3.45,3.78,8.25,8.0,0,1.8125,517.66,14.411764705882353,0.0,6.024
49,147.22,13,2,0.216,0.036,3,0,5.2,0.413,3.7,7.07,6.58,3.6,0,1.2653061224489797,1913.86,0.3225806451612903,0.014248021108179418,0.7776
9,40.94,1,8,0.128,0.0168,1,0,3.1,0.477,4.35,5.67,8.63,3.7,0,1.1111111111111112,40.94,1.9512195121951221,0.0017445482866043612,0.4736
41,44.0,11,33,0.181,0.0016,0,0,4.8,0.815,4.62,5.32,9.61,4.0,0,1.2682926829268293,484.0,5.689655172413794,0.0,0.724
41,65.26,11,39,0.626,0.0048,0,0,1.8,0.262,3.25,4.02,8.23,7.0,0,1.2682926829268293,717.86,13.928571428571429,0.0,4.382
47,41.23,24,51,0.355,0.0328,1,0,4.8,0.757,3.15,4.85,7.37,5.2,0,1.5106382978723403,989.52,8.793103448275863,0.003918757467144564,1.8459999999999999
2,113.06,1,10,0.427,0.0664,4,0,3.4,0.186,2.96,5.67,5.07,5.3,0,1.5,113.06,2.2727272727272725,0.04375617792421746,2.2630999999999997
31,68.38,1,6,0.003,0.0224,0,0,1.7,0.505,4.41,5.3,9.34,2.6,0,1.032258064516129,68.38,2.222222222222222,0.0,0.0078000000000000005
33,21.94,1,12,0.409,0.044,1,0,0.0,0.497,4.1,4.43,8.29,5.7,0,1.0303030303030303,21.94,12.0,0.004736275565123789,2.3313
48,110.07,1,72,0.106,0.0552,0,1,2.9,0.852,4.65,2.4,9.47,3.1,0,1.0208333333333333,110.07,18.461538461538463,0.0,0.3286
54,78.81,1,10,0.228,0.0296,0,0,5.1,0.679,4.39,6.23,9.29,4.1,0,1.0185185185185186,78.81,1.639344262295082,0.0,0.9348
50,102.28,13,8,0.659,0.1128,0,0,0.0,0.316,4.08,5.03,8.7,7.0,0,1.26,1329.64,8.0,0.0,4.613
37,73.35,19,55,0.605,0.024,1,0,5.2,0.537,3.33,4.62,7.58,6.8,0,1.5135135135135136,1393.6499999999999,8.870967741935484,0.002797202797202797,4.114
13,111.41,4,29,0.207,0.0008,0,0,5.5,0.506,4.4,5.52,9.4,3.8,0,1.3076923076923077,445.64,4.461538461538462,0.0,0.7866
25,52.8,13,50,0.054,0.0728,0,0,6.2,0.621,3.38,5.0,8.14,3.1,0,1.52,686.4,6.944444444444445,0.0,0.1674
2,42.18,1,22,0.319,0.1328,1,0,1.8,0.582,4.31,4.53,8.2,5.0,0,1.5,42.18,7.857142857142858,0.014434782608695653,1.595
34,47.83,1,21,0.054,0.028,2,1,4.7,0.629,3.61,5.55,7.18,3.1,0,1.0294117647058822,47.83,3.6842105263157894,0.00684596577017115,0.1674
31,89.17,8,4,0.322,0.024,2,0,1.6,0.608,5.0,5.6,8.59,4.7,0,1.2580645161290323,713.36,1.5384615384615383,0.005005213764337852,1.5134
40,91.43,11,16,0.599,0.0904,1,0,3.4,0.541,2.21,5.7,6.24,6.6,0,1.275,1005.73,3.6363636363636362,0.012486187845303866,3.9534
42,92.51,1,0,0.034,0.0168,1,0,4.0,0.756,4.62,6.37,8.9,2.7,0,1.0238095238095237,92.51,0.0,0.0016969696969696968,0.0918
53,195.25,14,10,0.262,0.0456,0,1,1.3,0.272,3.22,5.4,8.07,3.7,0,1.2641509433962264,2733.5,4.347826086956522,0.0,0.9694
45,26.94,23,9,0.124,0.0248,0,0,3.2,0.729,4.88,6.38,9.8,3.7,0,1.511111111111111,619.62,2.142857142857143,0.0,0.45880000000000004
28,76.89,8,25,0.163,0.0472,0,0,5.1,0.25,4.07,5.72,8.91,3.7,0,1.2857142857142856,615.12,4.0983606557377055,0.0,0.6031000000000001
29,53.37,1,33,0.184,0.0264,2,0,4.1,0.274,3.6,4.75,7.18,4.0,0,1.0344827586206897,53.37,6.470588235294118,0.006454767726161369,0.736
46,47.91,1,120,0.058,0.004,0,0,1.8,0.809,3.35,1.0,8.34,3.1,1,1.0217391304347827,47.91,42.85714285714286,0.0,0.17980000000000002
30,77.0,31,52,0.276,0.0744,1,0,3.4,0.433,3.51,4.57,7.6,4.5,0,2.033333333333333,2387.0,11.818181818181817,0.008651162790697674,1.242
59,66.15,15,26,0.136,0.1592,1,0,2.9,0.817,3.39,5.17,7.19,3.6,0,1.2542372881355932,992.2500000000001,6.666666666666667,0.019438339438339437,0.48960000000000004
49,81.19,25,25,0.089,0.1632,2,0,1.2,0.515,3.0,4.98,6.12,3.1,0,1.510204081632653,2029.75,11.363636363636363,0.04584269662921349,0.2759
33,39.17,9,1,0.07,0.0232,0,0,4.0,0.305,3.76,6.58,8.68,3.3,0,1.2727272727272727,352.53000000000003,0.2,0.0,0.231
18,21.04,19,2,0.216,0.0448,1,1,5.8,0.801,3.28,7.47,7.46,4.4,0,2.0555555555555554,399.76,0.29411764705882354,0.005295508274231678,0.9504
9,57.02,1,74,0.254,0.0816,0,0,3.3,0.335,5.0,2.43,9.73,4.4,1,1.1111111111111112,57.02,17.209302325581397,0.0,1.1176000000000001
46,48.25,1,7,0.585,0.2048,2,1,4.0,0.462,4.2,6.02,7.18,6.8,0,1.0217391304347827,48.25,1.4,0.050073349633251836,3.9779999999999998
54,78.87,14,34,0.133,0.0728,0,0,3.2,0.42,4.13,4.83,8.89,3.5,0,1.2592592592592593,1104.18,8.095238095238095,0.0,0.4655
36,88.0,19,28,0.127,0.0632,0,0,3.3,0.359,3.47,5.33,8.26,3.4,0,1.5277777777777777,1672.0,6.511627906976744,0.0,0.4318
51,58.65,39,14,0.36,0.092,2,0,2.1,0.222,3.0,6.3,6.36,5.2,0,1.7647058823529411,2287.35,4.516129032258064,0.024999999999999998,1.8719999999999999
39,67.8,20,15,0.292,0.104,2,0,4.0,0.552,4.76,6.25,8.08,4.6,0,1.5128205128205128,1356.0,3.0,0.02290748898678414,1.3431999999999997
35,218.02,1,47,0.398,0.208,1,0,2.2,0.656,4.03,3.42,7.67,4.5,0,1.0285714285714285,218.02,14.6875,0.023990772779700114,1.7910000000000001
28,37.52,8,36,0.309,0.024,0,0,3.6,0.821,3.02,4.67,7.94,4.9,0,1.2857142857142856,300.16,7.82608695652174,0.0,1.5141
56,277.35,1,29,0.275,0.0176,1,0,4.9,0.635,4.57,5.22,8.84,3.3,0,1.0178571428571428,277.35,4.915254237288135,0.001788617886178862,0.9075
29,280.15,8,7,0.686,0.0624,0,0,0.2,0.334,3.34,4.98,8.13,6.1,0,1.2758620689655173,2241.2,5.833333333333334,0.0,4.1846
9,115.63,1,1,0.432,0.1144,0,0,0.0,0.522,3.81,4.98,8.43,5.3,0,1.1111111111111112,115.63,1.0,0.0,2.2896
13,152.09,4,16,0.352,0.1784,1,0,1.3,0.503,3.86,4.77,7.6,4.6,0,1.3076923076923077,608.36,6.9565217391304355,0.02074418604651163,1.6191999999999998
13,24.97,1,18,0.52,0.1704,4,1,4.4,0.751,4.59,5.6,6.36,6.5,0,1.0769230769230769,24.97,3.333333333333333,0.0926086956521739,3.38
38,43.28,1,11,0.106,0.028,0,0,2.1,0.811,3.87,5.18,8.78,3.5,0,1.0263157894736843,43.28,3.5483870967741935,0.0,0.371
35,96.48,1,107,0.31,0.0032,1,0,6.0,0.769,4.71,2.03,9.03,4.6,1,1.0285714285714285,96.48,15.285714285714286,0.0003190428713858425,1.426
52,51.13,27,62,0.156,0.0824,2,1,2.9,0.582,3.77,3.77,7.16,3.8,0,1.5192307692307692,1380.51,15.897435897435898,0.020196078431372548,0.5928
27,70.72,1,64,0.159,0.0264,0,0,1.9,0.338,5.0,2.47,9.91,3.7,1,1.037037037037037,70.72,22.06896551724138,0.0,0.5883
31,25.84,8,39,0.546,0.1568,3,0,0.7,0.726,4.32,3.55,6.8,6.7,1,1.2580645161290323,206.72,22.941176470588236,0.060307692307692305,3.6582000000000003
58,52.38,30,6,0.078,0.1224,2,0,3.0,0.825,2.83,6.7,6.09,3.2,0,1.5172413793103448,1571.4,1.5,0.03452750352609309,0.24960000000000002
59,13.57,1,12,0.609,0.1672,3,0,0.3,0.514,2.87,4.53,5.31,7.2,0,1.0169491525423728,13.57,9.23076923076923,0.07949286846275752,4.3848
55,52.21,1,24,0.585,0.1664,0,0,0.4,0.322,3.76,3.97,8.21,6.8,0,1.018181818181818,52.21,17.142857142857142,0.0,3.9779999999999998
13,146.48,1,81,0.18,0.0928,2,0,4.4,0.479,3.77,2.45,7.13,3.4,1,1.0769230769230769,146.48,14.999999999999998,0.022829028290282903,0.612
20,40.55,6,3,0.449,0.0992,0,1,0.5,0.845,5.0,5.22,9.67,5.9,0,1.3,243.29999999999998,2.0,0.0,2.6491000000000002
38,77.58,1,3,0.342,0.0696,0,0,2.5,0.597,4.28,5.72,9.05,4.9,0,1.0263157894736843,77.58,0.8571428571428571,0.0,1.6758000000000002
28,176.12,15,13,0.064,0.0248,0,0,0.7,0.326,5.0,5.08,9.92,2.4,0,1.5357142857142856,2641.8,7.647058823529412,0.0,0.1536
41,22.82,11,27,0.104,0.1056,1,0,4.0,0.79,3.39,5.35,7.37,3.6,0,1.2682926829268293,251.02,5.4,0.012616487455197131,0.3744
39,90.33,30,85,0.163,0.1384,0,1,2.0,0.867,3.38,2.42,7.92,3.6,1,1.7692307692307692,2709.9,28.333333333333332,0.0,0.5868
58,76.24,15,21,0.034,0.04,0,0,5.1,0.958,4.21,6.15,9.08,2.8,0,1.2586206896551724,1143.6,3.4426229508196724,0.0,0.0952
42,55.46,1,1,0.192,0.0328,1,0,2.9,0.742,5.0,5.95,9.22,4.0,0,1.0238095238095237,55.46,0.25641025641025644,0.0032093933463796477,0.768
40,139.55,1,80,0.287,0.0744,0,0,2.4,0.516,5.0,1.83,9.75,4.2,1,1.025,139.55,23.529411764705884,0.0,1.2054
10,157.97,8,34,0.688,0.0184,1,1,0.0,0.329,4.28,3.57,8.55,6.9,0,1.8,1263.76,34.0,0.001926701570680628,4.7472
37,75.81,10,42,0.333,0.1048,1,0,4.0,0.557,4.52,4.57,8.5,4.9,0,1.2702702702702702,758.1,8.4,0.011031578947368422,1.6317000000000002
1,68.92,1,4,0.416,0.0632,1,0,1.8,0.891,4.78,5.43,8.9,5.5,0,2.0,68.92,1.4285714285714286,0.006383838383838384,2.288
2,63.91,1,17,0.306,0.0256,1,1,0.0,0.438,3.3,4.18,7.55,4.8,0,1.5,63.91,17.0,0.0029941520467836255,1.4687999999999999
1,110.6,1,41,0.119,0.1344,1,0,3.0,0.766,3.17,3.98,7.06,3.2,1,2.0,110.6,10.25,0.016674937965260546,0.3808
56,130.75,1,2,0.242,0.0392,0,0,1.3,0.74,3.66,5.37,8.53,3.9,0,1.0178571428571428,130.75,0.8695652173913044,0.0,0.9438
27,136.7,1,95,0.268,0.2424,0,0,2.8,0.68,4.37,1.22,8.56,4.1,1,1.037037037037037,136.7,25.0,0.0,1.0988
34,116.25,1,5,0.27,0.0136,2,0,4.5,0.913,3.69,6.28,7.31,4.2,0,1.0294117647058822,116.25,0.9090909090909091,0.0032731648616125156,1.1340000000000001
15,76.21,4,6,0.279,0.0168,2,0,6.1,0.756,2.48,6.87,6.09,4.5,0,1.2666666666666666,304.84,0.8450704225352114,0.004739069111424542,1.2555
59,41.85,15,1,0.037,0.108,1,1,4.5,0.958,3.76,6.95,7.73,3.0,0,1.2542372881355932,627.75,0.18181818181818182,0.012371134020618556,0.11099999999999999
25,64.62,1,20,0.305,0.0904,3,0,0.9,0.36,4.73,4.33,7.43,4.7,0,1.04,64.62,10.526315789473685,0.03217081850533808,1.4335
52,88.24,53,12,0.273,0.0296,0,1,1.7,0.79,3.64,6.63,8.54,4.4,0,2.019230769230769,4676.719999999999,4.444444444444444,0.0,1.2012000000000003
36,90.79,1,51,0.13,0.1424,1,0,2.9,0.4,2.97,3.45,6.83,3.4,1,1.0277777777777777,90.79,13.076923076923077,0.01818646232439336,0.442
36,130.04,19,17,0.273,0.0832,1,1,7.0,0.661,4.38,7.12,8.44,4.1,0,1.5277777777777777,2470.7599999999998,2.125,0.008813559322033898,1.1193
30,25.19,16,27,0.212,0.0256,1,0,6.8,0.131,4.28,6.45,8.53,4.3,0,1.5333333333333332,403.04,3.4615384615384617,0.0026862539349422876,0.9116
3,153.67,1,27,0.216,0.1952,2,0,0.8,0.15,2.64,3.95,5.66,3.6,0,1.3333333333333333,153.67,15.0,0.05861861861861862,0.7776
53,37.53,14,80,0.179,0.1896,3,0,4.7,0.453,4.95,3.03,7.32,4.0,1,1.2641509433962264,525.4200000000001,14.035087719298245,0.0683653846153846,0.716
4,403.49,4,40,0.187,0.0152,1,0,4.2,0.863,3.65,4.53,7.93,1.9,0,2.0,1613.96,7.692307692307692,0.001702127659574468,0.3553
46,114.05,12,17,0.752,0.1232,2,0,0.5,0.696,4.58,4.72,7.84,7.6,0,1.2608695652173914,1368.6,11.333333333333334,0.027873303167420815,5.715199999999999
5,191.71,3,13,0.209,0.008,0,0,0.7,0.701,5.0,4.68,9.97,3.3,0,1.6,575.13,7.647058823529412,0.0,0.6897
36,25.08,1,4,0.39,0.032,0,0,5.9,0.603,3.34,6.8,8.23,5.6,0,1.0277777777777777,25.08,0.5797101449275363,0.0,2.1839999999999997
11,58.81,1,3,0.363,0.0567999999999999,0,0,2.5,0.69,3.07,5.72,7.88,5.2,0,1.0909090909090908,58.81,0.8571428571428571,0.0,1.8876
24,48.57,7,2,0.25,0.0968,1,0,0.5,0.831,4.42,5.3,8.43,4.5,0,1.2916666666666667,339.99,1.3333333333333333,0.010265111346765641,1.125
3,72.23,1,41,0.52,0.0072,0,0,2.6,0.52,4.64,3.85,9.62,6.2,0,1.3333333333333333,72.23,11.38888888888889,0.0,3.224
34,75.49,9,8,0.313,0.0512,1,0,0.0,0.328,2.67,4.9,6.83,4.7,0,1.2647058823529411,679.41,8.0,0.006538952745849298,1.4711
48,20.11,37,2,0.335,0.0432,2,1,6.0,0.663,2.52,8.13,6.04,5.2,0,1.7708333333333335,744.0699999999999,0.2857142857142857,0.012272727272727274,1.7420000000000002
7,28.71,2,6,0.577,0.1016,2,0,1.2,0.335,3.0,5.17,6.33,6.9,0,1.2857142857142856,57.42,2.727272727272727,0.027721691678035468,3.9813
11,142.97,3,22,0.294,0.0296,0,0,6.2,0.535,4.91,6.07,9.81,4.2,0,1.2727272727272727,428.90999999999997,3.0555555555555554,0.0,1.2348
51,52.12,26,54,0.287,0.0688,0,0,2.5,0.812,4.05,4.0,8.82,4.7,0,1.5098039215686274,1355.12,15.428571428571429,0.0,1.3489
50,19.31,13,27,0.089,0.1088,0,0,5.5,0.898,3.52,5.92,8.16,3.5,0,1.26,251.02999999999997,4.153846153846154,0.0,0.3115
12,51.57,7,22,0.454,0.0576,1,0,3.0,0.86,3.54,5.13,7.68,5.9,0,1.5833333333333335,360.99,5.5,0.0066359447004608295,2.6786000000000003
24,21.22,7,18,0.155,0.1088,1,0,3.3,0.666,3.97,5.43,7.94,4.0,0,1.2916666666666667,148.54,4.186046511627907,0.012170022371364652,0.62
59,35.11,1,20,0.443,0.1936,0,0,1.1,0.337,3.89,4.4,8.24,5.9,0,1.0169491525423728,35.11,9.523809523809524,0.0,2.6137
19,32.62,5,8,0.423,0.1336,1,0,2.2,0.462,3.26,5.5,7.15,5.8,0,1.263157894736842,163.1,2.5,0.016392638036809813,2.4534
8,48.91,1,12,0.222,0.1672,1,0,1.8,0.268,3.11,5.03,6.89,4.3,0,1.125,48.91,4.285714285714286,0.021191381495564005,0.9546
5,82.69,1,6,0.227,0.108,0,1,2.7,0.182,5.0,5.63,9.64,4.1,0,1.2,82.69,1.6216216216216215,0.0,0.9307
1,143.12,1,39,0.252,0.2008,0,0,3.7,0.395,4.62,4.32,8.95,3.9,0,2.0,143.12,8.297872340425531,0.0,0.9828
59,23.86,15,20,0.194,0.0216,1,0,1.7,0.401,5.0,5.07,9.26,4.2,0,1.2542372881355932,357.9,7.4074074074074066,0.002105263157894737,0.8148000000000001
31,206.11,16,36,0.075,0.064,1,0,3.1,0.7,3.09,4.77,7.21,2.3,0,1.5161290322580645,3297.76,8.78048780487805,0.007795371498172959,0.1725
1,69.04,1,36,0.196,0.064,2,0,0.0,0.674,3.33,3.23,6.78,4.0,1,2.0,69.04,36.0,0.016452442159383032,0.784
20,54.4,6,9,0.3,0.0784,1,0,4.1,0.541,4.03,6.12,8.1,4.8,0,1.3,326.4,1.7647058823529413,0.008615384615384615,1.44
56,39.29,1,84,0.139,0.0048,0,0,2.6,0.728,5.0,1.7,9.98,3.7,1,1.0178571428571428,39.29,23.333333333333332,0.0,0.5143000000000001
26,201.01,14,13,0.105,0.0888,1,1,6.0,0.749,3.27,6.82,7.31,2.5,0,1.5384615384615383,2814.14,1.8571428571428572,0.01068592057761733,0.2625
20,181.37,11,4,0.218,0.0048,0,0,4.6,0.437,2.57,6.7,7.55,3.4,0,1.55,1995.0700000000002,0.7142857142857143,0.0,0.7412
53,26.4,40,0,0.377,0.0536,0,0,1.7,0.142,4.36,6.9,9.18,5.5,0,1.7547169811320755,1056.0,0.0,0.0,2.0735
51,82.06,1,24,0.349,0.044,1,0,3.5,0.274,3.92,5.0,8.11,5.0,0,1.0196078431372548,82.06,5.333333333333333,0.004829857299670692,1.7449999999999999
32,73.98,1,18,0.393,0.0528,0,1,2.7,0.69,3.74,5.03,8.56,5.3,0,1.03125,73.98,4.864864864864865,0.0,2.0829
60,53.4,1,8,0.303,0.0648,0,0,1.7,0.475,4.4,5.2,9.18,4.8,0,1.0166666666666666,53.4,2.962962962962963,0.0,1.4544
46,44.59,24,22,0.21,0.0424,0,0,2.3,0.836,3.77,5.47,8.63,4.2,0,1.5217391304347827,1070.16,6.666666666666667,0.0,0.882
58,38.7,1,15,0.129,0.0736,0,0,5.3,0.757,4.24,6.05,8.99,3.7,0,1.0172413793103448,38.7,2.380952380952381,0.0,0.47730000000000006
25,125.2,7,0,0.134,0.1256,0,0,6.5,0.581,3.04,7.4,7.62,3.2,0,1.28,876.4,0.0,0.0,0.42880000000000007
47,79.79,48,24,0.259,0.0128,2,1,2.4,0.683,3.6,6.2,7.22,4.3,0,2.0212765957446805,3829.92,7.0588235294117645,0.0031143552311435527,1.1137
48,40.55,1,49,0.265,0.0136,0,1,2.4,0.87,3.86,3.38,8.81,4.6,0,1.0208333333333333,40.55,14.411764705882353,0.0,1.2189999999999999
30,135.35,8,3,0.414,0.18,1,0,2.6,0.902,4.07,5.98,7.8,5.1,0,1.2666666666666666,1082.8,0.8333333333333333,0.02045454545454545,2.1113999999999997
60,72.92,1,0,0.262,0.0584,4,1,2.6,0.46,1.0,5.9,3.14,4.4,0,1.0166666666666666,72.92,0.0,0.056425120772946855,1.1528
24,101.68,13,56,0.468,0.1952,5,0,1.0,0.482,1.47,2.97,2.49,5.7,1,1.5416666666666665,1321.8400000000001,28.0,0.2796561604584527,2.6676
19,55.52,5,10,0.252,0.0376,1,0,2.2,0.72,3.38,5.4,7.59,4.4,0,1.263157894736842,277.6,3.125,0.004377182770663563,1.1088
19,91.65,5,10,0.099,0.032,1,1,3.4,0.301,3.77,5.8,8.0,3.1,0,1.263157894736842,458.25,2.2727272727272725,0.0035555555555555557,0.3069
22,62.35,1,12,0.21,0.0096,1,0,2.4,0.364,4.01,5.23,8.31,4.1,0,1.0454545454545454,62.35,3.5294117647058822,0.0010311493018259933,0.8609999999999999
23,57.3,6,20,0.2,0.1192,0,0,0.0,0.597,3.95,4.2,8.55,4.1,0,1.2608695652173914,343.79999999999995,20.0,0.0,0.82
21,357.46,1,42,0.033,0.064,0,0,3.9,0.718,3.79,4.23,8.58,1.1,0,1.0476190476190477,357.46,8.571428571428571,0.0,0.036300000000000006
47,85.98,1,7,0.08,0.048,0,0,9.6,0.559,3.68,7.88,8.52,3.0,0,1.0212765957446808,85.98,0.6603773584905661,0.0,0.24
45,52.14,1,45,0.278,0.128,2,0,0.9,0.648,3.42,3.08,6.66,4.6,0,1.0222222222222221,52.14,23.68421052631579,0.03342036553524804,1.2788
32,115.88,17,13,0.502,0.0144,1,1,4.2,0.316,3.21,6.32,7.5,5.8,0,1.53125,1969.96,2.5,0.0016941176470588234,2.9116
30,42.18,8,18,0.104,0.0496,0,0,3.6,0.636,4.42,5.57,9.25,3.5,0,1.2666666666666666,337.44,3.91304347826087,0.0,0.364
17,113.29,5,23,0.302,0.0432,1,0,1.2,0.793,4.58,4.42,8.77,4.4,0,1.2941176470588236,566.45,10.454545454545453,0.004421699078812693,1.3288
38,32.96,1,82,0.312,0.12,0,0,1.4,0.23,4.09,1.4,8.69,5.0,1,1.0263157894736843,32.96,34.16666666666667,0.0,1.56
59,226.82,15,12,0.213,0.06,0,1,6.3,0.424,2.12,7.0,6.92,3.1,0,1.2542372881355932,3402.2999999999997,1.6438356164383563,0.0,0.6603
41,12.55,1,17,0.236,0.016,0,0,2.8,0.83,4.12,5.12,9.07,4.6,0,1.024390243902439,12.55,4.473684210526316,0.0,1.0856
1,75.54,1,6,0.157,0.0512,1,0,3.1,0.79,4.17,5.77,8.33,3.6,0,2.0,75.54,1.4634146341463417,0.005487674169346196,0.5652
22,67.04,12,94,0.356,0.0216,1,0,0.0,0.31,4.68,1.0,8.94,5.1,1,1.5454545454545454,804.48,94.0,0.002173038229376258,1.8155999999999999
20,110.79,1,9,0.146,0.1568,2,0,4.5,0.505,2.48,6.08,5.62,3.4,0,1.05,110.79,1.6363636363636365,0.047371601208459214,0.49639999999999995
26,145.01,1,65,0.479,0.0096,0,0,4.8,0.761,3.83,3.38,8.8,5.5,0,1.0384615384615385,145.01,11.206896551724139,0.0,2.6345
42,28.69,1,28,0.162,0.2072,1,0,2.7,0.78,3.58,4.53,7.22,4.0,0,1.0238095238095237,28.69,7.5675675675675675,0.02520681265206813,0.648
52,59.75,14,6,0.411,0.0224,2,0,1.4,0.843,3.45,5.63,7.04,5.5,0,1.2692307692307692,836.5,2.5,0.005572139303482587,2.2605
15,84.84,12,38,0.162,0.12,1,0,5.0,0.521,3.75,5.17,7.68,3.6,0,1.8,1018.08,6.333333333333333,0.013824884792626727,0.5832
41,47.86,1,41,0.208,0.0567999999999999,0,0,0.9,0.479,5.0,3.28,9.81,4.2,0,1.024390243902439,47.86,21.578947368421055,0.0,0.8736
60,71.98,31,44,0.188,0.1216,2,1,1.7,0.76,3.07,4.4,6.33,3.9,0,1.5166666666666666,2231.38,16.296296296296294,0.03317871759890859,0.7332
10,67.99,3,6,0.391,0.052,4,0,2.6,0.733,3.39,5.67,5.55,5.3,0,1.3,203.96999999999997,1.6666666666666665,0.0317557251908397,2.0723
60,47.14,16,7,0.241,0.0992,0,0,3.0,0.32,4.18,6.18,8.85,4.4,0,1.2666666666666666,754.24,1.75,0.0,1.0604
51,44.85,1,1,0.338,0.036,3,0,3.5,0.54,2.23,6.15,5.11,5.1,0,1.0196078431372548,44.85,0.2222222222222222,0.017675941080196395,1.7238
60,66.79,46,115,0.293,0.0664,1,0,0.0,0.667,2.04,1.53,6.15,4.7,1,1.7666666666666666,3072.34,115.0,0.009286713286713287,1.3771
55,158.75,14,1,0.708,0.0144,0,1,0.9,0.678,2.14,5.72,7.09,7.0,0,1.2545454545454544,2222.5,0.5263157894736842,0.0,4.9559999999999995
23,30.47,1,5,0.056,0.2096,1,0,0.0,0.231,3.09,4.78,6.72,3.2,0,1.0434782608695652,30.47,5.0,0.027150259067357515,0.17920000000000003
57,91.18,15,56,0.089,0.0888,1,0,1.2,0.453,3.25,3.1,7.29,3.1,1,1.263157894736842,1367.7,25.454545454545453,0.010711700844390834,0.2759
41,44.08,21,10,0.44,0.1256,1,1,7.8,0.77,4.03,7.8,7.94,5.8,0,1.5121951219512195,925.68,1.1363636363636362,0.014049217002237133,2.552
40,52.97,31,14,0.197,0.0688,1,1,2.3,0.692,3.45,6.1,7.55,4.1,0,1.775,1642.07,4.242424242424242,0.008046783625730993,0.8077
9,56.75,1,15,0.237,0.1768,1,0,1.2,0.337,5.0,4.68,8.74,4.3,0,1.1111111111111112,56.75,6.8181818181818175,0.018151950718685833,1.0191
14,23.98,1,16,0.195,0.0496,0,0,4.1,0.611,4.97,5.6,9.8,4.2,0,1.0714285714285714,23.98,3.1372549019607847,0.0,0.8190000000000001
49,48.21,13,18,0.415,0.0312,0,0,2.9,0.577,4.45,5.5,9.35,5.6,0,1.2653061224489797,626.73,4.615384615384616,0.0,2.324
13,69.34,1,29,0.282,0.0696,1,0,2.7,0.282,3.16,4.48,7.26,4.6,0,1.0769230769230769,69.34,7.837837837837838,0.008426150121065375,1.2971999999999997
8,23.41,1,91,0.314,0.0576,1,0,0.4,0.541,4.63,1.0,8.77,5.1,1,1.125,23.41,65.0,0.005895598771750256,1.6014
19,76.79,5,73,0.341,0.0488,1,0,1.8,0.317,4.58,2.12,8.75,4.9,1,1.263157894736842,383.95000000000005,26.071428571428573,0.005005128205128205,1.6709000000000003
30,63.81,23,18,0.281,0.04,1,1,2.2,0.665,3.63,5.6,7.83,4.6,0,1.7666666666666666,1467.63,5.625,0.004530011325028313,1.2926
52,115.48,1,2,0.224,0.0712,0,0,4.9,0.248,5.0,6.57,9.76,3.9,0,1.0192307692307692,115.48,0.3389830508474576,0.0,0.8736
28,97.34,8,62,0.204,0.0288,0,0,7.3,0.733,3.7,4.6,8.6,3.8,0,1.2857142857142856,778.72,7.469879518072289,0.0,0.7751999999999999
27,29.5,1,25,0.008,0.0016,1,0,4.0,0.638,2.5,5.12,6.83,2.9,0,1.037037037037037,29.5,5.0,0.00020434227330779056,0.0232
7,93.73,2,7,0.273,0.1232,0,0,4.0,0.204,4.55,6.05,9.14,4.3,0,1.2857142857142856,187.46,1.4,0.0,1.1739
44,71.87,23,18,0.073,0.096,0,1,3.9,0.209,5.0,6.17,9.68,3.1,0,1.5227272727272727,1653.0100000000002,3.6734693877551017,0.0,0.2263
42,58.2,1,13,0.208,0.0648,0,1,3.5,0.77,4.59,5.55,9.37,4.1,0,1.0238095238095237,58.2,2.888888888888889,0.0,0.8527999999999999
44,44.47,12,1,0.219,0.0656,1,1,2.0,0.679,3.8,6.02,7.91,4.3,0,1.2727272727272727,533.64,0.3333333333333333,0.007362514029180697,0.9417
26,33.96,14,55,0.26,0.0776,0,1,1.7,0.768,4.68,3.28,9.42,4.6,0,1.5384615384615383,475.44,20.37037037037037,0.0,1.196
3,76.52,2,46,0.166,0.036,0,0,3.4,0.713,4.42,3.9,9.3,3.7,0,1.6666666666666665,153.04,10.454545454545453,0.0,0.6142000000000001
5,46.31,1,41,0.294,0.2048,1,0,0.0,0.892,4.21,2.98,7.86,4.8,0,1.2,46.31,41.0,0.023115124153498874,1.4111999999999998
50,45.86,13,49,0.227,0.2896,2,0,1.9,0.447,3.84,3.62,6.54,4.3,1,1.26,596.18,16.896551724137932,0.07681697612732095,0.9761
60,26.92,16,56,0.184,0.1112,0,1,1.5,0.658,4.6,3.23,9.23,4.1,0,1.2666666666666666,430.72,22.4,0.0,0.7544
52,107.8,14,33,0.092,0.0832,2,1,0.7,0.675,4.0,4.05,7.39,3.0,0,1.2692307692307692,1509.2,19.411764705882355,0.019833134684147793,0.276
50,42.43,26,38,0.391,0.1304,1,0,5.5,0.968,3.18,5.8,7.08,5.5,0,1.52,1103.18,5.846153846153846,0.016138613861386136,2.1505
20,101.71,1,220,0.451,0.0432,1,0,1.7,0.475,3.23,1.0,7.42,5.5,1,1.05,101.71,81.48148148148148,0.005130641330166271,2.4805
29,133.89,15,52,0.14,0.1296,1,0,0.0,0.919,3.85,2.9,7.75,3.2,0,1.5172413793103448,2008.35,52.0,0.014811428571428571,0.44800000000000006
45,48.76,1,1,0.155,0.0888,1,0,2.2,0.618,3.45,5.72,7.49,3.8,0,1.0222222222222221,48.76,0.3125,0.010459363957597173,0.589
19,156.97,5,23,0.225,0.1016,0,1,4.8,0.681,5.0,5.62,9.66,3.6,0,1.263157894736842,784.85,3.9655172413793105,0.0,0.81
25,179.09,13,8,0.034,0.0208,0,0,6.8,0.571,3.88,7.3,8.81,2.2,0,1.52,2328.17,1.0256410256410258,0.0,0.0748
13,79.98,7,34,0.234,0.2672,1,0,0.7,0.855,4.17,3.77,7.61,4.2,0,1.5384615384615383,559.86,20.0,0.031033681765389082,0.9828000000000001
15,151.37,4,35,0.23,0.0144,0,0,5.3,0.199,3.75,5.15,8.7,3.7,0,1.2666666666666666,605.48,5.555555555555555,0.0,0.8510000000000001
24,34.22,13,13,0.318,0.1232,1,0,5.6,0.551,3.64,6.65,7.56,5.0,0,1.5416666666666665,444.86,1.9696969696969697,0.014392523364485984,1.59
58,282.3,30,44,0.164,0.084,0,0,2.2,0.267,3.66,4.53,8.38,2.5,0,1.5172413793103448,8469.0,13.75,0.0,0.41000000000000003
12,128.6,7,13,0.536,0.0664,2,0,4.3,0.773,3.62,6.02,7.07,6.0,0,1.5833333333333335,900.1999999999999,2.452830188679245,0.016456009913258983,3.216
57,51.97,15,7,0.309,0.0896,0,0,0.7,0.791,3.9,5.38,8.6,4.9,0,1.263157894736842,779.55,4.11764705882353,0.0,1.5141
50,107.29,13,5,0.117,0.1536,2,0,3.7,0.748,4.09,6.42,7.24,3.2,0,1.26,1394.77,1.0638297872340425,0.03728155339805825,0.37440000000000007
57,55.29,1,7,0.234,0.0256,2,0,3.4,0.651,4.15,5.82,7.73,4.3,0,1.0175438596491229,55.29,1.5909090909090908,0.005864833906071019,1.0062
49,45.09,13,2,0.533,0.0312,0,0,4.2,0.168,5.0,6.73,9.9,6.5,0,1.2653061224489797,586.1700000000001,0.3846153846153846,0.0,3.4645
9,45.7,1,63,0.431,0.0064,3,0,2.2,0.764,2.13,2.62,5.11,5.7,1,1.1111111111111112,45.7,19.6875,0.003142389525368249,2.4567
21,243.65,6,90,0.052,0.1808,2,0,6.5,0.547,3.19,2.87,6.25,1.9,1,1.2857142857142856,1461.9,12.0,0.049875862068965514,0.09879999999999999
60,139.72,16,13,0.172,0.004,0,1,3.7,0.901,3.92,6.12,8.91,3.4,0,1.2666666666666666,2235.52,2.7659574468085104,0.0,0.5848
57,40.41,15,69,0.054,0.0352,3,0,4.3,0.507,2.65,3.48,5.53,3.1,1,1.263157894736842,606.15,13.018867924528303,0.016171516079632464,0.1674
57,51.3,43,41,0.434,0.0816,0,1,3.0,0.553,4.31,5.38,9.04,5.7,0,1.7543859649122808,2205.9,10.25,0.0,2.4738
43,71.73,1,7,0.517,0.0392,1,0,2.9,0.641,4.91,5.65,9.11,6.2,0,1.0232558139534884,71.73,1.794871794871795,0.003877349159248269,3.2054
16,38.88,9,11,0.404,0.1399999999999999,0,0,3.1,0.352,3.72,5.78,8.25,5.6,0,1.5625,349.92,2.682926829268293,0.0,2.2624
20,47.84,11,0,0.217,0.0328,0,0,2.3,0.744,2.16,6.13,7.05,4.2,0,1.55,526.24,0.0,0.0,0.9114
40,85.03,21,21,0.393,0.0176,3,1,0.0,0.803,3.5,4.65,6.44,5.2,0,1.525,1785.63,21.0,0.007096774193548387,2.0436
45,139.01,23,13,0.473,0.0448,1,1,6.9,0.425,4.21,7.42,8.39,5.5,0,1.511111111111111,3197.2299999999996,1.6455696202531644,0.004771033013844515,2.6014999999999997
28,54.07,8,94,0.206,0.0376,1,0,0.6,0.347,3.72,1.0,7.93,4.1,1,1.2857142857142856,432.56,58.75,0.004210526315789474,0.8445999999999999
38,16.71,20,55,0.18,0.0928,2,1,0.0,0.559,3.38,2.92,6.74,4.2,1,1.526315789473684,334.20000000000005,55.0,0.023979328165374673,0.756
13,126.41,1,39,0.297,0.0168,4,0,3.2,0.259,2.84,4.15,5.12,4.3,1,1.0769230769230769,126.41,9.285714285714285,0.010980392156862744,1.2771
38,295.2,1,10,0.231,0.0112,0,0,2.6,0.794,5.0,5.4,9.96,2.8,0,1.0263157894736843,295.2,2.7777777777777777,0.0,0.6468
9,37.32,7,16,0.293,0.0728,1,0,3.2,0.594,3.86,5.5,7.95,4.8,0,1.7777777777777777,261.24,3.8095238095238093,0.008134078212290504,1.4063999999999999
60,84.14,61,23,0.211,0.0352,0,1,0.0,0.615,2.98,5.52,7.86,4.0,0,2.0166666666666666,5132.54,23.0,0.0,0.844
29,103.15,1,64,0.466,0.0048,1,0,5.6,0.832,4.78,3.7,9.1,5.6,0,1.0344827586206897,103.15,9.696969696969697,0.00047524752475247524,2.6096
28,42.61,8,32,0.106,0.0176,0,1,7.9,0.639,5.0,6.3,9.94,3.5,0,1.2857142857142856,340.88,3.595505617977528,0.0,0.371
18,100.58,1,2,0.405,0.1368,1,0,4.0,0.8,2.18,6.27,6.06,5.2,0,1.0555555555555556,100.58,0.4,0.019376770538243628,2.1060000000000003
44,70.92,1,24,0.552,0.0768,0,0,3.9,0.461,3.87,5.13,8.61,6.4,0,1.0227272727272727,70.92,4.897959183673469,0.0,3.5328000000000004
59,62.0,15,23,0.535,0.1208,1,0,0.0,0.214,4.49,4.35,8.42,6.4,0,1.2542372881355932,930.0,23.0,0.012823779193205945,3.4240000000000004
19,76.86,1,64,0.322,0.0744,0,0,2.3,0.194,3.14,2.6,7.89,4.8,1,1.0526315789473684,76.86,19.393939393939394,0.0,1.5456
45,78.0,1,73,0.232,0.0984,0,1,4.4,0.323,4.27,2.85,8.94,4.2,0,1.0222222222222221,78.0,13.518518518518517,0.0,0.9744
51,11.54,1,104,0.491,0.088,4,0,1.7,0.725,3.32,1.0,5.36,6.4,1,1.0196078431372548,11.54,38.51851851851852,0.05534591194968553,3.1424000000000003
47,69.0,1,17,0.317,0.0008,1,0,5.7,0.671,2.88,6.08,7.21,4.8,0,1.0212765957446808,69.0,2.5373134328358207,9.744214372716199e-05,1.5216
23,181.93,1,41,0.201,0.0552,1,0,3.6,0.402,3.69,4.18,7.84,3.3,0,1.0434782608695652,181.93,8.913043478260871,0.006244343891402715,0.6633
21,47.58,1,90,0.182,0.0136,0,0,1.6,0.547,5.0,1.07,9.95,4.0,1,1.0476190476190477,47.58,34.61538461538461,0.0,0.728
33,96.63,9,42,0.142,0.0328,1,0,3.8,0.556,5.0,4.47,9.22,3.4,0,1.2727272727272727,869.67,8.75,0.0032093933463796477,0.48279999999999995
24,50.91,19,44,0.541,0.1168,0,0,3.9,0.302,3.5,4.73,8.11,6.5,0,1.7916666666666665,967.29,8.979591836734693,0.0,3.5165
5,115.16,1,32,0.058,0.1016,0,0,3.2,0.457,3.36,4.5,8.02,2.7,0,1.2,115.16,7.619047619047619,0.0,0.15660000000000002
36,31.86,10,12,0.574,0.0112,0,0,2.3,0.897,4.46,5.5,9.42,6.8,0,1.2777777777777777,318.6,3.6363636363636367,0.0,3.9031999999999996
32,46.74,17,11,0.1,0.0352,1,0,2.0,0.758,3.42,5.68,7.64,3.4,0,1.53125,794.58,3.6666666666666665,0.004074074074074074,0.34
20,25.47,1,2,0.124,0.0888,2,0,2.8,0.42,4.74,5.87,8.11,3.7,0,1.05,25.47,0.5263157894736842,0.019495060373216248,0.45880000000000004
34,121.82,9,20,0.445,0.0944,2,0,2.8,0.72,3.62,5.23,6.97,5.4,0,1.2647058823529411,1096.3799999999999,5.2631578947368425,0.02368883312421581,2.403
17,141.34,1,6,0.45,0.0608,0,0,2.5,0.736,5.0,5.57,9.8,5.3,0,1.0588235294117647,141.34,1.7142857142857142,0.0,2.385
11,25.33,3,43,0.317,0.0104,0,0,3.9,0.658,5.0,4.25,9.97,5.1,0,1.2727272727272727,75.99,8.775510204081632,0.0,1.6166999999999998
54,104.25,1,28,0.237,0.0464,1,0,2.1,0.59,2.05,4.33,6.23,4.0,0,1.0185185185185186,104.25,9.032258064516128,0.006417704011065006,0.948
3,141.62,1,77,0.478,0.008,2,1,4.8,0.444,4.64,2.78,8.28,5.5,1,1.3333333333333333,141.62,13.275862068965518,0.001724137931034483,2.629
47,61.03,12,5,0.531,0.3096,3,0,3.9,0.912,2.35,6.45,4.32,6.4,0,1.2553191489361701,732.36,1.0204081632653061,0.1745864661654135,3.3984000000000005
41,19.59,11,13,0.242,0.0552,1,1,2.7,0.708,5.0,5.62,9.15,4.6,0,1.2682926829268293,215.49,3.513513513513513,0.005438423645320197,1.1132
36,147.52,1,70,0.267,0.0688,1,0,1.2,0.326,5.0,1.93,9.1,4.0,1,1.0277777777777777,147.52,31.818181818181817,0.006811881188118812,1.068
45,97.25,1,45,0.318,0.1776,0,0,0.2,0.641,2.99,2.85,7.4,4.6,0,1.0222222222222221,97.25,37.5,0.0,1.4627999999999999
46,35.26,1,20,0.068,0.0048,1,0,5.4,0.538,3.95,5.83,8.27,3.3,0,1.0217391304347827,35.26,3.125,0.000517799352750809,0.22440000000000002
50,19.0,13,5,0.374,0.0768,0,0,1.5,0.604,4.67,5.68,9.41,5.5,0,1.26,247.0,2.0,0.0,2.057
20,42.1,11,5,0.283,0.0824,0,0,3.2,0.903,3.63,6.18,8.36,4.7,0,1.55,463.1,1.1904761904761905,0.0,1.3300999999999998
52,93.88,1,50,0.202,0.0368,1,0,0.7,0.874,5.0,2.77,9.21,3.9,0,1.0192307692307692,93.88,29.411764705882355,0.0036043095004897156,0.7878000000000001
45,135.39,34,21,0.327,0.1272,1,0,4.7,0.551,4.7,6.65,8.61,4.5,0,1.7555555555555555,4603.259999999999,3.6842105263157894,0.013236212278876173,1.4715
1,60.19,1,54,0.084,0.0744,1,0,2.0,0.357,4.42,3.0,8.51,3.2,0,2.0,60.19,18.0,0.007823343848580442,0.26880000000000004
13,64.35,4,57,0.22,0.0264,2,0,5.3,0.806,3.89,4.05,7.47,4.2,0,1.3076923076923077,257.4,9.047619047619047,0.006233766233766235,0.924
12,18.48,7,6,0.407,0.036,1,0,1.4,0.421,3.7,5.4,7.91,5.7,0,1.5833333333333335,129.36,2.5,0.00404040404040404,2.3199
40,73.15,21,25,0.396,0.1416,1,0,1.9,0.364,4.57,5.08,8.43,5.3,0,1.525,1536.15,8.620689655172415,0.01501590668080594,2.0988
4,69.17,3,10,0.42,0.0816,2,0,2.2,0.431,4.75,5.33,8.14,5.5,0,1.75,207.51,3.125,0.017855579868708973,2.31
12,29.31,4,13,0.282,0.1128,0,0,3.2,0.965,2.96,5.55,7.58,4.8,0,1.3333333333333333,117.24,3.095238095238095,0.0,1.3536
29,365.94,15,46,0.42,0.216,1,0,4.1,0.58,4.4,4.57,8.01,3.7,0,1.5172413793103448,5489.1,9.019607843137255,0.023973362930077693,1.554
44,45.18,1,19,0.05,0.024,0,0,5.4,0.618,3.08,5.88,8.0,3.1,0,1.0227272727272727,45.18,2.96875,0.0,0.15500000000000003
52,48.8,14,92,0.471,0.0072,1,0,7.0,0.713,2.92,3.2,7.23,6.0,1,1.2692307692307692,683.1999999999999,11.5,0.0008748481166464155,2.8259999999999996
16,105.25,5,102,0.183,0.008,0,0,1.1,0.211,5.0,1.0,9.97,3.6,1,1.3125,526.25,48.57142857142857,0.0,0.6588
32,40.1,9,60,0.316,0.0416,0,0,4.1,0.589,3.93,3.67,8.79,5.0,0,1.28125,360.90000000000003,11.764705882352942,0.0,1.58
48,105.22,25,21,0.629,0.1176,1,0,3.2,0.805,2.78,5.85,6.72,6.8,0,1.5208333333333335,2630.5,5.0,0.015233160621761659,4.2772
23,80.55,12,10,0.009,0.0856,1,0,1.2,0.348,3.66,5.3,7.71,2.6,0,1.5217391304347827,966.5999999999999,4.545454545454545,0.009827784156142364,0.0234
2,85.74,2,48,0.502,0.1696,0,0,3.8,0.12,3.41,3.93,7.84,6.0,0,2.0,171.48,10.0,0.0,3.012
6,164.32,4,12,0.541,0.0264,1,0,2.2,0.313,2.89,5.27,7.14,5.8,0,1.6666666666666665,657.28,3.75,0.003243243243243243,3.1378
22,62.67,23,65,0.429,0.0248,0,1,0.8,0.682,4.55,2.78,9.47,5.6,0,2.0454545454545454,1441.41,36.11111111111111,0.0,2.4023999999999996
30,24.76,1,145,0.454,0.2024,1,0,2.9,0.458,3.47,1.0,7.13,6.0,1,1.0333333333333334,24.76,37.17948717948718,0.024895448954489547,2.724
55,24.85,1,3,0.228,0.04,1,0,0.9,0.82,5.0,5.18,9.2,4.4,0,1.018181818181818,24.85,1.5789473684210527,0.00392156862745098,1.0032
50,185.47,38,13,0.562,0.0072,1,1,4.2,0.811,5.0,7.02,9.31,5.8,0,1.76,7047.86,2.5,0.0006983511154219204,3.2596000000000003
28,114.15,15,10,0.282,0.0264,0,0,4.2,0.436,3.58,6.4,8.49,4.3,0,1.5357142857142856,1712.25,1.923076923076923,0.0,1.2126
23,44.4,1,3,0.39,0.0544,1,0,4.8,0.612,4.9,6.48,9.05,5.5,0,1.0434782608695652,44.4,0.5172413793103449,0.005412935323383084,2.145
2,19.3,2,21,0.227,0.0968,1,0,3.1,0.367,3.16,5.05,7.17,4.5,0,2.0,38.6,5.121951219512195,0.011848225214198286,1.0215
34,49.53,9,23,0.181,0.0176,0,0,6.0,0.736,4.85,6.15,9.79,4.0,0,1.2647058823529411,445.77,3.2857142857142856,0.0,0.724
17,62.67,9,27,0.054,0.0072,0,0,1.5,0.521,4.6,4.45,9.58,3.0,0,1.5294117647058822,564.03,10.8,0.0,0.162
25,69.42,1,86,0.192,0.2168,1,0,3.2,0.934,4.42,1.8,8.03,3.9,1,1.04,69.42,20.476190476190474,0.024008859357696567,0.7488
11,205.3,6,18,0.113,0.0056,1,0,2.7,0.877,3.56,5.2,7.87,2.6,0,1.5454545454545454,1231.8000000000002,4.864864864864865,0.0006313416009019165,0.2938
25,51.88,1,34,0.401,0.1552,0,0,0.9,0.381,3.21,3.63,7.69,5.5,0,1.04,51.88,17.894736842105264,0.0,2.2055000000000002
53,123.36,27,60,0.284,0.0256,0,0,1.8,0.719,3.54,3.5,8.45,4.2,1,1.509433962264151,3330.72,21.42857142857143,0.0,1.1927999999999999
39,19.21,1,11,0.101,0.0584,0,0,2.7,0.254,3.45,5.38,8.26,3.6,0,1.0256410256410255,19.21,2.972972972972973,0.0,0.36360000000000003
58,133.57,15,1,0.155,0.0344,1,0,5.6,0.509,4.0,7.32,8.22,3.3,0,1.2586206896551724,2003.55,0.15151515151515152,0.0037310195227765724,0.5115
39,119.43,1,15,0.214,0.2224,1,0,5.7,0.674,5.0,6.18,8.59,3.8,0,1.0256410256410255,119.43,2.2388059701492535,0.02319082377476538,0.8131999999999999
19,47.51,10,65,0.371,0.036,0,1,0.3,0.738,3.05,2.18,7.93,5.3,0,1.526315789473684,475.09999999999997,50.0,0.0,1.9663
2,87.4,1,52,0.691,0.1088,0,0,2.4,0.371,4.35,3.23,8.99,7.3,0,1.5,87.4,15.294117647058824,0.0,5.0443
43,77.03,11,1,0.434,0.016,0,0,7.9,0.748,4.36,7.95,9.31,5.6,0,1.255813953488372,847.33,0.11235955056179775,0.0,2.4303999999999997
52,115.53,14,32,0.114,0.1864,0,0,0.6,0.727,4.11,4.07,8.49,3.1,0,1.2692307692307692,1617.42,20.0,0.0,0.35340000000000005
56,41.27,1,49,0.19,0.0096,0,0,0.3,0.571,3.92,2.68,8.89,4.1,1,1.0178571428571428,41.27,37.69230769230769,0.0,0.7789999999999999
31,23.79,1,11,0.501,0.096,1,1,0.2,0.429,4.06,4.55,8.07,6.4,0,1.032258064516129,23.79,9.166666666666668,0.010584343991179712,3.2064000000000004
1,65.54,1,67,0.551,0.1336,2,0,5.5,0.388,4.02,3.52,7.24,6.5,0,2.0,65.54,10.307692307692308,0.032427184466019415,3.5815
59,49.82,1,8,0.449,0.0752,1,0,3.0,0.471,3.51,5.63,7.59,5.8,0,1.0169491525423728,49.82,2.0,0.008754365541327126,2.6042
40,20.65,11,7,0.054,0.2064,0,1,5.0,0.628,3.37,6.68,7.68,3.3,0,1.275,227.14999999999998,1.1666666666666667,0.0,0.1782
50,106.78,1,17,0.421,0.0128,1,0,3.6,0.596,2.84,5.38,7.13,5.3,0,1.02,106.78,3.695652173913044,0.0015744157441574418,2.2313
11,115.61,6,108,0.268,0.0032,0,0,6.4,0.419,5.0,2.33,9.99,4.2,1,1.5454545454545454,693.66,14.594594594594595,0.0,1.1256000000000002
26,119.32,1,41,0.108,0.04,0,1,5.1,0.777,4.9,4.68,9.77,3.0,0,1.0384615384615385,119.32,6.721311475409837,0.0,0.324
13,58.31,4,8,0.549,0.0232,2,0,6.0,0.181,3.29,6.73,6.88,6.5,0,1.3076923076923077,233.24,1.1428571428571428,0.005888324873096446,3.5685000000000002
29,84.36,15,32,0.09,0.028,0,0,1.5,0.811,5.0,4.4,9.91,3.1,0,1.5172413793103448,1265.4,12.8,0.0,0.27899999999999997
48,84.58,13,63,0.12,0.0096,0,0,6.9,0.55,4.92,4.58,9.89,3.3,0,1.2708333333333333,1099.54,7.974683544303797,0.0,0.39599999999999996
24,38.92,1,4,0.164,0.0112,0,0,3.5,0.333,3.94,6.0,8.9,3.9,0,1.0416666666666667,38.92,0.8888888888888888,0.0,0.6396000000000001
47,93.3,24,18,0.085,0.0624,0,0,4.8,0.744,3.69,6.5,8.48,3.0,0,1.5106382978723403,2239.2,3.103448275862069,0.0,0.255
50,69.03,13,8,0.273,0.1135999999999999,2,1,0.0,0.666,2.91,5.03,6.2,4.5,0,1.26,897.39,8.0,0.031555555555555524,1.2285000000000001
39,58.83,1,50,0.075,0.1144,0,0,1.9,0.424,3.93,3.17,8.55,3.2,0,1.0256410256410255,58.83,17.24137931034483,0.0,0.24
13,155.11,4,41,0.158,0.0448,0,0,4.1,0.793,4.6,4.45,9.45,3.2,0,1.3076923076923077,620.44,8.03921568627451,0.0,0.5056
19,86.63,5,22,0.619,0.2232,2,0,3.7,0.179,2.89,5.3,5.81,6.8,0,1.263157894736842,433.15,4.680851063829787,0.06555066079295155,4.2092
30,212.77,1,36,0.455,0.072,1,0,5.1,0.482,4.45,4.93,8.54,4.9,0,1.0333333333333334,212.77,5.901639344262295,0.007547169811320755,2.2295000000000003
59,78.86,15,4,0.124,0.0608,3,0,3.0,0.811,3.92,6.3,6.72,3.4,0,1.2542372881355932,1182.9,1.0,0.02362694300518135,0.4216
48,29.63,1,101,0.365,0.0064,1,0,3.6,0.971,4.07,1.23,8.38,5.4,1,1.0208333333333333,29.63,21.956521739130437,0.0006823027718550107,1.971
54,72.43,14,11,0.248,0.008,0,0,1.4,0.57,3.71,5.38,8.68,4.3,0,1.2592592592592593,1014.0200000000001,4.583333333333334,0.0,1.0664
55,292.71,1,16,0.388,0.0968,2,0,0.9,0.818,2.35,4.53,5.69,4.0,0,1.018181818181818,292.71,8.421052631578947,0.028938714499252612,1.552
38,56.22,10,71,0.338,0.2072,1,0,4.3,0.573,2.9,3.22,6.54,5.0,1,1.263157894736842,562.2,13.39622641509434,0.027480106100795754,1.6900000000000002
37,107.27,1,17,0.376,0.06,0,0,4.8,0.681,4.09,5.78,8.89,5.0,0,1.027027027027027,107.27,2.931034482758621,0.0,1.88
25,192.42,7,2,0.545,0.1176,0,1,1.2,0.896,4.29,5.53,8.9,5.7,0,1.28,1346.9399999999998,0.9090909090909091,0.0,3.1065000000000005
57,125.55,15,2,0.132,0.0408,0,0,4.7,0.802,3.46,6.97,8.32,3.2,0,1.263157894736842,1883.25,0.3508771929824561,0.0,0.42240000000000005
35,72.85,18,29,0.583,0.0752,1,0,0.0,0.508,4.53,4.15,8.61,6.6,0,1.5142857142857142,1311.3,29.0,0.007825182101977107,3.8477999999999994
46,101.84,12,7,0.18,0.0184,0,0,4.0,0.71,1.8,6.38,6.74,3.6,0,1.2608695652173914,1222.08,1.4,0.0,0.648
55,96.32,1,13,0.495,0.1536,1,0,5.3,0.914,4.3,6.15,8.12,5.9,0,1.018181818181818,96.32,2.0634920634920637,0.016842105263157894,2.9205
18,69.44,1,98,0.209,0.296,1,0,4.8,0.549,4.61,1.73,7.96,4.0,1,1.0555555555555556,69.44,16.896551724137932,0.03303571428571428,0.836
17,84.23,1,26,0.517,0.0736,1,0,4.9,0.69,3.59,5.37,7.68,6.1,0,1.0588235294117647,84.23,4.406779661016949,0.00847926267281106,3.1536999999999997
43,141.54,1,45,0.368,0.0336,1,0,1.6,0.304,3.39,3.32,7.61,4.7,1,1.0232558139534884,141.54,17.307692307692307,0.003902439024390244,1.7296
45,207.64,1,33,0.292,0.0512,0,0,0.0,0.826,2.54,3.38,7.37,3.8,0,1.0222222222222221,207.64,33.0,0.0,1.1096
14,45.49,15,50,0.462,0.156,2,0,3.2,0.863,2.97,4.07,6.12,6.0,0,2.071428571428571,682.35,11.904761904761905,0.043820224719101124,2.7720000000000002
15,42.47,4,23,0.18,0.0904,0,0,1.1,0.432,3.01,4.35,7.71,4.0,0,1.2666666666666666,169.88,10.952380952380953,0.0,0.72
13,60.95,4,7,0.274,0.012,0,0,1.8,0.664,3.3,5.38,8.26,4.6,0,1.3076923076923077,243.8,2.5,0.0,1.2604
42,137.71,22,1,0.246,0.1504,0,1,3.3,0.279,4.23,6.78,8.73,3.9,0,1.5238095238095237,3029.6200000000003,0.23255813953488372,0.0,0.9593999999999999
4,91.05,4,36,0.096,0.0072,0,0,4.7,0.531,4.62,4.9,9.6,3.1,0,2.0,364.2,6.315789473684211,0.0,0.29760000000000003
3,53.67,1,2,0.162,0.036,1,0,0.0,0.794,3.79,4.93,8.0,3.8,0,1.3333333333333333,53.67,2.0,0.004,0.6156
45,48.33,12,49,0.114,0.0968,1,0,3.2,0.755,3.36,4.02,7.37,3.5,0,1.2666666666666666,579.96,11.666666666666666,0.01156511350059737,0.399
20,259.37,1,35,0.349,0.176,4,0,0.0,0.311,2.19,3.28,3.94,3.9,1,1.05,259.37,35.0,0.1425101214574899,1.3611
51,49.02,26,28,0.172,0.0072,1,0,2.3,0.874,3.82,5.23,8.13,3.9,0,1.5098039215686274,1274.52,8.484848484848484,0.0007886089813800656,0.6708
10,107.45,6,39,0.066,0.024,0,0,3.5,0.38,3.16,4.42,8.08,2.8,0,1.6,644.7,8.666666666666666,0.0,0.1848
25,99.81,7,22,0.16,0.1416,1,1,4.4,0.765,3.82,5.6,7.68,3.5,0,1.28,698.6700000000001,4.0740740740740735,0.01631336405529954,0.56
4,44.89,3,7,0.34,0.0728,0,0,1.2,0.409,4.13,5.15,8.89,5.1,0,1.75,134.67000000000002,3.1818181818181817,0.0,1.734
20,43.84,6,23,0.118,0.0352,0,0,5.4,0.402,3.5,5.85,8.38,3.6,0,1.3,263.04,3.59375,0.0,0.4248
23,344.66,12,133,0.464,0.0288,3,0,1.6,0.829,4.06,1.0,6.96,4.2,1,1.5217391304347827,4135.92,51.15384615384615,0.01085427135678392,1.9488
4,95.95,1,57,0.184,0.0432,1,0,0.6,0.193,4.76,2.38,8.95,3.7,1,1.25,95.95,35.625,0.004341708542713568,0.6808000000000001
9,45.16,5,87,0.313,0.0432,1,0,5.2,0.623,4.49,2.55,8.68,4.9,1,1.5555555555555556,225.79999999999998,14.032258064516128,0.004462809917355372,1.5337
57,44.23,15,27,0.06,0.156,0,0,1.8,0.556,3.62,4.75,8.1,3.2,0,1.263157894736842,663.4499999999999,9.642857142857144,0.0,0.192
41,85.1,21,0,0.263,0.0224,1,1,1.6,0.6,5.0,6.23,9.26,4.3,0,1.5121951219512195,1787.1,0.0,0.0021832358674463937,1.1309
48,271.96,1,114,0.213,0.0744,1,0,1.4,0.811,3.6,1.0,7.69,2.9,1,1.0208333333333333,271.96,47.5,0.008561565017261219,0.6176999999999999
38,39.28,1,4,0.257,0.1672,2,0,0.4,0.446,3.47,4.97,6.58,4.6,0,1.0263157894736843,39.28,2.857142857142857,0.04411609498680739,1.1822
29,212.42,8,21,0.28,0.0416,2,0,2.5,0.677,3.62,5.05,7.15,3.7,0,1.2758620689655173,1699.36,6.0,0.010208588957055214,1.0360000000000003
58,25.34,15,6,0.323,0.12,0,0,0.8,0.4,5.0,5.47,9.6,5.1,0,1.2586206896551724,380.1,3.333333333333333,0.0,1.6473
25,16.19,1,49,0.382,0.1424,2,0,0.0,0.236,4.28,2.58,7.47,5.6,1,1.04,16.19,49.0,0.0336245572609209,2.1391999999999998
35,39.66,1,30,0.415,0.0336,0,0,4.6,0.761,4.24,5.07,9.13,5.7,0,1.0285714285714285,39.66,5.357142857142858,0.0,2.3655
14,120.25,1,25,0.166,0.0168,0,0,4.3,0.615,5.0,5.22,9.94,3.4,0,1.0714285714285714,120.25,4.716981132075472,0.0,0.5644
34,98.81,1,41,0.124,0.02,1,0,3.0,0.475,4.48,3.98,8.75,3.3,0,1.0294117647058822,98.81,10.25,0.0020512820512820513,0.40919999999999995
46,112.8,12,3,0.345,0.1608,0,1,3.7,0.57,4.24,6.48,8.7,4.7,0,1.2608695652173914,1353.6,0.6382978723404255,0.0,1.6215
45,90.96,1,48,0.498,0.1416,1,0,0.0,0.667,4.46,2.63,8.32,5.9,0,1.0222222222222221,90.96,48.0,0.015193133047210301,2.9382
12,81.91,7,31,0.15,0.1096,0,0,4.2,0.727,3.1,5.08,7.73,3.6,0,1.5833333333333335,573.37,5.961538461538462,0.0,0.54
48,35.72,1,12,0.419,0.1168,0,1,1.7,0.511,4.96,5.0,9.57,5.7,0,1.0208333333333333,35.72,4.444444444444444,0.0,2.3883
26,49.76,7,89,0.387,0.0656,2,0,3.6,0.859,4.76,1.98,8.21,5.4,1,1.2692307692307692,348.32,19.347826086956523,0.014245385450597177,2.0898000000000003
15,86.27,1,41,0.404,0.1296,2,0,4.5,0.412,3.4,4.48,6.63,5.3,0,1.0666666666666667,86.27,7.454545454545454,0.033971166448230665,2.1412
2,117.98,1,2,0.403,0.1936,3,0,1.5,0.592,3.78,5.43,6.13,5.1,0,1.5,117.98,0.8,0.08145862552594671,2.0553
7,64.44,4,6,0.277,0.0,0,1,2.8,0.641,4.68,5.77,9.68,4.6,0,1.5714285714285714,257.76,1.5789473684210527,0.0,1.2742
26,63.24,7,7,0.252,0.036,1,0,4.4,0.375,4.19,6.35,8.4,4.4,0,1.2692307692307692,442.68,1.2962962962962963,0.0038297872340425526,1.1088
21,29.98,6,0,0.495,0.0208,1,0,3.7,0.508,3.59,6.43,7.85,6.3,0,1.2857142857142856,179.88,0.0,0.0023502824858757064,3.1185
4,102.21,4,17,0.52,0.0648,1,0,0.0,0.791,4.59,4.28,8.71,6.0,0,2.0,408.84,17.0,0.006673532440782697,3.12
60,126.68,1,9,0.494,0.2896,4,0,1.5,0.813,2.27,5.08,3.64,5.7,0,1.0166666666666666,126.68,3.6,0.2496551724137931,2.8158
50,47.64,26,39,0.425,0.0136,3,0,0.0,0.653,3.69,3.92,6.64,5.7,1,1.52,1238.64,39.0,0.005340314136125654,2.4225
28,245.96,1,45,0.306,0.0096,0,0,1.7,0.484,3.03,3.35,8.0,3.7,0,1.0357142857142858,245.96,16.666666666666664,0.0,1.1322
36,70.02,1,4,0.229,0.0224,0,0,4.3,0.593,3.65,6.27,8.58,4.2,0,1.0277777777777777,70.02,0.7547169811320755,0.0,0.9618000000000001
26,33.14,1,4,0.474,0.0432,1,0,0.8,0.668,3.44,5.1,7.63,6.1,0,1.0384615384615385,33.14,2.2222222222222223,0.005005793742757822,2.8913999999999995
29,39.5,1,7,0.148,0.0512,0,0,4.3,0.484,4.25,6.12,9.08,3.8,0,1.0344827586206897,39.5,1.3207547169811322,0.0,0.5623999999999999
22,17.53,1,33,0.521,0.2144,2,0,3.6,0.23,4.41,4.58,7.36,6.5,0,1.0454545454545454,17.53,7.173913043478262,0.05129186602870814,3.3865000000000003
15,152.45,8,10,0.152,0.044,2,0,0.5,0.396,3.9,4.93,7.42,3.1,0,1.5333333333333332,1219.6,6.666666666666667,0.010451306413301662,0.4712
22,30.33,1,46,0.123,0.1008,1,0,6.6,0.692,3.42,4.93,7.42,3.7,0,1.0454545454545454,30.33,6.052631578947369,0.011971496437054632,0.4551
40,89.58,41,4,0.195,0.012,0,1,1.0,0.869,2.86,6.5,7.82,3.8,0,2.025,3672.7799999999997,2.0,0.0,0.741
38,39.95,10,29,0.287,0.0408,0,0,1.9,0.584,3.35,4.52,8.21,4.8,0,1.263157894736842,399.5,10.0,0.0,1.3776
21,71.43,6,7,0.464,0.1256,1,0,1.9,0.935,4.08,5.48,7.99,5.8,0,1.2857142857142856,428.58000000000004,2.413793103448276,0.01397107897664071,2.6912000000000003
31,39.29,8,12,0.232,0.0032,1,0,2.2,0.899,4.27,5.4,8.59,4.4,0,1.2580645161290323,314.32,3.75,0.0003336809176225235,1.0208000000000002
7,46.97,2,6,0.327,0.0184,2,0,0.0,0.134,3.17,4.77,6.78,5.0,0,1.2857142857142856,93.94,6.0,0.004730077120822622,1.635
45,24.08,23,25,0.135,0.0288,0,0,2.6,0.828,4.44,5.38,9.34,3.8,0,1.511111111111111,553.8399999999999,6.944444444444445,0.0,0.513
3,38.8,4,79,0.243,0.0088,1,0,2.4,0.775,3.0,1.98,7.3,4.5,1,2.333333333333333,155.2,23.235294117647058,0.0010602409638554217,1.0935
32,42.73,1,12,0.528,0.024,0,0,3.2,0.906,3.13,5.5,8.05,6.4,0,1.03125,42.73,2.857142857142857,0.0,3.3792000000000004
4,53.51,2,53,0.307,0.0488,0,0,4.1,0.83,3.58,3.78,8.42,4.8,0,1.5,107.02,10.392156862745098,0.0,1.4736
54,75.85,28,1,0.514,0.1224,1,0,7.1,0.596,4.02,8.25,7.95,6.1,0,1.5185185185185186,2123.7999999999997,0.1234567901234568,0.013675977653631285,3.1353999999999997
28,25.63,1,13,0.389,0.0672,1,0,3.0,0.603,5.0,5.38,9.11,5.6,0,1.0357142857142858,25.63,3.25,0.006646884272997033,2.1784
9,36.63,3,5,0.003,0.0696,0,0,2.2,0.595,4.27,5.58,9.04,2.8,0,1.3333333333333333,109.89000000000001,1.5625,0.0,0.0084
6,77.96,7,31,0.18,0.2368,0,0,1.4,0.688,3.99,4.15,8.2,3.8,0,2.166666666666667,545.7199999999999,12.916666666666668,0.0,0.6839999999999999
4,128.96,1,7,0.193,0.0904,2,0,3.4,0.84,3.31,5.82,6.68,3.6,0,1.25,128.96,1.5909090909090908,0.023541666666666666,0.6948000000000001
40,86.28,41,65,0.276,0.0144,1,0,5.4,0.578,3.48,4.92,7.77,4.4,0,2.025,3537.48,10.15625,0.0016419612314709235,1.2144000000000001
45,52.66,23,38,0.36,0.0928,2,0,3.1,0.288,4.29,4.9,7.65,5.2,0,1.511111111111111,1211.1799999999998,9.26829268292683,0.02145664739884393,1.8719999999999999
30,31.53,16,14,0.308,0.1656,0,0,3.1,0.621,4.6,5.87,9.05,5.0,0,1.5333333333333332,504.48,3.414634146341464,0.0,1.54
21,19.29,1,2,0.336,0.0048,1,0,6.5,0.843,4.31,7.1,8.63,5.2,0,1.0476190476190477,19.29,0.26666666666666666,0.000498442367601246,1.7472
53,124.52,14,70,0.153,0.088,1,0,4.4,0.343,4.85,3.43,8.89,3.3,0,1.2641509433962264,1743.28,12.962962962962962,0.00889787664307381,0.5049
40,66.83,1,5,0.102,0.164,0,0,3.8,0.813,3.89,6.05,8.34,3.3,0,1.025,66.83,1.0416666666666667,0.0,0.33659999999999995
46,148.66,12,54,0.153,0.0224,0,0,1.9,0.949,4.58,3.33,9.51,3.2,0,1.2608695652173914,1783.92,18.620689655172413,0.0,0.48960000000000004
41,21.78,11,13,0.317,0.1104,1,0,3.3,0.908,3.99,5.82,7.96,5.1,0,1.2682926829268293,239.58,3.0232558139534884,0.01232142857142857,1.6166999999999998
60,21.52,1,1,0.058,0.1072,0,0,4.2,0.623,4.42,6.38,9.06,3.3,0,1.0166666666666666,21.52,0.1923076923076923,0.0,0.1914
52,38.31,27,5,0.234,0.0032,2,1,3.9,0.942,4.24,6.95,7.9,4.4,0,1.5192307692307692,1034.3700000000001,1.0204081632653061,0.0007191011235955057,1.0296
48,35.96,13,16,0.341,0.0096,1,0,4.5,0.766,4.2,6.13,8.5,5.2,0,1.2708333333333333,467.48,2.909090909090909,0.0010105263157894737,1.7732
8,23.91,1,58,0.326,0.024,1,0,3.5,0.604,4.08,3.3,8.33,5.1,0,1.125,23.91,12.88888888888889,0.002572347266881029,1.6625999999999999
32,123.56,17,9,0.354,0.0048,0,0,2.5,0.855,4.64,5.95,9.62,4.7,0,1.53125,2100.52,2.5714285714285716,0.0,1.6638
14,52.39,4,4,0.56,0.0536,1,0,2.5,0.816,5.0,5.77,9.15,6.6,0,1.2857142857142856,209.56,1.1428571428571428,0.005280788177339901,3.696
8,60.43,9,30,0.136,0.168,4,0,4.8,0.779,2.55,5.4,4.32,3.6,0,2.125,543.87,5.172413793103448,0.12631578947368421,0.48960000000000004
35,100.58,9,29,0.334,0.0416,0,0,3.7,0.35,5.0,5.08,9.86,4.7,0,1.2571428571428571,905.22,6.170212765957446,0.0,1.5698
20,47.64,11,12,0.303,0.1208,1,1,3.8,0.826,3.44,6.03,7.37,4.8,0,1.55,524.04,2.5,0.014432497013142174,1.4544
59,55.39,15,46,0.449,0.0168,0,1,2.3,0.686,2.95,3.97,7.89,5.8,0,1.2542372881355932,830.85,13.93939393939394,0.0,2.6042
2,38.37,1,25,0.197,0.2136,3,0,2.5,0.452,3.6,4.62,5.89,4.1,0,1.5,38.37,7.142857142857143,0.09300435413642962,0.8077
5,41.95,2,100,0.061,0.1288,1,0,0.0,0.643,2.6,1.0,6.5,3.2,1,1.4,83.9,100.0,0.017173333333333332,0.1952
60,30.01,31,17,0.613,0.0216,0,0,2.9,0.782,5.0,6.15,9.93,7.1,0,1.5166666666666666,930.3100000000001,4.3589743589743595,0.0,4.3523
16,78.07,5,50,0.134,0.0024,1,0,1.6,0.598,4.6,3.2,8.93,3.5,0,1.3125,390.34999999999997,19.23076923076923,0.0002416918429003021,0.46900000000000003
48,109.41,13,14,0.293,0.0256,1,0,2.3,0.844,3.13,5.5,7.38,4.4,0,1.2708333333333333,1422.33,4.242424242424242,0.0030548926014319815,1.2892000000000001
6,89.16,1,11,0.207,0.1936,0,0,2.9,0.723,4.61,5.45,8.96,3.9,0,1.1666666666666667,89.16,2.8205128205128207,0.0,0.8072999999999999
59,86.8,15,44,0.036,0.1184,0,0,1.7,0.774,4.24,3.87,8.85,2.7,0,1.2542372881355932,1302.0,16.296296296296294,0.0,0.0972
12,75.29,1,2,0.023,0.0368,0,1,3.7,0.614,3.57,6.17,8.45,2.7,0,1.0833333333333333,75.29,0.425531914893617,0.0,0.0621
22,25.23,1,8,0.282,0.1232,3,0,1.6,0.732,3.49,5.17,6.08,4.8,0,1.0454545454545454,25.23,3.0769230769230766,0.05220338983050848,1.3536
14,96.12,4,22,0.311,0.128,1,0,3.4,0.369,3.07,5.17,6.98,4.6,0,1.2857142857142856,384.48,5.0,0.016040100250626566,1.4305999999999999
47,27.14,1,31,0.252,0.0848,1,0,4.2,0.685,3.7,4.88,7.75,4.6,0,1.0212765957446808,27.14,5.961538461538462,0.009691428571428571,1.1592
12,112.14,1,32,0.196,0.1488,2,0,3.2,0.416,3.82,4.5,6.99,3.7,0,1.0833333333333333,112.14,7.619047619047619,0.03724655819774718,0.7252000000000001
2,85.24,2,8,0.412,0.0752,1,0,5.5,0.691,2.8,6.5,6.88,5.4,0,2.0,170.48,1.2307692307692308,0.009543147208121827,2.2248
52,34.67,1,18,0.285,0.008,0,0,1.6,0.402,3.47,4.67,8.44,4.8,0,1.0192307692307692,34.67,6.9230769230769225,0.0,1.3679999999999999
46,171.13,12,38,0.594,0.04,0,0,0.0,0.556,4.05,3.5,8.92,6.1,0,1.2608695652173914,2053.56,38.0,0.0,3.6233999999999997
18,108.48,5,18,0.526,0.052,0,1,2.2,0.719,3.3,5.0,8.13,6.0,0,1.2777777777777777,542.4,5.625,0.0,3.156
26,86.06,1,15,0.473,0.0768,1,0,7.5,0.364,3.31,6.78,7.39,5.8,0,1.0384615384615385,86.06,1.7647058823529411,0.009153754469606673,2.7434
30,76.04,1,13,0.36,0.012,3,0,4.6,0.366,3.39,5.92,6.35,5.1,0,1.0333333333333334,76.04,2.3214285714285716,0.00489795918367347,1.8359999999999999
15,285.73,4,35,0.333,0.0432,0,0,5.0,0.552,3.5,5.05,8.36,3.6,0,1.2666666666666666,1142.92,5.833333333333333,0.0,1.1988
37,77.66,1,37,0.428,0.0416,3,0,6.2,0.608,3.88,5.25,6.74,5.5,0,1.027027027027027,77.66,5.138888888888888,0.01612403100775194,2.354
10,71.48,3,41,0.497,0.0216,0,0,2.1,0.319,4.04,3.75,8.97,6.1,0,1.3,214.44,13.225806451612902,0.0,3.0317
59,57.21,30,19,0.4,0.0184,1,1,3.1,0.823,1.79,6.08,6.06,5.5,0,1.5084745762711864,1716.3,4.634146341463415,0.002606232294617564,2.2
16,191.58,9,37,0.28,0.0656,0,0,4.3,0.33,4.92,4.88,9.7,3.8,0,1.5625,1724.22,6.981132075471699,0.0,1.064
46,51.48,1,65,0.252,0.0616,0,0,2.1,0.509,4.12,2.48,8.91,4.5,1,1.0217391304347827,51.48,20.967741935483872,0.0,1.134
59,94.02,15,2,0.11,0.04,0,0,1.8,0.833,4.32,6.0,9.19,3.2,0,1.2542372881355932,1410.3,0.7142857142857143,0.0,0.35200000000000004
34,70.88,9,8,0.105,0.024,0,0,5.6,0.748,4.8,6.77,9.72,3.3,0,1.2647058823529411,637.92,1.2121212121212122,0.0,0.3465
25,88.22,13,89,0.557,0.1216,0,0,3.8,0.8,4.34,2.25,8.93,6.4,1,1.52,1146.86,18.541666666666668,0.0,3.5648000000000004
10,70.96,1,11,0.312,0.0208,1,1,1.3,0.88,4.22,4.92,8.48,4.8,0,1.1,70.96,4.782608695652175,0.0021940928270042194,1.4976
49,79.34,25,18,0.49,0.2528,1,0,7.2,0.419,4.42,7.33,7.91,6.0,0,1.510204081632653,1983.5,2.1951219512195124,0.028372615039281707,2.94
12,41.33,7,13,0.287,0.1135999999999999,4,0,4.1,0.726,3.67,5.95,5.62,4.8,0,1.5833333333333335,289.31,2.5490196078431375,0.06864048338368574,1.3776
22,35.92,1,7,0.078,0.0848,2,1,3.0,0.891,3.28,5.68,6.66,3.3,0,1.0454545454545454,35.92,1.75,0.022140992167101827,0.25739999999999996
41,48.83,1,60,0.081,0.0088,1,0,7.3,0.645,4.31,4.47,8.61,3.3,0,1.024390243902439,48.83,7.228915662650602,0.000915712799167534,0.2673
51,129.51,13,1,0.044,0.2384,6,0,0.1,0.705,1.48,5.42,2.35,2.5,0,1.2549019607843137,1683.6299999999999,0.9090909090909091,0.4269850746268657,0.10999999999999999
27,60.29,14,53,0.197,0.0264,1,0,4.2,0.366,4.56,4.22,8.81,4.0,0,1.5185185185185186,844.06,10.192307692307692,0.002691131498470948,0.788
42,91.08,11,16,0.706,0.2104,0,0,6.6,0.309,4.89,6.77,9.19,7.4,0,1.2619047619047619,1001.88,2.1052631578947367,0.0,5.2244
9,50.8,5,98,0.439,0.2256,1,0,4.2,0.707,2.94,1.67,6.52,5.8,1,1.5555555555555556,254.0,18.846153846153847,0.030000000000000002,2.5462
34,236.65,1,27,0.297,0.1024,1,0,2.1,0.786,3.24,4.38,7.23,3.7,0,1.0294117647058822,236.65,8.709677419354838,0.01244228432563791,1.0989
2,47.63,1,22,0.277,0.0464,1,0,2.8,0.743,3.19,4.87,7.37,4.7,0,1.5,47.63,5.7894736842105265,0.005543608124253284,1.3019
42,120.51,1,17,0.458,0.0016,0,0,2.1,0.632,4.79,4.88,9.78,5.5,0,1.0238095238095237,120.51,5.483870967741935,0.0,2.519
50,117.52,13,8,0.163,0.0312,2,1,1.6,0.589,4.4,5.57,7.96,3.4,0,1.26,1527.76,3.0769230769230766,0.006964285714285714,0.5542
35,35.95,9,109,0.522,0.0456,0,0,2.6,0.362,3.96,1.17,8.81,6.4,1,1.2571428571428571,323.55,30.27777777777778,0.0,3.3408
52,132.42,1,31,0.255,0.06,0,0,3.1,0.612,2.68,4.52,7.48,4.0,0,1.0192307692307692,132.42,7.560975609756098,0.0,1.02
30,52.67,8,32,0.067,0.0416,0,0,3.0,0.909,3.83,4.67,8.69,3.2,0,1.2666666666666666,421.36,8.0,0.0,0.21440000000000003
3,74.16,1,3,0.446,0.0928,1,0,6.4,0.823,4.05,7.02,8.07,5.7,0,1.3333333333333333,74.16,0.4054054054054054,0.010231532524807055,2.5422000000000002
54,85.51,1,27,0.311,0.0016,0,0,3.2,0.676,4.21,4.75,9.2,4.7,0,1.0185185185185186,85.51,6.428571428571428,0.0,1.4617
6,91.55,1,12,0.169,0.044,1,0,2.1,0.618,4.26,5.13,8.45,3.6,0,1.1666666666666667,91.55,3.8709677419354835,0.004656084656084656,0.6084
43,40.9,11,57,0.133,0.0336,0,0,5.2,0.892,4.75,4.25,9.64,3.7,0,1.255813953488372,449.9,9.193548387096774,0.0,0.49210000000000004
11,88.53,1,14,0.528,0.052,1,1,2.2,0.868,4.29,5.07,8.45,6.2,0,1.0909090909090908,88.53,4.375,0.005502645502645503,3.2736
53,37.32,14,81,0.458,0.0008,0,0,0.0,0.407,3.63,1.42,8.63,6.0,1,1.2641509433962264,522.48,81.0,0.0,2.748
18,62.95,5,4,0.568,0.0424,0,1,4.0,0.902,4.7,6.3,9.56,6.6,0,1.2777777777777777,314.75,0.8,0.0,3.7487999999999992
10,38.8,1,20,0.092,0.0144,1,0,5.3,0.592,5.0,5.8,9.29,3.4,0,1.1,38.8,3.174603174603175,0.0013994169096209913,0.31279999999999997
29,34.73,22,23,0.058,0.0072,1,1,1.4,0.271,5.0,5.05,9.31,3.2,0,1.7586206896551724,764.06,9.583333333333334,0.0006983511154219204,0.18560000000000001
20,48.44,6,31,0.246,0.0352,2,0,0.4,0.467,3.12,3.78,6.67,4.4,0,1.3,290.64,22.142857142857146,0.009178617992177314,1.0824
7,66.88,1,15,0.534,0.1256,0,1,5.1,0.268,4.29,5.98,8.87,6.3,0,1.1428571428571428,66.88,2.459016393442623,0.0,3.3642000000000003
24,26.29,7,5,0.305,0.128,1,0,0.2,0.464,3.8,5.05,7.71,5.0,0,1.2916666666666667,184.03,4.166666666666667,0.014695752009184843,1.525
59,28.33,15,65,0.356,0.0648,1,0,4.9,0.379,4.69,3.88,8.81,5.3,0,1.2542372881355932,424.95,11.016949152542372,0.006605504587155963,1.8867999999999998
57,40.97,43,3,0.386,0.18,1,0,0.1,0.568,4.45,6.32,8.18,5.5,0,1.7543859649122808,1761.71,2.727272727272727,0.0196078431372549,2.123
50,76.21,13,13,0.078,0.0416,1,0,3.7,0.505,3.97,6.02,8.16,3.1,0,1.26,990.7299999999999,2.7659574468085104,0.004541484716157205,0.24180000000000001
25,132.63,7,10,0.3,0.0104,0,0,3.8,0.29,3.07,6.0,8.04,4.3,0,1.28,928.41,2.0833333333333335,0.0,1.2899999999999998
11,62.68,3,7,0.448,0.0256,0,0,0.2,0.311,4.64,4.82,9.55,5.8,0,1.2727272727272727,188.04,5.833333333333334,0.0,2.5984
16,25.06,9,69,0.313,0.0352,0,0,1.0,0.282,3.08,2.18,7.96,5.0,1,1.5625,225.54,34.5,0.0,1.565
39,49.26,20,7,0.203,0.1528,0,0,0.0,0.348,4.86,5.32,9.35,4.1,0,1.5128205128205128,985.1999999999999,7.0,0.0,0.8323
55,49.97,14,44,0.108,0.2304,1,0,3.6,0.744,3.55,4.47,7.12,3.5,0,1.2545454545454544,699.5799999999999,9.56521739130435,0.028374384236453196,0.378
1,84.98,1,78,0.273,0.1056,1,0,6.7,0.373,3.79,3.37,7.77,4.4,1,2.0,84.98,10.12987012987013,0.012041049030786774,1.2012000000000003
10,84.78,3,12,0.183,0.1,1,0,6.2,0.558,3.37,6.57,7.37,3.8,0,1.3,254.34,1.6666666666666665,0.01194743130227001,0.6953999999999999
43,51.49,1,12,0.151,0.0232,1,0,3.6,0.632,3.49,5.63,7.75,3.7,0,1.0232558139534884,51.49,2.608695652173913,0.002651428571428571,0.5587
10,53.05,3,1,0.295,0.0224,0,0,2.3,0.815,4.25,5.82,9.18,4.7,0,1.3,159.14999999999998,0.30303030303030304,0.0,1.3865
11,102.07,1,16,0.192,0.0968,1,0,2.4,0.591,3.76,5.03,7.77,3.7,0,1.0909090909090908,102.07,4.705882352941177,0.011037628278221209,0.7104
8,118.25,1,35,0.338,0.0536,0,0,5.7,0.357,4.32,5.18,9.14,4.7,0,1.125,118.25,5.223880597014925,0.0,1.5886000000000002
27,76.29,7,10,0.46,0.0056,1,0,1.7,0.242,3.71,5.3,8.02,5.8,0,1.2592592592592593,534.0300000000001,3.7037037037037033,0.0006208425720620843,2.668
44,185.36,1,40,0.199,0.0208,1,0,5.2,0.618,3.07,4.77,7.33,3.3,0,1.0227272727272727,185.36,6.451612903225806,0.002496998799519808,0.6567
19,23.61,10,7,0.521,0.044,0,0,5.4,0.698,2.98,6.78,7.83,6.5,0,1.526315789473684,236.1,1.09375,0.0,3.3865000000000003
32,65.1,1,12,0.456,0.004,1,0,1.0,0.305,4.14,4.77,8.46,5.8,0,1.03125,65.1,6.0,0.00042283298097251583,2.6448
52,96.91,14,19,0.051,0.1424,3,0,2.4,0.216,1.99,5.32,4.52,2.8,0,1.2692307692307692,1356.74,5.588235294117648,0.0773913043478261,0.14279999999999998
11,45.42,3,50,0.382,0.1416,2,0,0.5,0.24,3.07,2.77,6.26,5.4,1,1.2727272727272727,136.26,33.333333333333336,0.039008264462809916,2.0628
26,48.76,14,9,0.115,0.012,1,0,0.0,0.577,4.16,5.02,8.45,3.5,0,1.5384615384615383,682.64,9.0,0.00126984126984127,0.4025
59,51.66,15,6,0.135,0.0176,1,0,5.1,0.646,5.0,6.9,9.27,3.6,0,1.2542372881355932,774.9,0.9836065573770493,0.0017137293086660176,0.48600000000000004
36,43.15,10,0,0.068,0.0112,0,0,4.9,0.454,3.68,6.97,8.64,3.2,0,1.2777777777777777,431.5,0.0,0.0,0.21760000000000002
34,29.35,26,68,0.658,0.0192,0,0,1.8,0.763,3.46,3.07,8.4,7.4,0,1.7647058823529411,763.1,24.28571428571429,0.0,4.8692
19,39.11,5,65,0.202,0.0312,0,0,5.1,0.536,5.0,3.62,9.9,4.2,1,1.263157894736842,195.55,10.655737704918034,0.0,0.8484
5,39.99,1,32,0.2,0.0872,3,0,3.8,0.596,2.87,4.7,5.58,4.2,0,1.2,39.99,6.666666666666667,0.039756838905775076,0.8400000000000001
16,29.67,5,59,0.076,0.0048,0,0,4.2,0.838,2.92,3.62,7.9,3.4,1,1.3125,148.35000000000002,11.346153846153845,0.0,0.25839999999999996
3,16.66,1,26,0.061,0.004,0,0,1.3,0.767,4.35,4.17,9.34,3.3,0,1.3333333333333333,16.66,11.304347826086957,0.0,0.20129999999999998
53,96.24,1,40,0.119,0.028,1,1,5.2,0.489,4.54,4.77,8.78,3.3,0,1.0188679245283019,96.24,6.451612903225806,0.0028629856850715747,0.39269999999999994
24,31.38,7,15,0.34,0.0976,1,0,3.5,0.954,3.48,5.65,7.49,5.2,0,1.2916666666666667,219.66,3.3333333333333335,0.01149587750294464,1.7680000000000002
31,195.67,8,19,0.267,0.0752,1,0,5.0,0.989,2.59,5.98,6.67,3.7,0,1.2580645161290323,1565.36,3.1666666666666665,0.009804432855280314,0.9879000000000001
40,86.84,21,80,0.086,0.0056,1,1,1.7,0.752,4.92,2.27,9.23,3.1,0,1.525,1823.64,29.629629629629626,0.0005474095796676442,0.2666
58,51.0,15,45,0.086,0.0304,0,0,4.4,0.43,5.0,4.72,9.9,3.3,0,1.2586206896551724,765.0,8.333333333333332,0.0,0.28379999999999994
3,54.3,2,45,0.113,0.1312,0,0,2.3,0.588,4.58,3.58,9.14,3.5,0,1.6666666666666665,108.6,13.636363636363637,0.0,0.3955
53,69.39,27,43,0.035,0.1728,0,0,3.6,0.453,4.44,4.95,8.86,2.8,0,1.509433962264151,1873.53,9.347826086956523,0.0,0.098
49,41.46,13,31,0.219,0.0752,2,0,2.4,0.891,3.01,4.68,6.43,4.3,0,1.2653061224489797,538.98,9.117647058823529,0.02024226110363392,0.9417
23,64.65,6,1,0.203,0.1664,1,1,0.0,0.574,4.63,5.15,8.41,4.0,0,1.2608695652173914,387.90000000000003,1.0,0.017683315621679064,0.812
3,59.61,1,29,0.173,0.0952,0,0,2.3,0.449,3.63,4.35,8.31,3.9,0,1.3333333333333333,59.61,8.787878787878789,0.0,0.6747
27,50.61,1,58,0.41,0.0272,0,0,4.9,0.689,3.78,3.77,8.69,5.6,0,1.037037037037037,50.61,9.83050847457627,0.0,2.296
55,118.75,1,37,0.25,0.0104,3,0,3.9,0.855,3.66,4.48,6.63,4.0,0,1.018181818181818,118.75,7.551020408163264,0.0040891218872870245,1.0
29,81.06,8,48,0.444,0.048,1,0,3.1,0.754,3.25,3.9,7.42,5.6,0,1.2758620689655173,648.48,11.707317073170733,0.005700712589073635,2.4863999999999997
29,133.02,1,11,0.116,0.0048,0,0,3.8,0.609,4.8,5.75,9.78,3.0,0,1.0344827586206897,133.02,2.291666666666667,0.0,0.34800000000000003
8,115.6,3,27,0.158,0.168,2,0,1.9,0.552,3.53,4.38,6.64,3.4,0,1.375,346.79999999999995,9.310344827586206,0.043979057591623044,0.5372
10,129.94,1,40,0.284,0.0736,1,0,2.0,0.674,3.27,3.7,7.36,4.2,1,1.1,129.94,13.333333333333334,0.008803827751196173,1.1927999999999999
55,50.08,14,19,0.175,0.1224,2,1,1.9,0.474,3.32,5.15,6.58,3.9,0,1.2545454545454544,701.12,6.551724137931035,0.03229551451187335,0.6825
21,117.09,6,1,0.191,0.016,0,0,5.1,0.815,4.61,6.85,9.56,3.6,0,1.2857142857142856,702.54,0.1639344262295082,0.0,0.6876
47,73.93,1,7,0.061,0.0048,0,1,0.0,0.429,3.01,4.68,7.99,3.0,0,1.0212765957446808,73.93,7.0,0.0,0.183
14,100.2,4,58,0.331,0.1112,0,0,0.0,0.681,5.0,2.23,9.63,4.7,0,1.2857142857142856,400.8,58.0,0.0,1.5557
25,143.0,1,7,0.072,0.032,0,0,1.9,0.211,3.91,5.32,8.8,2.6,0,1.04,143.0,2.413793103448276,0.0,0.1872
1,92.85,1,58,0.281,0.1968,1,0,4.7,0.848,3.32,3.7,7.0,4.4,1,2.0,92.85,10.175438596491228,0.0246,1.2364000000000002
6,72.46,1,5,0.193,0.0768,2,0,3.5,0.775,4.29,5.95,7.7,3.9,0,1.1666666666666667,72.46,1.1111111111111112,0.017655172413793104,0.7527
38,47.77,1,16,0.113,0.0088,0,0,2.0,0.788,3.92,4.9,8.89,3.5,0,1.0263157894736843,47.77,5.333333333333333,0.0,0.3955
55,16.25,14,44,0.27,0.0128,1,0,2.4,0.463,3.58,4.07,7.87,4.8,0,1.2545454545454544,227.5,12.941176470588236,0.0014430665163472378,1.296
7,44.75,2,30,0.222,0.0567999999999999,1,0,0.5,0.971,3.47,3.73,7.61,4.3,0,1.2857142857142856,89.5,20.0,0.00659698025551683,0.9546
16,61.7,1,16,0.13,0.0528,0,1,2.8,0.471,4.01,5.17,8.83,3.5,0,1.0625,61.7,4.2105263157894735,0.0,0.455
50,14.96,13,23,0.089,0.0352,1,0,3.0,0.518,2.71,5.28,6.93,3.5,0,1.26,194.48000000000002,5.75,0.004438839848675914,0.3115
26,73.52,1,16,0.354,0.1016,1,0,2.1,0.731,3.54,4.93,7.53,5.0,0,1.0384615384615385,73.52,5.161290322580645,0.011910902696365766,1.77
37,46.2,10,43,0.38,0.0136,1,0,3.0,0.966,3.94,4.18,8.23,5.4,0,1.2702702702702702,462.0,10.75,0.0014734561213434452,2.052
38,35.83,10,8,0.627,0.0992,1,0,4.7,0.556,3.67,6.5,7.67,7.2,0,1.263157894736842,358.29999999999995,1.4035087719298245,0.011441753171856977,4.5144
50,165.52,1,32,0.033,0.0128,0,0,5.1,0.756,4.28,5.13,9.24,2.2,0,1.02,165.52,5.245901639344263,0.0,0.07260000000000001
57,41.04,15,62,0.248,0.0376,0,0,1.6,0.824,4.07,2.93,8.94,4.5,0,1.263157894736842,615.6,23.846153846153847,0.0,1.116
22,120.83,1,42,0.216,0.0632,0,0,2.9,0.407,5.0,3.9,9.79,3.8,0,1.0454545454545454,120.83,10.76923076923077,0.0,0.8208
53,96.2,1,8,0.263,0.064,0,0,4.7,0.521,4.72,6.2,9.51,4.3,0,1.0188679245283019,96.2,1.4035087719298245,0.0,1.1309
8,100.52,5,5,0.537,0.0064,0,0,1.2,0.638,4.65,5.32,9.63,6.2,0,1.625,502.59999999999997,2.2727272727272725,0.0,3.3294
40,114.63,31,42,0.302,0.1072,0,0,2.1,0.556,2.72,4.63,7.36,4.4,0,1.775,3553.5299999999997,13.548387096774194,0.0,1.3288
30,129.09,31,4,0.335,0.0616,2,1,1.4,0.529,2.87,6.3,6.33,4.6,0,2.033333333333333,4001.79,1.6666666666666667,0.01680763983628922,1.541
28,25.94,1,2,0.377,0.0432,0,0,2.3,0.425,4.52,5.7,9.38,5.5,0,1.0357142857142858,25.94,0.6060606060606061,0.0,2.0735
14,52.08,4,7,0.406,0.0872,2,1,0.0,0.506,3.09,4.78,6.47,5.5,0,1.2857142857142856,208.32,7.0,0.023346720214190094,2.233
49,84.77,13,4,0.178,0.0688,0,1,2.8,0.226,3.12,6.17,7.89,3.7,0,1.2653061224489797,1102.01,1.0526315789473684,0.0,0.6586
23,87.28,6,151,0.462,0.0064,0,0,1.7,0.622,4.48,1.0,9.46,5.7,1,1.2608695652173914,523.6800000000001,55.925925925925924,0.0,2.6334000000000004
6,55.96,1,32,0.396,0.1064,0,0,0.0,0.935,4.95,3.43,9.6,5.4,0,1.1666666666666667,55.96,32.0,0.0,2.1384000000000003
3,125.29,2,8,0.353,0.0408,1,0,2.4,0.755,5.0,5.47,9.2,4.7,0,1.6666666666666665,250.58,2.3529411764705883,0.004000000000000001,1.6591
1,58.95,1,30,0.505,0.1112,0,0,1.3,0.8,5.0,3.97,9.63,6.2,0,2.0,58.95,13.043478260869566,0.0,3.1310000000000002
50,32.95,13,22,0.48,0.012,0,1,0.7,0.543,3.19,4.57,8.15,6.2,0,1.26,428.35,12.941176470588236,0.0,2.976
29,21.48,1,11,0.151,0.0872,2,0,7.3,0.675,4.14,6.92,7.52,3.9,0,1.0344827586206897,21.48,1.325301204819277,0.02046948356807512,0.5889
17,60.47,9,45,0.182,0.0744,1,0,4.3,0.275,4.2,4.48,8.29,3.9,0,1.5294117647058822,544.23,8.49056603773585,0.008008611410118407,0.7098
51,143.69,1,3,0.331,0.0192,0,0,0.0,0.792,4.77,4.88,9.71,4.5,0,1.0196078431372548,143.69,3.0,0.0,1.4895
46,59.01,24,7,0.473,0.1008,1,0,4.5,0.708,3.45,6.95,7.45,6.0,0,1.5217391304347827,1416.24,1.2727272727272727,0.011928994082840238,2.838
38,62.31,1,42,0.364,0.0,0,0,0.9,0.784,4.14,3.23,9.14,5.2,0,1.0263157894736843,62.31,22.105263157894736,0.0,1.8928
34,27.53,18,63,0.143,0.1192,0,0,0.0,0.641,4.82,2.45,9.42,3.8,1,1.5294117647058822,495.54,63.0,0.0,0.5433999999999999
6,71.28,5,5,0.293,0.0816,0,0,0.9,0.448,4.15,5.22,8.88,4.6,0,1.8333333333333335,356.4,2.6315789473684212,0.0,1.3477999999999999
11,96.26,3,24,0.13,0.0,0,0,4.1,0.83,4.23,5.27,9.23,3.3,0,1.2727272727272727,288.78000000000003,4.705882352941177,0.0,0.429
58,56.78,1,2,0.616,0.1088,2,0,5.6,0.376,2.85,6.8,6.15,7.0,0,1.0172413793103448,56.78,0.30303030303030304,0.03043356643356643,4.312
56,39.42,1,5,0.222,0.0664,1,0,5.5,0.753,4.46,6.62,8.57,4.3,0,1.0178571428571428,39.42,0.7692307692307693,0.006938349007314525,0.9546
19,64.85,5,17,0.266,0.0384,0,0,2.8,0.66,5.0,5.25,9.87,4.5,0,1.263157894736842,324.25,4.473684210526316,0.0,1.197
3,116.02,2,17,0.377,0.1048,2,1,5.1,0.907,1.78,5.92,5.1,4.9,0,1.6666666666666665,232.04,2.7868852459016393,0.03436065573770492,1.8473000000000002
60,73.52,1,74,0.322,0.0728,1,0,0.2,0.818,3.38,1.4,7.47,4.8,1,1.0166666666666666,73.52,61.66666666666667,0.008595041322314052,1.5456
49,79.28,37,11,0.221,0.268,5,1,2.0,0.958,2.59,6.35,3.36,4.1,0,1.7551020408163265,2933.36,3.6666666666666665,0.30733944954128445,0.9060999999999999
51,90.69,1,24,0.165,0.0304,1,0,2.7,0.643,3.89,4.73,8.12,3.6,0,1.0196078431372548,90.69,6.486486486486486,0.0033333333333333335,0.5940000000000001
55,147.67,28,2,0.362,0.0832,0,1,1.8,0.638,3.72,6.43,8.44,4.6,0,1.509090909090909,4134.759999999999,0.7142857142857143,0.0,1.6651999999999998
41,34.12,11,18,0.304,0.056,0,0,2.6,0.735,3.28,5.33,8.09,4.9,0,1.2682926829268293,375.32,5.0,0.0,1.4896
13,60.04,10,4,0.29,0.0664,0,0,2.9,0.64,5.0,6.1,9.78,4.7,0,1.7692307692307692,600.4,1.0256410256410258,0.0,1.363
56,44.61,15,4,0.183,0.0584,0,1,0.0,0.822,4.32,5.3,9.13,4.0,0,1.2678571428571428,669.15,4.0,0.0,0.732
43,40.23,1,58,0.577,0.0752,0,0,2.5,0.761,4.66,2.97,9.41,6.8,0,1.0232558139534884,40.23,16.571428571428573,0.0,3.9235999999999995
3,88.99,1,61,0.234,0.0144,0,0,2.0,0.513,3.91,2.65,8.86,4.1,1,1.3333333333333333,88.99,20.333333333333332,0.0,0.9593999999999999
37,31.66,1,27,0.236,0.0344,1,1,6.3,0.722,4.17,5.78,8.39,4.5,0,1.027027027027027,31.66,3.6986301369863015,0.0036634717784877527,1.0619999999999998
49,118.47,13,15,0.63,0.0224,0,0,4.8,0.808,3.56,6.28,8.49,6.7,0,1.2653061224489797,1540.11,2.586206896551724,0.0,4.221
33,55.32,9,51,0.287,0.0784,3,0,5.5,0.618,2.2,4.58,4.94,4.7,0,1.2727272727272727,497.88,7.846153846153846,0.039595959595959594,1.3489
9,160.09,1,59,0.568,0.0144,0,0,3.9,0.469,4.4,3.38,9.35,6.0,0,1.1111111111111112,160.09,12.040816326530612,0.0,3.4079999999999995
16,53.68,5,4,0.099,0.1192,0,0,1.3,0.77,4.35,5.4,8.95,3.4,0,1.3125,268.4,1.7391304347826089,0.0,0.3366
59,40.6,15,5,0.192,0.0567999999999999,0,0,1.1,0.75,5.0,5.62,9.81,4.1,0,1.2542372881355932,609.0,2.380952380952381,0.0,0.7871999999999999
42,38.83,22,2,0.18,0.2456,2,0,3.2,0.454,2.72,6.7,5.57,4.0,0,1.5238095238095237,854.26,0.47619047619047616,0.07476407914764079,0.72
30,70.38,8,28,0.05,0.1184,0,0,5.3,0.943,5.0,5.63,9.61,2.9,0,1.2666666666666666,563.04,4.444444444444445,0.0,0.145
12,48.31,10,63,0.491,0.0624,1,0,0.0,0.942,3.53,2.18,7.66,6.1,1,1.8333333333333335,483.1,63.0,0.007205542725173209,2.9951
23,18.85,6,30,0.527,0.0256,0,0,0.3,0.748,5.0,3.8,9.91,6.6,0,1.2608695652173914,113.10000000000001,23.076923076923077,0.0,3.4782
36,42.49,28,19,0.586,0.0544,0,0,4.1,0.667,3.71,6.35,8.53,6.8,0,1.7777777777777777,1189.72,3.7254901960784315,0.0,3.9847999999999995
36,129.85,10,8,0.298,0.052,0,0,1.6,0.534,3.43,5.47,8.26,4.3,0,1.2777777777777777,1298.5,3.0769230769230766,0.0,1.2813999999999999
19,97.89,5,32,0.066,0.044,1,0,2.6,0.265,2.79,4.43,6.98,2.9,0,1.263157894736842,489.45,8.88888888888889,0.005513784461152881,0.19140000000000001
53,93.42,27,34,0.207,0.4104,1,0,4.3,0.826,3.02,5.63,5.99,3.9,0,1.509433962264151,2522.34,6.415094339622642,0.058712446351931326,0.8072999999999999
8,78.65,1,41,0.564,0.0032,1,0,1.4,0.662,4.0,3.45,8.32,6.5,0,1.125,78.65,17.083333333333336,0.00034334763948497857,3.6659999999999995
51,87.22,1,17,0.408,0.0712,1,1,3.4,0.752,4.78,5.32,8.88,5.3,0,1.0196078431372548,87.22,3.8636363636363633,0.007206477732793521,2.1624
22,88.91,12,1,0.633,0.1176,1,0,1.3,0.694,3.11,5.78,7.05,6.9,0,1.5454545454545454,1066.92,0.4347826086956522,0.014608695652173912,4.3677
52,45.05,14,57,0.173,0.0304,2,1,4.8,0.696,4.22,4.22,7.79,3.9,0,1.2692307692307692,630.6999999999999,9.827586206896552,0.006916951080773607,0.6747
35,79.63,1,95,0.201,0.0528,1,0,3.7,0.589,3.73,1.52,7.89,3.9,1,1.0285714285714285,79.63,20.21276595744681,0.005939257592800899,0.7839
17,43.51,1,35,0.198,0.2088,0,0,4.3,0.68,3.58,4.72,7.88,4.1,0,1.0588235294117647,43.51,6.60377358490566,0.0,0.8118
13,121.86,7,30,0.055,0.0872,0,0,2.7,0.486,4.27,4.63,8.98,2.7,0,1.5384615384615383,853.02,8.108108108108107,0.0,0.14850000000000002
56,60.3,15,52,0.194,0.0256,0,0,5.1,0.651,4.35,4.6,9.26,4.0,0,1.2678571428571428,904.5,8.524590163934427,0.0,0.776
31,49.55,1,6,0.221,0.0296,1,0,5.2,0.697,2.97,6.47,7.2,4.2,0,1.032258064516129,49.55,0.9677419354838709,0.003609756097560976,0.9282
7,39.03,2,1,0.387,0.0224,0,0,5.7,0.701,4.88,6.92,9.81,5.5,0,1.2857142857142856,78.06,0.14925373134328357,0.0,2.1285
13,103.35,1,89,0.121,0.016,2,0,2.8,0.745,2.26,1.52,5.87,3.2,1,1.0769230769230769,103.35,23.42105263157895,0.004657933042212519,0.3872
7,95.58,1,15,0.162,0.0248,1,0,1.3,0.886,3.61,4.72,7.86,3.6,0,1.1428571428571428,95.58,6.521739130434783,0.002799097065462754,0.5832
40,79.6,11,84,0.459,0.0016,0,0,4.0,0.863,3.07,2.5,8.06,5.7,1,1.275,875.5999999999999,16.8,0.0,2.6163000000000003
58,58.9,1,21,0.259,0.132,2,0,4.1,0.507,3.23,5.35,6.46,4.5,0,1.0172413793103448,58.9,4.11764705882353,0.0353887399463807,1.1655
14,62.9,8,71,0.351,0.092,0,0,1.2,0.419,4.17,2.12,8.86,5.1,1,1.5714285714285714,503.2,32.27272727272727,0.0,1.7900999999999998
25,62.34,1,59,0.539,0.1152,1,0,2.1,0.623,2.71,2.78,6.66,6.4,1,1.04,62.34,19.032258064516128,0.015039164490861618,3.4496
16,106.18,1,37,0.159,0.1376,0,1,5.3,0.723,4.22,4.95,8.76,3.5,0,1.0625,106.18,5.8730158730158735,0.0,0.5565
12,96.5,4,21,0.372,0.0584,0,1,0.0,0.905,3.95,4.08,8.76,5.0,0,1.3333333333333333,386.0,21.0,0.0,1.8599999999999999
47,73.46,12,96,0.223,0.2832,2,1,0.1,0.722,2.65,1.0,5.37,4.1,1,1.2553191489361701,881.52,87.27272727272727,0.08891679748822606,0.9142999999999999
42,168.39,11,2,0.227,0.0216,0,1,4.3,0.499,5.0,6.7,9.93,3.6,0,1.2619047619047619,1852.29,0.37735849056603776,0.0,0.8172
51,51.18,1,123,0.418,0.048,4,0,3.1,0.485,2.04,1.07,4.21,5.6,1,1.0196078431372548,51.18,30.000000000000004,0.03685220729366603,2.3407999999999998
34,68.57,1,23,0.266,0.0448,1,0,4.8,0.674,4.01,5.48,8.19,4.5,0,1.0294117647058822,68.57,3.9655172413793105,0.004874863982589772,1.197
15,36.79,4,24,0.212,0.0216,0,0,4.3,0.361,4.62,5.37,9.55,4.3,0,1.2666666666666666,147.16,4.528301886792453,0.0,0.9116
36,139.89,19,44,0.245,0.0328,0,1,0.0,0.552,2.64,3.43,7.53,3.9,0,1.5277777777777777,2657.91,44.0,0.0,0.9555
4,46.45,3,13,0.322,0.0216,1,0,3.7,0.537,3.56,5.68,7.82,5.0,0,1.75,139.35000000000002,2.7659574468085104,0.0024489795918367346,1.61
13,69.88,1,33,0.282,0.044,0,0,3.2,0.325,3.77,4.45,8.62,4.6,0,1.0769230769230769,69.88,7.857142857142857,0.0,1.2971999999999997
24,54.13,13,25,0.14,0.0216,1,1,1.4,0.306,3.27,4.65,7.53,3.7,0,1.5416666666666665,703.69,10.416666666666668,0.002532239155920281,0.5180000000000001
56,50.77,1,36,0.441,0.0376,0,1,1.0,0.401,4.99,3.57,9.86,5.8,0,1.0178571428571428,50.77,18.0,0.0,2.5578
39,67.79,1,29,0.174,0.0848,0,0,2.8,0.829,3.57,4.52,8.29,3.8,0,1.0256410256410255,67.79,7.631578947368421,0.0,0.6611999999999999
53,66.73,27,9,0.531,0.0024,0,0,4.1,0.815,3.55,6.82,8.54,6.3,0,1.509433962264151,1801.71,1.7647058823529413,0.0,3.3453
48,41.7,37,25,0.295,0.0696,2,0,2.2,0.585,3.85,5.72,7.28,4.8,0,1.7708333333333335,1542.9,7.8125,0.016811594202898548,1.416
1,75.24,1,5,0.298,0.012,0,1,3.0,0.587,4.16,5.78,9.12,4.6,0,2.0,75.24,1.25,0.0,1.3707999999999998
22,47.5,1,14,0.107,0.032,0,0,3.1,0.312,3.69,5.37,8.58,3.5,0,1.0454545454545454,47.5,3.414634146341464,0.0,0.3745
1,59.23,1,4,0.415,0.1504,1,1,2.9,0.254,3.15,5.8,6.98,5.5,0,2.0,59.23,1.0256410256410258,0.018847117794486216,2.2824999999999998
34,94.74,9,7,0.051,0.2112,3,0,1.9,0.398,4.05,5.58,6.35,2.8,0,1.2647058823529411,852.66,2.413793103448276,0.08620408163265306,0.14279999999999998
14,52.23,1,85,0.069,0.0376,0,0,3.7,0.726,5.0,2.02,9.87,3.2,1,1.0714285714285714,52.23,18.085106382978722,0.0,0.22080000000000002
6,226.97,1,5,0.248,0.0,1,0,0.0,0.269,4.78,4.78,9.11,3.4,0,1.1666666666666667,226.97,5.0,0.0,0.8432
33,227.56,17,51,0.254,0.0656,1,0,4.4,0.446,4.12,4.48,8.23,3.4,0,1.5151515151515151,3868.52,9.444444444444445,0.007107258938244854,0.8636
30,34.12,16,34,0.155,0.036,0,0,3.2,0.523,1.51,4.9,6.39,3.9,0,1.5333333333333332,545.92,8.095238095238095,0.0,0.6045
22,38.8,6,21,0.137,0.0384,1,0,0.0,0.27,3.04,4.15,7.25,3.7,0,1.2727272727272727,232.79999999999998,21.0,0.004654545454545454,0.5069
45,67.71,23,38,0.528,0.0064,2,0,1.1,0.854,3.84,4.23,7.49,6.3,0,1.511111111111111,1557.33,18.095238095238095,0.001507656065959953,3.3264
9,134.03,3,23,0.139,0.0656,0,0,1.1,0.448,3.18,4.32,7.96,3.2,0,1.3333333333333333,402.09000000000003,10.952380952380953,0.0,0.4448000000000001
54,20.01,1,19,0.303,0.1792,2,0,4.5,0.394,4.76,5.58,7.83,5.0,0,1.0185185185185186,20.01,3.4545454545454546,0.04058890147225368,1.515
1,63.32,1,12,0.359,0.0616,2,0,1.0,0.634,4.82,4.77,8.28,5.1,0,2.0,63.32,6.0,0.013275862068965518,1.8308999999999997
29,74.53,15,20,0.654,0.0856,1,0,3.0,0.965,2.4,5.5,6.45,7.1,0,1.5172413793103448,1117.95,5.0,0.011489932885906039,4.6434
9,47.97,1,28,0.39,0.2256,1,0,6.1,0.677,3.47,5.67,7.05,5.4,0,1.1111111111111112,47.97,3.943661971830986,0.02802484472049689,2.1060000000000003
23,110.02,1,44,0.148,0.0336,1,0,6.0,0.654,4.3,4.83,8.52,3.4,0,1.0434782608695652,110.02,6.285714285714286,0.0035294117647058825,0.5032
59,68.31,1,0,0.286,0.0584,1,0,0.0,0.474,3.79,5.03,7.93,4.6,0,1.0169491525423728,68.31,0.0,0.006539753639417694,1.3155999999999999
21,58.72,1,2,0.34,0.0528,2,1,3.7,0.664,3.72,6.17,7.21,5.0,0,1.0476190476190477,58.72,0.425531914893617,0.012862362971985382,1.7000000000000002
23,36.03,6,36,0.236,0.0656,0,0,3.9,0.453,2.94,4.7,7.72,4.4,0,1.2608695652173914,216.18,7.346938775510203,0.0,1.0384
6,78.24,4,38,0.5,0.1399999999999999,1,0,5.4,0.62,2.66,5.03,6.53,6.0,0,1.6666666666666665,312.96,5.9375,0.018592297476759615,3.0
16,111.32,1,0,0.133,0.0224,0,0,7.6,0.819,4.16,7.57,9.09,3.3,0,1.0625,111.32,0.0,0.0,0.4389
40,139.17,11,9,0.139,0.0616,1,1,3.0,0.246,4.09,5.92,8.22,3.1,0,1.275,1530.87,2.25,0.00668112798264642,0.43090000000000006
40,44.35,11,38,0.484,0.0392,0,0,1.2,0.763,5.0,3.87,9.87,6.1,0,1.275,487.85,17.27272727272727,0.0,2.9524
46,55.6,12,33,0.632,0.0728,0,0,2.7,0.749,5.0,4.65,9.76,7.1,0,1.2608695652173914,667.2,8.91891891891892,0.0,4.4872
15,70.1,1,44,0.244,0.1624,1,1,3.6,0.704,3.84,4.03,7.63,4.3,0,1.0666666666666667,70.1,9.56521739130435,0.018818076477404404,1.0492
11,57.34,3,19,0.287,0.048,0,0,0.9,0.308,4.36,4.45,9.2,4.7,0,1.2727272727272727,172.02,10.0,0.0,1.3489
13,39.02,4,13,0.295,0.016,2,0,4.6,0.893,3.3,6.02,6.91,4.8,0,1.3076923076923077,156.08,2.3214285714285716,0.00404551201011378,1.416
40,83.61,21,57,0.44,0.0424,1,1,1.6,0.494,3.21,3.38,7.4,5.6,0,1.525,1755.81,21.923076923076923,0.005047619047619047,2.464
31,161.6,1,24,0.218,0.06,0,0,4.9,0.819,4.23,5.47,9.03,3.6,0,1.032258064516129,161.6,4.067796610169491,0.0,0.7848
6,105.19,2,16,0.175,0.0248,1,0,3.4,0.608,3.71,5.4,7.96,3.6,0,1.3333333333333333,210.38,3.6363636363636362,0.0027678571428571427,0.63
59,50.66,15,40,0.304,0.1704,1,1,7.2,0.835,3.96,5.9,7.73,4.8,0,1.2542372881355932,759.9,4.878048780487806,0.01951890034364261,1.4591999999999998
34,108.28,9,52,0.341,0.1832,3,0,1.2,0.626,3.89,3.1,6.28,4.7,1,1.2647058823529411,974.52,23.636363636363633,0.0754945054945055,1.6027000000000002
30,131.97,16,10,0.201,0.0592,1,0,2.4,0.515,4.45,5.83,8.59,3.6,0,1.5333333333333332,2111.52,2.9411764705882355,0.0061730969760166845,0.7236
45,125.15,1,30,0.362,0.084,1,0,4.3,0.603,4.3,4.97,8.35,4.8,0,1.0222222222222221,125.15,5.660377358490567,0.008983957219251338,1.7375999999999998
49,132.91,1,55,0.254,0.016,0,1,5.4,0.877,3.11,4.08,8.06,4.0,0,1.0204081632653061,132.91,8.59375,0.0,1.016
12,91.28,4,31,0.177,0.0552,1,0,1.6,0.446,3.72,4.12,7.87,3.7,0,1.3333333333333333,365.12,11.923076923076923,0.006223224351747462,0.6549
11,102.14,3,23,0.449,0.0984,1,0,5.6,0.7,4.12,5.82,8.13,5.5,0,1.2727272727272727,306.42,3.484848484848485,0.010777656078860897,2.4695
59,26.26,15,34,0.251,0.3328,2,0,6.0,0.603,3.7,5.8,6.26,4.6,0,1.2542372881355932,393.90000000000003,4.857142857142857,0.09168044077134986,1.1545999999999998
6,42.8,2,17,0.186,0.104,1,0,3.1,0.5,2.1,5.25,6.09,4.0,0,1.3333333333333333,85.6,4.146341463414634,0.01466854724964739,0.744
50,122.01,13,22,0.093,0.0408,1,1,1.5,0.34,3.14,4.83,7.34,2.9,0,1.26,1586.13,8.8,0.004892086330935253,0.2697
59,55.96,15,15,0.448,0.108,0,0,3.5,0.549,3.66,5.92,8.3,5.8,0,1.2542372881355932,839.4,3.3333333333333335,0.0,2.5984
55,45.83,1,26,0.309,0.0008,0,0,0.0,0.398,3.94,3.73,8.94,4.9,0,1.018181818181818,45.83,26.0,0.0,1.5141
10,19.49,1,2,0.35,0.036,1,0,4.7,0.358,3.37,6.5,7.58,5.3,0,1.1,19.49,0.3508771929824561,0.004195804195804196,1.8549999999999998
2,65.68,1,13,0.356,0.036,1,0,1.0,0.661,3.38,4.72,7.59,5.1,0,1.5,65.68,6.5,0.004190919674039581,1.8155999999999999
39,222.1,1,41,0.231,0.124,0,0,4.0,0.234,4.67,4.32,9.26,3.3,0,1.0256410256410255,222.1,8.2,0.0,0.7623
33,183.68,9,53,0.239,0.0736,1,1,2.9,0.471,4.1,3.62,8.19,3.6,0,1.2727272727272727,1653.1200000000001,13.58974358974359,0.008008705114254625,0.8603999999999999
43,79.3,33,10,0.179,0.0096,1,0,0.1,0.328,3.39,5.63,7.69,3.8,0,1.7674418604651163,2616.9,9.09090909090909,0.001104718066743383,0.6801999999999999
54,35.23,14,77,0.315,0.048,2,0,3.7,0.446,3.09,2.85,6.6,5.0,1,1.2592592592592593,493.21999999999997,16.382978723404253,0.012631578947368423,1.575
8,48.8,5,31,0.315,0.2,0,0,5.1,0.534,5.0,5.32,9.33,4.9,0,1.625,244.0,5.081967213114754,0.0,1.5435
52,72.01,14,23,0.352,0.08,1,1,2.5,0.937,3.47,5.15,7.54,5.0,0,1.2692307692307692,1008.1400000000001,6.571428571428571,0.009367681498829042,1.7599999999999998
45,30.32,1,17,0.04,0.3048,1,1,8.1,0.58,3.51,6.88,6.83,3.1,0,1.0222222222222221,30.32,1.8681318681318682,0.0389272030651341,0.12400000000000001
34,57.8,26,5,0.396,0.056,0,0,4.1,0.431,5.0,6.98,9.81,5.4,0,1.7647058823529411,1502.8,0.9803921568627452,0.0,2.1384000000000003
15,83.2,1,104,0.349,0.0288,1,0,1.1,0.771,3.63,1.0,7.87,4.9,1,1.0666666666666667,83.2,49.52380952380952,0.003246899661781285,1.7101
41,19.26,11,53,0.232,0.076,2,0,2.0,0.317,3.25,3.38,6.66,4.5,1,1.2682926829268293,211.86,17.666666666666668,0.019843342036553524,1.044
59,54.66,15,26,0.261,0.0688,0,0,3.6,0.361,3.72,5.4,8.49,4.5,0,1.2542372881355932,819.9,5.6521739130434785,0.0,1.1745
31,44.06,8,5,0.451,0.212,1,0,3.1,0.431,3.73,6.05,7.36,5.9,0,1.2580645161290323,352.48,1.2195121951219514,0.02535885167464115,2.6609000000000003
54,87.38,1,3,0.322,0.1256,0,0,2.4,0.382,4.31,5.68,8.89,4.7,0,1.0185185185185186,87.38,0.8823529411764706,0.0,1.5134
12,109.03,1,16,0.294,0.0384,3,0,3.3,0.962,3.66,5.33,6.53,4.4,0,1.0833333333333333,109.03,3.7209302325581395,0.015298804780876493,1.2936
34,90.54,1,22,0.471,0.0008,1,0,1.6,0.787,2.83,4.47,7.16,5.8,0,1.0294117647058822,90.54,8.461538461538462,9.803921568627452e-05,2.7318
5,69.48,1,37,0.401,0.0512,2,0,1.1,0.911,4.39,3.55,7.89,5.4,0,1.2,69.48,17.619047619047617,0.011518560179977502,2.1654000000000004
43,134.01,1,11,0.145,0.0024,0,0,1.6,0.453,3.03,5.02,8.02,3.2,0,1.0232558139534884,134.01,4.230769230769231,0.0,0.46399999999999997
48,54.06,1,10,0.136,0.004,0,0,2.5,0.853,4.35,5.37,9.34,3.6,0,1.0208333333333333,54.06,2.857142857142857,0.0,0.48960000000000004
27,28.24,7,12,0.304,0.036,2,0,4.3,0.639,4.19,6.07,7.74,5.0,0,1.2592592592592593,197.67999999999998,2.2641509433962264,0.008237986270022882,1.52
39,38.3,10,97,0.147,0.0488,2,0,6.2,0.552,3.62,2.55,7.12,3.8,1,1.2564102564102564,383.0,13.472222222222221,0.012019704433497536,0.5586
3,45.89,1,9,0.21,0.0976,1,1,3.5,0.842,3.93,5.75,7.94,4.2,0,1.3333333333333333,45.89,2.0,0.010917225950782997,0.882
17,152.86,1,9,0.295,0.0184,0,0,2.3,0.966,4.88,5.35,9.82,4.1,0,1.0588235294117647,152.86,2.7272727272727275,0.0,1.2094999999999998
58,101.23,15,13,0.318,0.0176,0,1,4.2,0.762,4.05,6.25,8.99,4.6,0,1.2586206896551724,1518.45,2.5,0.0,1.4627999999999999
21,23.97,6,21,0.402,0.08,1,0,0.8,0.969,3.95,4.42,8.02,5.7,0,1.2857142857142856,143.82,11.666666666666666,0.008869179600886918,2.2914000000000003
5,57.08,2,5,0.3,0.008,0,1,2.7,0.407,5.0,5.72,9.97,4.8,0,1.4,114.16,1.3513513513513513,0.0,1.44
60,120.41,1,83,0.039,0.0792,1,0,0.0,0.676,2.89,1.0,6.96,2.6,1,1.0166666666666666,120.41,83.0,0.009949748743718593,0.1014
7,186.26,2,5,0.219,0.0424,1,0,4.8,0.483,2.69,6.42,6.88,3.4,0,1.2857142857142856,372.52,0.8620689655172414,0.005380710659898477,0.7445999999999999
6,41.01,1,56,0.639,0.056,1,0,3.2,0.838,3.33,3.3,7.48,7.2,1,1.1666666666666667,41.01,13.333333333333332,0.00660377358490566,4.6008000000000004
49,64.8,13,4,0.471,0.0208,1,0,2.0,0.28,5.0,5.9,9.26,5.9,0,1.2653061224489797,842.4,1.3333333333333333,0.00202729044834308,2.7789
49,29.13,25,6,0.27,0.0904,0,1,3.9,0.216,5.0,6.83,9.7,4.7,0,1.510204081632653,728.25,1.2244897959183672,0.0,1.2690000000000001
44,102.16,12,13,0.267,0.0664,2,0,4.2,0.835,3.46,6.15,6.91,4.3,0,1.2727272727272727,1225.92,2.5,0.01678887484197219,1.1481000000000001
31,49.18,8,25,0.37,0.06,1,0,6.0,0.349,4.09,6.02,8.22,5.3,0,1.2580645161290323,393.44,3.5714285714285716,0.00650759219088937,1.9609999999999999
39,24.06,30,104,0.21,0.2296,1,0,4.7,0.58,5.0,2.57,8.57,4.3,1,1.7692307692307692,721.8,18.24561403508772,0.02399164054336468,0.9029999999999999
18,116.44,1,33,0.13,0.0808,1,0,6.5,0.82,4.54,5.55,8.6,3.2,0,1.0555555555555556,116.44,4.4,0.008416666666666666,0.41600000000000004
25,70.61,19,31,0.344,0.048,0,1,0.6,0.544,3.94,4.28,8.78,5.0,0,1.76,1341.59,19.375,0.0,1.7199999999999998
57,56.79,1,50,0.113,0.1512,2,0,5.6,0.652,2.97,4.4,6.13,3.5,0,1.0175438596491229,56.79,7.575757575757576,0.04241234221598878,0.3955
20,100.5,1,6,0.256,0.1584,0,0,0.4,0.907,4.37,4.87,8.84,4.2,0,1.05,100.5,4.285714285714286,0.0,1.0752000000000002
35,108.1,1,61,0.529,0.0472,1,0,7.2,0.45,3.12,4.38,7.3,6.1,0,1.0285714285714285,108.1,7.439024390243903,0.005686746987951807,3.2269
11,32.29,1,6,0.162,0.0152,0,0,0.0,0.225,3.87,4.73,8.82,3.9,0,1.0909090909090908,32.29,6.0,0.0,0.6318
47,85.85,36,23,0.154,0.0672,2,1,4.8,0.522,4.17,6.65,7.61,3.6,0,1.7659574468085106,3090.6,3.9655172413793105,0.015609756097560976,0.5544
56,34.93,15,18,0.526,0.0304,0,1,0.0,0.697,2.93,4.6,7.83,6.5,0,1.2678571428571428,523.95,18.0,0.0,3.419
52,28.06,1,11,0.416,0.1624,2,0,3.6,0.751,4.64,5.68,7.77,5.7,0,1.0192307692307692,28.06,2.3913043478260874,0.03703534777651083,2.3712
19,92.88,5,17,0.279,0.108,3,0,2.9,0.869,4.36,5.28,7.0,4.4,0,1.263157894736842,464.4,4.3589743589743595,0.0405,1.2276000000000002
51,76.26,39,7,0.354,0.2696,4,0,4.2,0.58,4.5,7.35,5.93,5.0,0,1.7647058823529411,2974.1400000000003,1.346153846153846,0.15561327561327562,1.77
46,99.12,24,16,0.339,0.0016,1,1,4.7,0.761,4.7,6.57,9.03,4.8,0,1.5217391304347827,2378.88,2.807017543859649,0.00015952143569292125,1.6272
19,68.61,1,52,0.187,0.1768,1,0,2.8,0.09,5.0,3.37,8.74,3.9,1,1.0526315789473684,68.61,13.68421052631579,0.018151950718685833,0.7293
1,72.97,1,13,0.426,0.004,0,0,1.1,0.302,3.09,4.75,8.08,5.5,0,2.0,72.97,6.19047619047619,0.0,2.343
21,71.12,6,49,0.144,0.036,1,0,3.0,0.207,3.95,3.75,8.16,3.6,0,1.2857142857142856,426.72,12.25,0.0039301310043668115,0.5184
50,102.68,13,32,0.199,0.1024,1,0,1.5,0.72,5.0,4.33,8.99,3.8,0,1.26,1334.8400000000001,12.8,0.01025025025025025,0.7562
23,98.7,1,11,0.176,0.032,1,0,1.3,0.347,3.43,4.92,7.66,3.6,0,1.0434782608695652,98.7,4.782608695652175,0.003695150115473441,0.6335999999999999
36,69.02,10,20,0.031,0.0912,2,0,5.3,0.221,2.84,6.1,6.2,2.8,0,1.2777777777777777,690.1999999999999,3.174603174603175,0.025333333333333333,0.08679999999999999
18,33.08,1,4,0.217,0.0616,1,0,2.3,0.909,4.69,5.6,8.82,4.3,0,1.0555555555555556,33.08,1.2121212121212122,0.006272912423625255,0.9330999999999999
40,30.59,11,26,0.094,0.0008,1,1,3.4,0.462,3.93,5.2,8.26,3.5,0,1.275,336.49,5.909090909090908,8.639308855291577e-05,0.329
8,44.31,1,82,0.336,0.008,1,0,2.6,0.47,3.38,1.8,7.69,5.1,1,1.125,44.31,22.77777777777778,0.0009205983889528192,1.7136
1,26.96,1,36,0.058,0.0048,0,0,5.2,0.215,4.1,4.97,9.08,3.2,0,2.0,26.96,5.806451612903226,0.0,0.18560000000000001
11,45.17,3,18,0.23,0.032,0,1,5.1,0.698,5.0,5.9,9.89,4.3,0,1.2727272727272727,135.51,2.9508196721311477,0.0,0.989
37,91.61,1,43,0.289,0.1832,2,0,2.9,0.848,4.86,3.85,7.92,4.5,0,1.027027027027027,91.61,11.025641025641026,0.0410762331838565,1.3005
58,50.62,1,4,0.192,0.0608,0,0,2.2,0.438,3.59,5.57,8.39,4.0,0,1.0172413793103448,50.62,1.25,0.0,0.768
18,81.46,10,2,0.245,0.0056,0,0,5.6,0.437,4.04,7.1,9.02,4.2,0,1.5555555555555556,814.5999999999999,0.30303030303030304,0.0,1.029
9,110.72,3,34,0.244,0.1032,0,0,0.0,0.556,4.16,3.4,8.82,4.0,0,1.3333333333333333,332.15999999999997,34.0,0.0,0.976
59,99.81,15,28,0.466,0.0584,2,0,1.2,0.336,3.21,4.5,6.68,5.7,0,1.2542372881355932,1497.15,12.727272727272727,0.015208333333333334,2.6562
34,44.66,1,59,0.302,0.0344,0,0,3.0,0.939,3.82,3.08,8.71,4.8,0,1.0294117647058822,44.66,14.75,0.0,1.4496
39,144.5,10,19,0.073,0.0176,1,0,0.0,0.458,4.48,4.38,8.75,2.6,0,1.2564102564102564,1445.0,19.0,0.0018051282051282052,0.1898
50,76.64,13,77,0.22,0.0152,0,0,4.7,0.548,5.0,3.15,9.95,4.1,0,1.26,996.32,13.508771929824562,0.0,0.9019999999999999
34,72.61,9,8,0.096,0.056,1,0,0.2,0.867,4.74,4.97,8.89,3.2,0,1.2647058823529411,653.49,6.666666666666667,0.005662285136501516,0.30720000000000003
33,34.58,17,24,0.218,0.0472,0,1,0.0,0.893,3.26,4.37,8.1,4.3,0,1.5151515151515151,587.86,24.0,0.0,0.9374
60,53.99,16,7,0.086,0.0064,1,0,3.3,0.475,4.4,6.28,8.71,3.3,0,1.2666666666666666,863.84,1.627906976744186,0.0006591143151390319,0.28379999999999994
11,93.43,3,17,0.074,0.0112,2,1,0.8,0.87,3.61,4.52,7.24,3.0,0,1.2727272727272727,280.29,9.444444444444445,0.0027184466019417475,0.22199999999999998
13,44.46,1,21,0.304,0.0472,1,0,5.3,0.601,3.49,5.75,7.67,4.9,0,1.0769230769230769,44.46,3.3333333333333335,0.005444059976931949,1.4896
1,41.6,1,0,0.184,0.04,0,0,2.2,0.274,4.09,5.77,8.96,4.0,0,2.0,41.6,0.0,0.0,0.736
41,77.25,11,3,0.343,0.0344,3,0,5.1,0.473,3.57,6.92,6.46,4.9,0,1.2682926829268293,849.75,0.49180327868852464,0.013833780160857909,1.6807000000000003
18,50.95,5,12,0.376,0.0136,0,0,5.2,0.514,3.42,6.3,8.37,5.3,0,1.2777777777777777,254.75,1.9354838709677418,0.0,1.9928
51,43.37,1,19,0.212,0.0288,1,0,2.8,0.835,2.67,5.02,6.91,4.2,0,1.0196078431372548,43.37,5.0,0.0036409608091024018,0.8904
15,27.31,1,92,0.647,0.0448,0,0,5.0,0.914,4.17,2.1,9.02,7.4,1,1.0666666666666667,27.31,15.333333333333334,0.0,4.787800000000001
29,76.74,8,7,0.279,0.0544,0,0,0.0,0.722,5.0,4.92,9.82,4.5,0,1.2758620689655173,613.92,7.0,0.0,1.2555
59,29.05,15,2,0.172,0.0424,1,1,3.5,0.197,3.34,6.57,7.53,4.0,0,1.2542372881355932,435.75,0.4444444444444444,0.004970691676436107,0.688
41,160.6,1,20,0.17,0.104,1,0,2.3,0.491,4.26,4.8,8.25,3.2,0,1.024390243902439,160.6,6.0606060606060606,0.011243243243243243,0.544
6,113.04,4,138,0.186,0.0432,1,0,3.9,0.19,3.02,1.43,7.21,3.6,1,1.6666666666666665,452.16,28.163265306122447,0.005261875761266748,0.6696
54,26.91,14,40,0.245,0.0224,0,0,3.9,0.64,2.16,4.77,7.09,4.6,0,1.2592592592592593,376.74,8.16326530612245,0.0,1.127
25,73.31,1,63,0.239,0.0584,2,0,2.8,0.629,3.68,2.82,7.15,4.2,1,1.04,73.31,16.578947368421055,0.014331288343558282,1.0038
23,217.25,18,17,0.035,0.036,0,0,4.5,0.603,3.09,6.25,7.97,1.9,0,1.7826086956521738,3910.5,3.090909090909091,0.0,0.0665
35,95.35,1,53,0.176,0.1728,2,0,2.1,0.292,2.79,3.08,5.88,3.7,1,1.0285714285714285,95.35,17.096774193548388,0.05023255813953489,0.6512
57,21.87,1,7,0.533,0.0208,1,0,0.0,0.341,3.15,4.68,7.41,6.6,0,1.0175438596491229,21.87,7.0,0.002473246135552913,3.5178
30,32.05,1,106,0.358,0.0968,0,0,5.8,0.913,4.66,1.97,9.34,5.3,1,1.0333333333333334,32.05,15.588235294117647,0.0,1.8973999999999998
20,65.85,6,45,0.239,0.0816,1,0,4.8,0.525,3.67,4.55,7.73,4.3,0,1.3,395.09999999999997,7.758620689655173,0.009347079037800687,1.0276999999999998
42,74.07,11,17,0.366,0.0432,0,0,5.0,0.753,4.83,6.18,9.69,5.1,0,1.2619047619047619,814.77,2.8333333333333335,0.0,1.8665999999999998
51,29.69,13,7,0.156,0.0112,0,0,0.2,0.622,4.7,5.15,9.66,3.9,0,1.2549019607843137,385.97,5.833333333333334,0.0,0.6083999999999999
9,94.6,12,10,0.373,0.1288,0,0,6.6,0.765,4.07,7.1,8.64,5.0,0,2.333333333333333,1135.1999999999998,1.3157894736842106,0.0,1.865
19,48.99,1,17,0.351,0.008,0,0,4.3,0.393,4.77,5.62,9.74,5.2,0,1.0526315789473684,48.99,3.207547169811321,0.0,1.8252
17,156.43,5,44,0.341,0.0168,0,0,1.4,0.375,3.05,3.43,7.99,4.4,0,1.2941176470588236,782.1500000000001,18.333333333333336,0.0,1.5004000000000002
13,114.71,7,17,0.611,0.164,0,0,3.9,0.3,3.28,5.68,7.73,6.6,0,1.5384615384615383,802.9699999999999,3.4693877551020407,0.0,4.0325999999999995
26,49.04,14,44,0.406,0.012,1,0,0.5,0.485,4.08,3.43,8.37,5.5,0,1.5384615384615383,686.56,29.333333333333332,0.00128068303094984,2.233
59,107.01,60,71,0.188,0.0064,0,1,3.9,0.622,4.33,4.42,9.31,3.7,0,2.016949152542373,6420.6,14.489795918367346,0.0,0.6956
51,76.32,1,68,0.459,0.0184,1,0,0.5,0.667,4.57,1.8,8.84,5.8,1,1.0196078431372548,76.32,45.333333333333336,0.0018699186991869919,2.6622
35,61.26,9,1,0.262,0.1248,2,0,1.8,0.847,3.79,5.85,7.04,4.5,0,1.2571428571428571,551.34,0.35714285714285715,0.031044776119402987,1.179
59,41.99,1,29,0.432,0.064,0,0,2.6,0.811,5.0,4.45,9.79,5.8,0,1.0169491525423728,41.99,8.055555555555555,0.0,2.5056
21,90.31,1,22,0.127,0.0016,0,0,3.8,0.409,5.0,5.2,9.99,3.3,0,1.0476190476190477,90.31,4.583333333333334,0.0,0.4191
9,34.11,3,24,0.407,0.0912,1,1,2.7,0.558,2.54,4.8,6.57,5.6,0,1.3333333333333333,102.33,6.486486486486486,0.012047556142668428,2.2792
55,34.79,14,77,0.22,0.0608,0,0,5.6,0.819,5.0,3.48,9.8,4.3,1,1.2545454545454544,487.06,11.666666666666668,0.0,0.946
35,68.78,1,15,0.162,0.1192,2,0,5.3,0.72,3.46,6.05,6.73,3.7,0,1.0285714285714285,68.78,2.380952380952381,0.030840879689521344,0.5994
44,90.97,12,24,0.206,0.0016,1,0,0.2,0.648,5.0,4.27,9.33,3.9,0,1.2727272727272727,1091.6399999999999,20.0,0.0001548886737657309,0.8033999999999999
35,168.74,1,1,0.28,0.004,2,0,4.1,0.617,3.53,6.35,7.18,3.9,0,1.0285714285714285,168.74,0.19607843137254904,0.00097799511002445,1.092
20,149.3,11,46,0.078,0.0512,1,0,0.5,0.505,3.87,3.23,8.03,2.7,0,1.55,1642.3000000000002,30.666666666666668,0.00566998892580288,0.2106
7,105.37,2,7,0.098,0.144,3,0,2.0,0.583,2.07,5.38,4.59,3.1,0,1.2857142857142856,210.74,2.3333333333333335,0.0772808586762075,0.3038
47,83.37,1,14,0.222,0.0136,1,0,2.4,0.813,2.08,5.13,6.37,4.1,0,1.0212765957446808,83.37,4.11764705882353,0.0018453188602442331,0.9101999999999999
4,56.29,1,70,0.202,0.1272,0,0,2.6,0.241,4.81,2.4,9.39,4.1,1,1.25,56.29,19.444444444444443,0.0,0.8281999999999999
41,83.93,11,134,0.328,0.0232,0,0,0.0,0.316,4.72,1.0,9.64,4.8,1,1.2682926829268293,923.23,134.0,0.0,1.5744
51,106.29,39,31,0.584,0.1512,1,0,1.9,0.406,3.84,5.38,7.67,6.5,0,1.7647058823529411,4145.31,10.689655172413794,0.01743944636678201,3.796
23,84.78,1,16,0.332,0.02,1,1,2.5,0.473,4.72,5.07,8.99,4.8,0,1.0434782608695652,84.78,4.571428571428571,0.002002002002002002,1.5936000000000001
10,64.97,3,28,0.159,0.112,0,0,2.3,0.41,4.41,4.47,9.04,3.7,0,1.3,194.91,8.484848484848484,0.0,0.5883
41,129.87,11,36,0.356,0.1088,1,0,5.0,0.725,4.39,5.23,8.36,4.7,0,1.2682926829268293,1428.5700000000002,6.0,0.011623931623931624,1.6732
53,82.08,1,42,0.181,0.0128,0,0,0.4,0.569,3.68,3.07,8.64,3.8,0,1.0188679245283019,82.08,30.000000000000004,0.0,0.6878
36,128.84,19,9,0.145,0.0592,4,0,6.9,0.442,2.73,7.48,4.87,3.2,0,1.5277777777777777,2447.96,1.1392405063291138,0.040340715502555365,0.46399999999999997
11,77.92,9,28,0.213,0.1048,0,1,5.0,0.767,3.54,5.57,8.19,4.0,0,1.8181818181818183,701.28,4.666666666666667,0.0,0.852
60,26.6,16,20,0.092,0.04,0,0,1.3,0.41,5.0,4.97,9.87,3.5,0,1.2666666666666666,425.6,8.695652173913045,0.0,0.322
32,20.87,9,85,0.11,0.0416,0,0,1.3,0.685,4.55,1.48,9.41,3.6,1,1.28125,187.83,36.95652173913044,0.0,0.396
32,125.64,9,19,0.227,0.1048,0,1,5.2,0.548,3.95,6.08,8.6,3.8,0,1.28125,1130.76,3.064516129032258,0.0,0.8626
32,67.04,1,99,0.625,0.2432,3,0,3.4,0.915,3.43,1.22,5.62,7.0,1,1.03125,67.04,22.499999999999996,0.11021148036253776,4.375
50,38.46,13,2,0.129,0.0656,0,1,1.2,0.859,2.75,5.73,7.53,3.7,0,1.26,499.98,0.9090909090909091,0.0,0.47730000000000006
37,50.93,10,59,0.168,0.0544,1,1,4.6,0.194,2.14,3.92,6.29,3.9,0,1.2702702702702702,509.3,10.535714285714286,0.007462277091906721,0.6552
35,42.15,1,25,0.259,0.3064,4,0,0.6,0.488,4.1,3.98,5.41,4.6,1,1.0285714285714285,42.15,15.625,0.191201248049922,1.1914
51,28.73,1,1,0.161,0.0224,0,0,2.6,0.544,4.16,5.85,9.09,4.0,0,1.0196078431372548,28.73,0.2777777777777778,0.0,0.644
58,377.39,1,25,0.687,0.0712,0,0,3.6,0.409,3.91,4.98,8.67,5.5,0,1.0172413793103448,377.39,5.434782608695652,0.0,3.7785
55,32.94,14,16,0.034,0.12,1,0,5.0,0.864,3.81,6.33,7.74,3.0,0,1.2545454545454544,461.15999999999997,2.6666666666666665,0.013729977116704805,0.10200000000000001
12,41.25,4,16,0.224,0.0144,2,0,5.0,0.729,3.16,6.0,6.78,4.3,0,1.3333333333333333,165.0,2.6666666666666665,0.0037017994858611824,0.9632
6,110.97,2,44,0.5,0.0528,1,0,5.0,0.741,3.33,4.53,7.49,5.8,0,1.3333333333333333,221.94,7.333333333333333,0.006219081272084806,2.9
16,78.93,1,1,0.256,0.1752,2,0,4.4,0.185,4.55,6.45,7.63,4.3,0,1.0625,78.93,0.18518518518518517,0.040602549246813446,1.1008
19,48.56,5,5,0.579,0.0272,1,0,3.5,0.735,4.31,6.08,8.55,6.8,0,1.263157894736842,242.8,1.1111111111111112,0.002848167539267015,3.9372
41,80.84,1,22,0.181,0.0304,0,0,3.1,0.639,3.5,4.97,8.4,3.8,0,1.024390243902439,80.84,5.365853658536586,0.0,0.6878
39,50.76,59,50,0.341,0.1,1,1,1.4,0.62,4.95,4.63,8.95,5.1,0,2.5128205128205128,2994.8399999999997,20.833333333333336,0.010050251256281409,1.7391
40,68.46,11,19,0.217,0.0368,1,0,4.2,0.746,3.95,5.82,8.16,4.1,0,1.275,753.06,3.6538461538461537,0.004017467248908297,0.8896999999999999
36,84.13,1,4,0.408,0.0208,0,0,3.9,0.822,4.8,6.13,9.73,5.4,0,1.0277777777777777,84.13,0.8163265306122448,0.0,2.2032
55,71.67,14,10,0.067,0.0912,1,0,4.3,0.278,3.5,6.4,7.53,3.0,0,1.2545454545454544,1003.38,1.8867924528301887,0.010691676436107854,0.201
9,181.8,7,7,0.411,0.0008,1,0,3.5,0.217,2.6,6.05,6.93,4.8,0,1.7777777777777777,1272.6000000000001,1.5555555555555556,0.00010088272383354352,1.9727999999999999
40,82.05,1,6,0.509,0.0344,1,0,3.9,0.872,2.48,6.03,6.7,6.1,0,1.025,82.05,1.2244897959183672,0.004467532467532467,3.1048999999999998
23,105.44,6,9,0.446,0.0984,3,0,3.5,0.501,2.78,5.92,5.45,5.5,0,1.2608695652173914,632.64,2.0,0.045767441860465115,2.453
37,126.4,28,8,0.252,0.0288,0,0,2.4,0.472,4.33,6.33,9.23,4.0,0,1.7567567567567568,3539.2000000000003,2.3529411764705883,0.0,1.008
46,124.46,24,4,0.275,0.0248,1,1,3.4,0.235,3.53,6.73,7.78,4.2,0,1.5217391304347827,2987.04,0.9090909090909091,0.0028246013667425963,1.1550000000000002
47,66.84,1,3,0.112,0.1088,0,0,5.7,0.616,4.1,6.78,8.74,3.4,0,1.0212765957446808,66.84,0.44776119402985076,0.0,0.38079999999999997
24,25.56,1,1,0.18,0.0552,3,1,2.4,0.956,3.65,5.78,6.47,4.1,0,1.0416666666666667,25.56,0.29411764705882354,0.02216867469879518,0.7379999999999999
29,241.09,22,49,0.344,0.1008,3,0,2.2,0.827,2.31,4.02,4.97,4.0,1,1.7586206896551724,5303.9800000000005,15.3125,0.05065326633165829,1.376
56,196.29,43,8,0.376,0.0216,0,1,5.6,0.454,3.92,7.9,8.85,4.5,0,1.7678571428571428,8440.47,1.2121212121212122,0.0,1.692
20,101.67,16,32,0.732,0.0024,1,0,2.9,0.69,3.57,4.9,7.9,7.5,0,1.8,1626.72,8.205128205128206,0.0002696629213483146,5.49
44,140.46,1,28,0.556,0.0792,2,0,5.6,0.589,4.11,5.5,7.51,6.0,0,1.0227272727272727,140.46,4.242424242424242,0.018613396004700355,3.3360000000000003
9,47.31,1,10,0.315,0.0328,0,0,5.0,0.572,4.1,6.2,8.99,4.9,0,1.1111111111111112,47.31,1.6666666666666667,0.0,1.5435
17,38.86,1,13,0.284,0.0136,2,1,0.1,0.936,5.0,4.42,8.62,4.8,0,1.0588235294117647,38.86,11.818181818181817,0.0028274428274428277,1.3631999999999997
57,50.24,29,13,0.267,0.0488,2,0,3.0,0.603,3.4,6.32,6.9,4.6,0,1.5087719298245614,1456.96,3.25,0.012354430379746836,1.2282
49,41.54,13,24,0.325,0.2664,1,1,0.0,0.652,4.44,4.23,7.89,5.0,0,1.2653061224489797,540.02,24.0,0.029966254218222722,1.625
30,21.62,1,5,0.401,0.0536,2,0,1.6,0.649,3.9,5.32,7.39,5.7,0,1.0333333333333334,21.62,1.923076923076923,0.012777115613825983,2.2857000000000003
21,104.74,16,53,0.133,0.0648,0,1,3.8,0.776,5.0,4.15,9.78,3.3,0,1.7619047619047619,1675.84,11.041666666666668,0.0,0.4389
6,19.55,2,13,0.525,0.0808,1,0,4.5,0.882,3.98,5.92,8.04,6.6,0,1.3333333333333333,39.1,2.3636363636363638,0.008938053097345133,3.465
10,34.63,3,34,0.34,0.148,1,0,4.7,0.616,3.28,4.97,7.12,5.2,0,1.3,103.89000000000001,5.964912280701754,0.01822660098522167,1.7680000000000002
13,79.56,1,35,0.272,0.0576,1,0,1.7,0.658,3.97,3.85,8.11,4.4,0,1.0769230769230769,79.56,12.962962962962962,0.006322722283205269,1.1968
59,76.34,1,32,0.203,0.196,0,0,5.0,0.388,4.17,5.1,8.52,4.0,0,1.0169491525423728,76.34,5.333333333333333,0.0,0.812
13,78.55,4,9,0.325,0.1048,1,0,8.6,0.666,4.7,7.55,8.68,4.8,0,1.3076923076923077,314.2,0.9375,0.010826446280991737,1.56
37,25.05,1,4,0.392,0.1216,0,1,3.0,0.554,2.74,5.83,7.33,5.6,0,1.027027027027027,25.05,1.0,0.0,2.1952
13,132.55,1,6,0.525,0.0152,1,0,4.2,0.561,3.43,6.13,7.71,5.9,0,1.0769230769230769,132.55,1.1538461538461537,0.0017451205510907002,3.0975
52,41.5,14,38,0.204,0.0248,0,1,4.3,0.583,5.0,5.0,9.92,4.2,0,1.2692307692307692,581.0,7.169811320754717,0.0,0.8568
53,71.27,14,30,0.556,0.024,0,1,2.7,0.57,4.28,4.87,9.2,6.5,0,1.2641509433962264,997.78,8.108108108108107,0.0,3.6140000000000003
11,21.18,1,90,0.127,0.0576,0,1,4.4,0.86,3.77,2.0,8.58,3.8,1,1.0909090909090908,21.18,16.666666666666664,0.0,0.4826
12,199.47,1,13,0.253,0.032,3,0,4.7,0.858,3.68,5.95,6.57,3.6,0,1.0833333333333333,199.47,2.280701754385965,0.012681638044914135,0.9108
55,80.7,28,4,0.342,0.08,0,0,1.1,0.609,4.4,6.1,9.13,4.9,0,1.509090909090909,2259.6,1.9047619047619047,0.0,1.6758000000000002
60,100.19,31,34,0.112,0.0712,1,1,1.4,0.601,4.01,4.8,8.11,3.2,0,1.5166666666666666,3105.89,14.166666666666668,0.007815587266739846,0.35840000000000005
44,52.6,12,23,0.215,0.088,1,1,1.1,0.351,3.63,4.62,7.67,4.2,0,1.2727272727272727,631.2,10.952380952380953,0.010149942329873126,0.903
59,124.72,15,53,0.505,0.0408,2,0,7.1,0.692,3.27,5.22,6.8,5.8,0,1.2542372881355932,1870.8,6.5432098765432105,0.010461538461538463,2.929
60,104.47,1,33,0.422,0.0096,0,0,5.2,0.721,4.46,5.12,9.43,5.3,0,1.0166666666666666,104.47,5.32258064516129,0.0,2.2365999999999997
13,47.66,1,36,0.251,0.1824,1,0,2.3,0.825,4.07,4.0,7.8,4.5,0,1.0769230769230769,47.66,10.90909090909091,0.020727272727272726,1.1295
18,40.81,5,0,0.354,0.2128,1,0,0.0,0.661,4.22,5.17,7.84,5.2,0,1.2777777777777777,204.05,0.0,0.02407239819004525,1.8408
59,128.74,15,11,0.155,0.052,0,0,2.6,0.485,5.0,5.82,9.83,3.3,0,1.2542372881355932,1931.1000000000001,3.0555555555555554,0.0,0.5115
7,94.08,2,16,0.133,0.0168,2,0,0.1,0.719,3.12,4.3,6.73,3.4,0,1.2857142857142856,188.16,14.545454545454545,0.004346701164294954,0.4522
13,263.97,1,48,0.151,0.0664,3,0,5.1,0.46,4.16,4.33,6.94,2.5,0,1.0769230769230769,263.97,7.868852459016394,0.025088161209068007,0.3775
57,60.86,15,69,0.627,0.0112,1,1,0.0,0.945,3.87,2.05,8.17,7.0,1,1.263157894736842,912.9,69.0,0.0012213740458015267,4.389
39,30.37,20,11,0.273,0.0376,1,0,2.6,0.903,3.1,5.98,7.31,4.7,0,1.5128205128205128,607.4,3.0555555555555554,0.004524669073405536,1.2831000000000001
36,79.07,1,60,0.083,0.0184,1,0,2.3,0.568,4.09,2.8,8.36,3.1,1,1.0277777777777777,79.07,18.181818181818183,0.001965811965811966,0.25730000000000003
8,68.95,1,32,0.228,0.068,0,0,1.6,0.919,4.28,3.97,9.05,4.2,0,1.125,68.95,12.307692307692307,0.0,0.9576000000000001
10,66.16,1,8,0.115,0.1544,4,0,2.7,0.947,3.06,5.53,4.88,3.4,0,1.1,66.16,2.162162162162162,0.10503401360544219,0.391
8,119.26,3,7,0.374,0.0496,2,0,4.3,0.771,2.91,6.18,6.41,4.9,0,1.375,357.78000000000003,1.3207547169811322,0.013387314439946018,1.8326000000000002
57,79.38,1,5,0.419,0.2264,2,0,0.8,0.133,2.98,5.05,5.89,5.5,0,1.0175438596491229,79.38,2.7777777777777777,0.06571843251088534,2.3045
38,13.84,1,43,0.304,0.0728,1,0,6.2,0.451,4.19,4.95,8.28,5.0,0,1.0263157894736843,13.84,5.972222222222222,0.007844827586206898,1.52
49,92.03,25,1,0.395,0.04,0,0,4.1,0.287,3.59,7.15,8.46,5.2,0,1.510204081632653,2300.75,0.19607843137254904,0.0,2.0540000000000003
9,88.4,3,13,0.167,0.0928,0,0,3.6,0.538,4.44,5.65,9.13,3.6,0,1.3333333333333333,265.20000000000005,2.8260869565217392,0.0,0.6012000000000001
25,25.53,1,46,0.182,0.0328,0,0,3.3,0.677,3.69,3.83,8.58,4.1,0,1.04,25.53,10.697674418604652,0.0,0.7461999999999999
33,17.45,9,22,0.299,0.0352,0,0,3.4,0.246,5.0,5.33,9.88,5.0,0,1.2727272727272727,157.04999999999998,5.0,0.0,1.4949999999999999
57,89.07,15,16,0.103,0.148,2,0,6.6,0.938,4.42,6.9,7.59,3.2,0,1.263157894736842,1336.05,2.1052631578947367,0.03445867287543655,0.3296
49,84.06,13,57,0.217,0.032,0,0,1.3,0.328,4.41,3.02,9.3,4.0,0,1.2653061224489797,1092.78,24.782608695652176,0.0,0.868
12,88.94,7,22,0.38,0.0,0,0,3.6,0.408,4.14,5.33,9.14,5.1,0,1.5833333333333335,622.5799999999999,4.782608695652175,0.0,1.938
18,102.02,10,2,0.334,0.0304,2,0,1.9,0.755,3.05,5.87,6.62,4.7,0,1.5555555555555556,1020.1999999999999,0.6896551724137931,0.007979002624671916,1.5698
22,145.06,6,8,0.425,0.3248,4,0,3.6,0.786,2.87,6.0,4.12,5.1,0,1.2727272727272727,870.36,1.7391304347826089,0.25375,2.1675
55,38.94,28,114,0.439,0.0352,1,1,2.2,0.333,3.78,1.67,8.0,5.8,1,1.509090909090909,1090.32,35.625,0.003911111111111112,2.5462
39,75.33,20,18,0.113,0.1824,0,0,1.1,0.672,4.22,5.13,8.61,3.3,0,1.5128205128205128,1506.6,8.571428571428571,0.0,0.3729
48,31.14,1,33,0.221,0.2256,4,0,1.3,0.574,2.82,3.82,4.4,4.4,1,1.0208333333333333,31.14,14.347826086956523,0.1671111111111111,0.9724
38,55.77,20,4,0.214,0.0504,0,1,4.2,0.671,2.72,6.87,7.55,4.2,0,1.526315789473684,1115.4,0.7692307692307692,0.0,0.8988
8,71.85,1,1,0.251,0.1656,2,0,4.7,0.695,4.32,6.55,7.43,4.3,0,1.125,71.85,0.17543859649122806,0.03928825622775801,1.0793
56,146.96,15,2,0.526,0.0848,3,0,4.0,0.584,4.37,6.73,7.09,5.8,0,1.2678571428571428,2204.4,0.4,0.03144622991347343,3.0508
1,30.16,1,33,0.163,0.0872,1,0,5.4,0.664,3.31,5.18,7.35,4.0,0,2.0,30.16,5.15625,0.01044311377245509,0.652
9,25.8,5,27,0.193,0.0488,1,0,4.5,0.59,3.14,5.32,7.31,4.2,0,1.5555555555555556,129.0,4.909090909090909,0.005872442839951866,0.8106000000000001
4,58.48,1,13,0.391,0.18,2,1,3.3,0.43,4.6,5.48,7.67,5.4,0,1.25,58.48,3.0232558139534884,0.04152249134948097,2.1114
20,86.74,1,5,0.045,0.0456,2,0,7.1,0.755,3.68,7.15,7.19,2.8,0,1.05,86.74,0.617283950617284,0.011135531135531134,0.126
60,31.41,1,46,0.346,0.0224,0,0,2.3,0.798,3.82,3.5,8.75,5.2,0,1.0166666666666666,31.41,13.93939393939394,0.0,1.7992
41,137.52,1,46,0.386,0.0088,1,1,2.2,0.79,4.83,3.47,9.13,4.9,0,1.024390243902439,137.52,14.375,0.0008687068114511352,1.8914000000000002
48,118.61,37,6,0.513,0.1888,1,0,4.1,0.671,4.87,7.3,8.57,5.9,0,1.7708333333333335,4388.57,1.1764705882352942,0.01972831765935214,3.0267000000000004
10,73.0,1,65,0.275,0.0288,0,0,1.9,0.765,3.27,2.42,8.17,4.5,1,1.1,73.0,22.413793103448278,0.0,1.2375
12,61.62,7,41,0.531,0.0792,0,0,3.4,0.521,5.0,4.32,9.74,6.3,0,1.5833333333333335,431.34,9.318181818181817,0.0,3.3453
50,46.09,26,15,0.05,0.0328,1,0,3.8,0.545,4.29,6.38,8.51,3.1,0,1.52,1198.3400000000001,3.125,0.0034490010515247113,0.15500000000000003
28,39.46,15,10,0.464,0.0688,1,0,3.3,0.753,2.48,6.1,6.58,6.0,0,1.5357142857142856,591.9,2.3255813953488373,0.009076517150395778,2.7840000000000003
27,48.69,14,67,0.291,0.0552,0,0,1.9,0.332,3.92,2.75,8.74,4.7,1,1.5185185185185186,681.66,23.10344827586207,0.0,1.3677
22,142.59,12,109,0.476,0.0712,0,1,5.9,0.27,4.52,2.37,9.28,5.5,1,1.5454545454545454,1711.08,15.797101449275361,0.0,2.618
34,63.25,1,12,0.32,0.0736,1,0,0.8,0.502,3.89,4.7,7.98,4.9,0,1.0294117647058822,63.25,6.666666666666666,0.00819599109131403,1.568
41,163.94,11,39,0.565,0.0392,2,0,2.6,0.422,3.56,4.28,7.1,6.0,0,1.2682926829268293,1803.34,10.833333333333334,0.009679012345679012,3.3899999999999997
28,116.66,1,15,0.136,0.0648,1,0,1.5,0.309,4.01,4.78,8.13,3.3,0,1.0357142857142858,116.66,6.0,0.0070974808324205906,0.44880000000000003
43,28.82,1,9,0.259,0.2616,1,0,3.3,0.277,3.46,5.68,6.92,4.6,0,1.0232558139534884,28.82,2.0930232558139537,0.03303030303030303,1.1914
12,112.41,1,5,0.141,0.2144,1,0,2.9,0.659,3.37,5.75,6.99,3.3,0,1.0833333333333333,112.41,1.2820512820512822,0.026833541927409263,0.46529999999999994
13,44.86,4,4,0.115,0.0616,0,0,3.3,0.875,4.19,6.03,8.98,3.5,0,1.3076923076923077,179.44,0.9302325581395349,0.0,0.4025
32,48.78,1,128,0.054,0.1568,0,1,2.2,0.322,5.0,1.0,9.48,3.1,1,1.03125,48.78,40.0,0.0,0.1674
51,28.67,13,2,0.241,0.192,0,0,2.8,0.669,3.59,6.27,7.95,4.5,0,1.2549019607843137,372.71000000000004,0.5263157894736842,0.0,1.0845
30,95.06,8,69,0.045,0.0592,0,0,1.6,0.814,4.95,2.35,9.75,2.7,1,1.2666666666666666,760.48,26.538461538461537,0.0,0.1215
30,170.82,8,60,0.324,0.0856,1,0,3.8,0.514,3.47,3.53,7.52,4.2,1,1.2666666666666666,1366.56,12.5,0.010046948356807512,1.3608
43,242.33,11,18,0.212,0.0944,1,0,1.3,0.411,4.45,4.9,8.47,3.0,0,1.255813953488372,2665.63,7.82608695652174,0.00996832101372756,0.636
22,84.99,6,29,0.252,0.0552,0,0,5.0,0.55,4.37,5.42,9.19,4.3,0,1.2727272727272727,509.93999999999994,4.833333333333333,0.0,1.0836
35,40.15,9,29,0.228,0.0016,1,1,0.5,0.54,2.48,4.02,6.81,4.4,0,1.2571428571428571,361.34999999999997,19.333333333333332,0.00020486555697823305,1.0032
37,109.88,10,32,0.124,0.1048,1,0,3.3,0.838,2.98,4.83,6.96,3.2,0,1.2702702702702702,1098.8,7.441860465116279,0.013165829145728643,0.39680000000000004
35,225.92,9,9,0.3,0.0032,1,1,4.7,0.699,3.94,6.42,8.26,3.7,0,1.2571428571428571,2033.28,1.5789473684210527,0.0003455723542116631,1.11
44,59.52,1,5,0.211,0.1032,1,0,6.5,0.751,2.79,6.95,6.78,4.1,0,1.0227272727272727,59.52,0.6666666666666666,0.01326478149100257,0.8650999999999999
45,39.94,23,46,0.473,0.0072,1,1,4.2,0.305,3.74,4.87,8.05,6.1,0,1.511111111111111,918.6199999999999,8.846153846153847,0.0007955801104972375,2.8852999999999995
40,41.78,1,35,0.345,0.0296,1,0,5.3,0.614,4.11,5.05,8.34,5.2,0,1.025,41.78,5.555555555555555,0.003169164882226981,1.7939999999999998
52,98.22,14,20,0.374,0.052,1,0,4.5,0.807,3.14,5.97,7.3,5.0,0,1.2692307692307692,1375.08,3.6363636363636362,0.006265060240963855,1.87
19,44.78,1,2,0.147,0.1584,2,0,2.8,0.468,3.47,5.87,6.61,3.8,0,1.0526315789473684,44.78,0.5263157894736842,0.041629434954007886,0.5586
13,48.64,1,28,0.233,0.0376,0,0,1.5,0.53,4.84,4.13,9.71,4.3,0,1.0769230769230769,48.64,11.2,0.0,1.0019
56,105.72,43,1,0.404,0.088,0,1,4.0,0.602,5.0,7.72,9.71,5.2,0,1.7678571428571428,4545.96,0.2,0.0,2.1008
55,39.24,28,5,0.254,0.0872,1,1,3.8,0.314,4.15,6.95,8.19,4.5,0,1.509090909090909,1098.72,1.0416666666666667,0.009488574537540805,1.143
17,50.48,1,24,0.401,0.176,2,0,5.0,0.679,4.71,5.5,7.79,5.5,0,1.0588235294117647,50.48,4.0,0.040045506257110355,2.2055000000000002
3,188.24,3,21,0.216,0.1112,0,0,2.9,0.6,3.73,5.02,8.36,3.4,0,2.0,564.72,5.384615384615385,0.0,0.7343999999999999
51,77.14,26,9,0.314,0.0088,1,0,4.2,0.772,2.61,6.82,6.91,4.7,0,1.5098039215686274,2005.64,1.7307692307692306,0.0011125158027812895,1.4758
20,72.86,1,58,0.674,0.3608,0,0,4.3,0.343,2.8,3.57,6.6,7.3,1,1.05,72.86,10.943396226415095,0.0,4.9202
1,76.85,1,18,0.342,0.0464,1,1,2.0,0.637,4.09,4.8,8.27,4.9,0,2.0,76.85,6.0,0.005005393743257821,1.6758000000000002
46,90.3,1,41,0.188,0.1088,3,0,3.2,0.266,4.4,4.05,7.04,3.8,0,1.0217391304347827,90.3,9.761904761904761,0.04059701492537313,0.7143999999999999
26,48.36,7,25,0.402,0.1368,0,0,1.3,0.356,4.11,4.42,8.65,5.5,0,1.2692307692307692,338.52,10.869565217391305,0.0,2.2110000000000003
27,23.46,1,36,0.165,0.0216,0,0,6.1,0.519,4.33,5.27,9.26,4.0,0,1.037037037037037,23.46,5.070422535211268,0.0,0.66
59,143.35,15,55,0.294,0.008,3,1,1.1,0.411,2.97,3.12,5.94,4.2,0,1.2542372881355932,2150.25,26.19047619047619,0.00345821325648415,1.2348
41,52.37,21,24,0.073,0.0248,1,1,2.9,0.723,5.0,5.47,9.25,3.2,0,1.5121951219512195,1099.77,6.153846153846154,0.002419512195121951,0.2336
2,197.64,2,140,0.235,0.0616,1,1,6.6,0.913,4.47,2.27,8.6,3.5,1,2.0,395.28,18.42105263157895,0.006416666666666667,0.8225
23,46.7,1,10,0.415,0.0208,0,0,4.0,0.337,4.03,5.87,8.96,5.6,0,1.0434782608695652,46.7,2.0,0.0,2.324
18,42.87,5,37,0.304,0.072,3,0,3.6,0.197,2.6,4.52,5.36,4.9,0,1.2777777777777777,214.35,8.043478260869566,0.03396226415094339,1.4896
40,184.81,11,12,0.191,0.2464,1,0,3.4,0.68,4.35,5.9,7.86,3.2,0,1.275,2032.91,2.727272727272727,0.02781038374717833,0.6112000000000001
19,34.44,1,31,0.02,0.0128,0,0,0.6,0.455,3.26,3.68,8.22,2.9,0,1.0526315789473684,34.44,19.375,0.0,0.057999999999999996
22,77.45,12,23,0.098,0.1496,0,1,1.4,0.425,3.71,4.72,8.21,3.2,0,1.5454545454545454,929.4000000000001,9.583333333333334,0.0,0.31360000000000005
56,39.25,1,19,0.537,0.0424,0,1,2.4,0.364,2.8,4.88,7.66,6.5,0,1.0178571428571428,39.25,5.588235294117648,0.0,3.4905000000000004
47,74.35,1,27,0.317,0.0264,1,0,5.4,0.25,4.15,5.48,8.4,4.8,0,1.0212765957446808,74.35,4.21875,0.002808510638297872,1.5216
5,63.41,1,1,0.264,0.096,3,0,2.3,0.581,3.02,5.75,5.7,4.5,0,1.2,63.41,0.30303030303030304,0.042985074626865676,1.1880000000000002
23,104.73,1,1,0.539,0.04,0,0,7.2,0.733,3.62,7.38,8.49,6.1,0,1.0434782608695652,104.73,0.12195121951219513,0.0,3.2879
44,42.18,12,2,0.229,0.2584,0,0,3.8,0.549,4.03,6.57,8.17,4.3,0,1.2727272727272727,506.15999999999997,0.4166666666666667,0.0,0.9847
31,105.28,1,26,0.356,0.0848,0,0,4.3,0.61,4.55,5.17,9.27,4.9,0,1.032258064516129,105.28,4.90566037735849,0.0,1.7444
15,66.46,1,21,0.223,0.3584,2,0,2.4,0.715,3.46,4.78,5.93,4.2,0,1.0666666666666667,66.46,6.176470588235294,0.10343434343434343,0.9366000000000001
28,42.86,1,2,0.114,0.1528,0,0,0.0,0.856,5.0,4.93,9.49,3.5,0,1.0357142857142858,42.86,2.0,0.0,0.399
25,70.96,7,30,0.147,0.0912,2,0,2.4,0.805,3.0,4.53,6.36,3.6,0,1.28,496.71999999999997,8.823529411764707,0.024782608695652172,0.5292
30,36.25,1,8,0.033,0.0824,1,0,1.9,0.657,4.41,5.27,8.47,3.0,0,1.0333333333333334,36.25,2.7586206896551726,0.008701161562829988,0.099
48,81.37,1,15,0.097,0.1672,2,0,2.2,0.676,3.0,5.02,6.11,3.2,0,1.0208333333333333,81.37,4.6875,0.0470323488045007,0.3104
5,110.63,2,75,0.256,0.0064,1,0,5.6,0.29,2.59,3.18,6.9,4.1,1,1.4,221.26,11.363636363636365,0.0008101265822784811,1.0495999999999999
12,69.3,4,4,0.575,0.1104,1,0,3.8,0.453,3.82,6.2,7.79,6.6,0,1.3333333333333333,277.2,0.8333333333333334,0.01255972696245734,3.7949999999999995
43,39.83,1,10,0.323,0.0552,2,0,1.2,0.495,4.06,4.93,7.54,5.0,0,1.0232558139534884,39.83,4.545454545454545,0.012927400468384077,1.615
47,58.87,12,39,0.288,0.1208,1,0,1.1,0.405,4.19,3.82,8.12,4.7,1,1.2553191489361701,706.4399999999999,18.57142857142857,0.01324561403508772,1.3536
26,94.74,7,29,0.401,0.0112,0,0,2.8,0.333,5.0,4.72,9.96,5.2,0,1.2692307692307692,663.18,7.631578947368421,0.0,2.0852000000000004
55,98.65,14,104,0.191,0.2464,2,0,0.0,0.987,3.39,1.0,6.24,3.7,1,1.2545454545454544,1381.1000000000001,104.0,0.06806629834254144,0.7067
40,38.8,21,0,0.457,0.0592,2,0,5.0,0.631,4.36,7.37,7.83,6.0,0,1.525,814.8,0.0,0.013408833522083805,2.742
43,122.15,11,23,0.348,0.0608,0,0,4.2,0.846,2.96,5.62,7.76,4.7,0,1.255813953488372,1343.65,4.423076923076923,0.0,1.6356
26,155.57,7,15,0.429,0.2112,2,0,0.4,0.782,3.9,4.62,6.86,5.1,0,1.2692307692307692,1088.99,10.714285714285715,0.053740458015267174,2.1879
36,35.32,1,11,0.042,0.1032,1,0,6.1,0.463,4.64,6.52,8.63,3.1,0,1.0277777777777777,35.32,1.5492957746478875,0.01071651090342679,0.1302
8,21.61,7,56,0.152,0.0336,0,0,3.4,0.742,2.92,3.57,7.81,3.9,1,1.875,151.26999999999998,12.727272727272727,0.0,0.5928
24,26.0,7,24,0.531,0.004,0,0,0.0,0.678,3.97,4.03,8.96,6.6,0,1.2916666666666667,182.0,24.0,0.0,3.5046
17,47.93,5,90,0.468,0.1624,1,0,4.8,0.598,4.56,2.27,8.35,6.0,1,1.2941176470588236,239.65,15.517241379310345,0.01736898395721925,2.8080000000000003
55,179.06,28,10,0.132,0.0664,0,1,0.0,0.508,4.66,5.43,9.44,2.8,0,1.509090909090909,5013.68,10.0,0.0,0.3696
54,57.13,1,24,0.25,0.0776,0,0,1.3,0.282,3.81,4.27,8.55,4.4,0,1.0185185185185186,57.13,10.434782608695652,0.0,1.1
57,22.53,15,122,0.577,0.0928,1,0,3.3,0.745,4.67,1.6,8.69,6.9,1,1.263157894736842,337.95000000000005,28.372093023255815,0.00957688338493292,3.9813
42,60.55,1,6,0.249,0.0296,0,0,6.1,0.457,5.0,6.77,9.9,4.4,0,1.0238095238095237,60.55,0.8450704225352114,0.0,1.0956000000000001
40,45.98,11,23,0.148,0.024,3,0,2.8,0.738,2.79,5.15,5.71,3.8,0,1.275,505.78,6.052631578947369,0.010730253353204175,0.5623999999999999
36,168.85,10,104,0.432,0.0368,1,0,2.9,0.788,3.11,1.3,7.32,5.0,1,1.2777777777777777,1688.5,26.666666666666668,0.004423076923076923,2.16
50,301.73,26,7,0.239,0.168,2,0,1.7,0.437,3.08,6.08,6.19,2.9,0,1.52,7844.9800000000005,2.5925925925925926,0.046731571627260084,0.6930999999999999
35,35.41,1,16,0.061,0.0448,2,0,4.2,0.52,3.35,5.63,6.87,3.2,0,1.0285714285714285,35.41,3.0769230769230766,0.011385006353240152,0.1952
23,28.88,1,30,0.182,0.0504,2,0,7.0,0.974,4.97,5.87,8.47,4.1,0,1.0434782608695652,28.88,3.75,0.010644139387539598,0.7461999999999999
25,62.04,1,14,0.145,0.132,3,0,1.0,0.791,2.15,4.67,4.71,3.6,0,1.04,62.04,7.0,0.06935201401050789,0.522
12,114.77,1,69,0.363,0.0312,0,0,3.8,0.403,4.61,2.85,9.51,4.9,1,1.0833333333333333,114.77,14.375,0.0,1.7787000000000002
3,35.08,1,12,0.536,0.036,0,0,0.0,0.893,4.98,4.43,9.86,6.5,0,1.3333333333333333,35.08,12.0,0.0,3.484
39,15.25,10,22,0.184,0.0312,2,0,2.6,0.199,5.0,5.1,8.56,4.2,0,1.2564102564102564,152.5,6.111111111111111,0.006527196652719665,0.7728
10,37.89,3,17,0.163,0.0352,1,1,3.8,0.376,3.92,5.52,8.14,3.9,0,1.3,113.67,3.541666666666667,0.003851203501094092,0.6357
33,36.21,1,36,0.215,0.1016,2,0,2.4,0.384,3.65,4.03,6.98,4.3,0,1.0303030303030303,36.21,10.588235294117647,0.02546365914786967,0.9245
30,106.07,23,14,0.278,0.0832,3,0,1.9,0.538,2.71,5.7,5.43,4.3,0,1.7666666666666666,2439.6099999999997,4.827586206896552,0.038818040435458785,1.1954
28,50.95,8,13,0.299,0.0256,0,0,2.0,0.739,5.0,5.28,9.91,4.8,0,1.2857142857142856,407.6,4.333333333333333,0.0,1.4351999999999998
35,130.25,9,9,0.393,0.0768,3,0,2.7,0.568,3.79,5.75,6.53,5.0,0,1.2571428571428571,1172.25,2.4324324324324325,0.030597609561752986,1.965
18,36.29,14,8,0.121,0.0136,0,0,0.9,0.308,3.4,5.37,8.35,3.6,0,1.7777777777777777,508.06,4.2105263157894735,0.0,0.4356
54,99.48,28,57,0.274,0.0416,2,1,3.6,0.302,3.28,4.28,6.81,4.3,0,1.5185185185185186,2785.44,12.391304347826088,0.010653008962868117,1.1782000000000001
9,131.6,1,44,0.418,0.0128,1,0,2.6,0.78,2.53,3.7,6.82,5.1,0,1.1111111111111112,131.6,12.222222222222221,0.0016368286445012788,2.1317999999999997
13,53.39,1,31,0.299,0.0024,1,1,0.7,0.897,3.74,3.72,8.07,4.8,0,1.0769230769230769,53.39,18.235294117647058,0.0002646085997794928,1.4351999999999998
19,50.87,15,57,0.225,0.1208,1,0,5.6,0.87,4.22,4.52,8.15,4.3,0,1.7894736842105263,763.05,8.636363636363637,0.013202185792349727,0.9675
14,31.43,8,4,0.313,0.008,0,0,3.4,0.46,4.18,6.2,9.15,5.0,0,1.5714285714285714,251.44,0.9090909090909091,0.0,1.565
29,30.28,1,13,0.518,0.0152,1,0,1.4,0.347,2.83,4.85,7.11,6.4,0,1.0344827586206897,30.28,5.416666666666667,0.0018742293464858201,3.3152000000000004
32,60.01,17,5,0.226,0.0312,2,0,2.7,0.77,3.42,6.22,6.98,4.2,0,1.53125,1020.17,1.3513513513513513,0.00781954887218045,0.9492
56,315.35,15,2,0.423,0.0712,4,0,1.7,0.799,4.04,5.97,6.14,4.1,0,1.2678571428571428,4730.25,0.7407407407407407,0.03988795518207283,1.7342999999999997
47,87.82,12,10,0.169,0.028,0,0,2.1,0.858,3.51,5.6,8.42,3.7,0,1.2553191489361701,1053.84,3.225806451612903,0.0,0.6253000000000001
25,104.64,13,8,0.275,0.0128,1,1,4.6,0.827,4.56,6.57,8.85,4.3,0,1.52,1360.32,1.4285714285714286,0.0012994923857868022,1.1825
24,51.85,1,69,0.189,0.0496,0,0,3.2,0.814,3.52,2.65,8.35,4.0,1,1.0416666666666667,51.85,16.428571428571427,0.0,0.756
41,19.84,11,59,0.126,0.076,1,0,5.1,0.579,3.58,4.12,7.66,3.8,1,1.2682926829268293,218.24,9.672131147540984,0.008775981524249422,0.4788
41,54.7,1,15,0.051,0.0632,1,1,2.9,0.597,3.7,5.25,7.82,3.0,0,1.024390243902439,54.7,3.8461538461538463,0.007165532879818594,0.153
35,63.93,9,14,0.403,0.016,0,0,5.3,0.188,2.71,6.37,7.66,5.4,0,1.2571428571428571,575.37,2.2222222222222223,0.0,2.1762
25,35.92,7,55,0.327,0.148,0,0,2.7,0.586,4.39,3.38,8.9,5.1,1,1.28,251.44,14.864864864864865,0.0,1.6677
44,37.65,12,16,0.27,0.0496,0,1,4.4,0.314,4.12,6.07,8.95,4.7,0,1.2727272727272727,451.79999999999995,2.962962962962963,0.0,1.2690000000000001
17,26.29,9,6,0.148,0.0824,0,1,4.4,0.378,4.34,6.47,9.07,3.9,0,1.5294117647058822,236.60999999999999,1.111111111111111,0.0,0.5771999999999999
4,50.0,3,32,0.547,0.024,2,0,1.4,0.569,3.66,3.97,7.25,6.5,0,1.75,150.0,13.333333333333334,0.005818181818181819,3.5555000000000003
12,68.51,4,40,0.096,0.1904,0,0,4.1,0.68,4.32,4.5,8.69,3.3,0,1.3333333333333333,274.04,7.843137254901961,0.0,0.31679999999999997
42,77.01,1,1,0.305,0.032,2,0,1.7,0.463,3.54,5.55,7.1,4.7,0,1.0238095238095237,77.01,0.37037037037037035,0.007901234567901235,1.4335
33,70.04,1,41,0.294,0.0168,1,0,3.8,0.9,4.5,4.25,8.78,4.6,0,1.0303030303030303,70.04,8.541666666666668,0.0017177914110429449,1.3523999999999998
50,199.49,1,15,0.124,0.0664,1,0,2.7,0.566,4.91,5.18,9.02,2.7,0,1.02,199.49,4.0540540540540535,0.006626746506986028,0.33480000000000004
20,26.68,1,32,0.2,0.044,0,0,1.6,0.786,5.0,3.97,9.85,4.2,0,1.05,26.68,12.307692307692307,0.0,0.8400000000000001
58,35.56,15,14,0.4,0.0488,2,0,2.6,0.538,3.89,5.67,7.39,5.6,0,1.2586206896551724,533.4000000000001,3.888888888888889,0.01163289630512515,2.2399999999999998
32,152.86,1,1,0.47,0.0296,0,0,2.5,0.309,4.18,5.82,9.08,5.4,0,1.03125,152.86,0.2857142857142857,0.0,2.538
8,104.39,3,2,0.34,0.0288,0,0,1.6,0.546,4.98,5.53,9.88,4.8,0,1.375,313.17,0.7692307692307692,0.0,1.6320000000000001
26,157.27,1,48,0.091,0.0048,0,0,1.3,0.402,4.65,3.07,9.63,2.7,0,1.0384615384615385,157.27,20.869565217391305,0.0,0.2457
59,79.93,15,4,0.146,0.2,1,0,0.3,0.402,3.27,5.4,6.94,3.5,0,1.2542372881355932,1198.95,3.0769230769230766,0.02518891687657431,0.511
22,81.25,1,112,0.432,0.0008,1,0,3.0,0.438,4.71,1.03,9.04,5.5,1,1.0454545454545454,81.25,28.0,7.968127490039842e-05,2.376
43,48.26,44,3,0.256,0.0208,1,0,5.0,0.388,2.97,7.98,7.23,4.5,0,2.0232558139534884,2123.44,0.5,0.0025273390036452004,1.1520000000000001
36,60.99,1,39,0.128,0.1744,1,0,0.0,0.741,3.47,3.08,7.22,3.5,0,1.0277777777777777,60.99,39.0,0.021216545012165453,0.448
52,88.74,14,70,0.345,0.0088,0,1,2.9,0.603,2.88,2.93,7.85,4.9,1,1.2692307692307692,1242.36,17.94871794871795,0.0,1.6905
22,72.92,12,76,0.576,0.0544,0,1,3.7,0.295,4.25,2.83,9.07,6.6,0,1.5454545454545454,875.04,16.170212765957448,0.0,3.8015999999999996
1,178.84,1,23,0.58,0.0048,0,1,2.8,0.751,3.16,4.82,8.14,6.0,0,2.0,178.84,6.052631578947369,0.0,3.4799999999999995
21,341.79,1,40,0.29,0.012,0,0,3.1,0.521,5.0,4.07,9.96,3.0,0,1.0476190476190477,341.79,9.756097560975611,0.0,0.8699999999999999
52,54.66,27,73,0.319,0.0032,0,0,3.0,0.891,3.47,3.25,8.46,4.9,1,1.5192307692307692,1475.82,18.25,0.0,1.5631000000000002
56,75.67,15,63,0.358,0.0088,0,1,1.8,0.092,3.52,2.95,8.49,5.1,0,1.2678571428571428,1135.05,22.5,0.0,1.8257999999999999
42,64.42,1,50,0.201,0.0544,0,0,1.7,0.782,4.3,3.1,9.12,4.0,0,1.0238095238095237,64.42,18.51851851851852,0.0,0.804
47,55.99,24,61,0.289,0.032,1,0,4.3,0.47,2.95,4.18,7.18,4.7,1,1.5106382978723403,1343.76,11.50943396226415,0.0039119804400978,1.3583
60,28.26,1,39,0.608,0.0016,1,0,3.3,0.954,4.82,4.18,9.15,7.1,0,1.0166666666666666,28.26,9.069767441860465,0.00015763546798029557,4.3168
25,109.11,1,10,0.448,0.0128,0,1,3.0,0.213,5.0,5.53,9.96,5.5,0,1.04,109.11,2.5,0.0,2.464
58,95.78,15,105,0.171,0.144,2,0,1.5,0.198,3.82,1.0,7.01,3.6,1,1.2586206896551724,1436.7,42.0,0.03595505617977528,0.6156
2,61.17,2,8,0.148,0.0392,0,1,5.9,0.947,4.06,6.63,8.93,3.7,0,2.0,122.34,1.1594202898550725,0.0,0.5476
34,94.65,9,18,0.271,0.0504,0,0,2.8,0.665,3.37,5.33,8.2,4.3,0,1.2647058823529411,851.85,4.736842105263158,0.0,1.1653
60,111.92,1,22,0.202,0.1472,1,0,3.0,0.729,4.11,4.93,7.95,3.7,0,1.0166666666666666,111.92,5.5,0.016446927374301677,0.7474000000000001
40,91.68,1,5,0.265,0.044,0,0,1.4,0.706,4.62,5.25,9.47,4.3,0,1.025,91.68,2.0833333333333335,0.0,1.1395
38,61.0,20,4,0.045,0.0504,1,0,5.0,0.519,4.78,7.13,8.95,2.9,0,1.526315789473684,1220.0,0.6666666666666666,0.00506532663316583,0.1305
28,70.38,1,7,0.282,0.0848,4,0,6.0,0.663,3.92,6.68,5.97,4.6,0,1.0357142857142858,70.38,1.0,0.04866571018651363,1.2971999999999997
24,73.81,1,9,0.343,0.0224,0,0,2.6,0.504,5.0,5.45,9.93,5.0,0,1.0416666666666667,73.81,2.5,0.0,1.715
47,175.61,24,1,0.145,0.2064,0,0,2.3,0.727,5.0,6.52,9.31,3.0,0,1.5106382978723403,4214.64,0.30303030303030304,0.0,0.43499999999999994
33,187.19,25,9,0.582,0.0056,1,1,1.7,0.897,3.43,5.95,7.74,6.0,0,1.7575757575757576,4679.75,3.333333333333333,0.0006407322654462242,3.492
3,57.2,1,63,0.185,0.0216,1,0,0.0,0.841,4.17,1.88,8.43,4.0,1,1.3333333333333333,57.2,63.0,0.002290562036055143,0.74
30,24.03,1,1,0.217,0.0,2,0,2.1,0.556,3.03,5.68,6.7,4.4,0,1.0333333333333334,24.03,0.3225806451612903,0.0,0.9548000000000001
7,143.09,4,37,0.098,0.0128,1,0,0.7,0.599,3.58,3.52,7.87,2.8,0,1.5714285714285714,572.36,21.764705882352942,0.0014430665163472378,0.2744
39,278.09,1,72,0.131,0.1152,1,0,1.4,0.746,1.76,1.9,5.71,2.2,1,1.0256410256410255,278.09,30.0,0.017168405365126677,0.2882
53,69.69,1,96,0.469,0.0328,0,0,2.2,0.848,4.7,1.0,9.59,5.9,1,1.0188679245283019,69.69,30.0,0.0,2.7671
57,136.94,1,0,0.238,0.24,1,0,5.5,0.571,3.93,6.87,7.46,3.8,0,1.0175438596491229,136.94,0.0,0.02836879432624113,0.9043999999999999
45,47.1,1,10,0.446,0.0816,2,0,1.9,0.763,4.17,5.17,7.56,5.8,0,1.0222222222222221,47.1,3.4482758620689657,0.019065420560747667,2.5867999999999998
2,59.03,2,6,0.391,0.1888,0,0,5.7,0.846,4.66,6.67,9.03,5.4,0,2.0,118.06,0.8955223880597015,0.0,2.1114
49,55.61,1,40,0.145,0.0328,0,1,1.3,0.337,3.67,3.47,8.56,3.7,0,1.0204081632653061,55.61,17.39130434782609,0.0,0.5365
35,75.51,9,32,0.088,0.004,0,0,2.7,0.663,4.62,4.6,9.61,3.2,0,1.2571428571428571,679.59,8.648648648648647,0.0,0.2816
32,37.42,9,1,0.349,0.0392,1,1,4.5,0.729,4.16,6.75,8.36,5.2,0,1.28125,336.78000000000003,0.18181818181818182,0.004188034188034188,1.8148
23,168.32,6,73,0.221,0.0248,0,0,2.8,0.943,3.45,2.48,8.37,3.5,1,1.2608695652173914,1009.92,19.210526315789476,0.0,0.7735
24,92.36,13,20,0.179,0.0904,1,0,2.3,0.306,3.0,5.2,7.03,3.7,0,1.5416666666666665,1200.68,6.0606060606060606,0.01125778331257783,0.6623
24,95.55,13,1,0.523,0.0112,1,1,3.7,0.49,3.58,6.62,7.88,6.1,0,1.5416666666666665,1242.1499999999999,0.2127659574468085,0.0012612612612612614,3.1903
44,51.41,34,8,0.259,0.0096,1,0,3.2,0.589,4.02,6.8,8.32,4.5,0,1.7727272727272727,1747.9399999999998,1.9047619047619047,0.0010300429184549355,1.1655
18,20.97,5,6,0.093,0.012,1,0,4.3,0.623,4.1,6.3,8.39,3.5,0,1.2777777777777777,104.85,1.1320754716981132,0.0012779552715654952,0.3255
6,59.81,4,15,0.292,0.0032,0,0,6.6,0.973,2.21,6.58,7.2,4.7,0,1.6666666666666665,239.24,1.973684210526316,0.0,1.3724
37,115.8,10,11,0.143,0.0616,3,0,4.5,0.528,3.98,6.28,6.77,3.3,0,1.2702702702702702,1158.0,2.0,0.023783783783783787,0.47189999999999993
34,82.01,18,15,0.288,0.1032,1,0,3.7,0.482,4.28,6.08,8.27,4.5,0,1.5294117647058822,1476.18,3.1914893617021276,0.011132686084142395,1.2959999999999998
42,86.56,11,24,0.209,0.0024,0,1,2.5,0.892,4.52,5.0,9.51,3.9,0,1.2619047619047619,952.1600000000001,6.857142857142857,0.0,0.8150999999999999
49,59.12,37,18,0.119,0.0088,0,1,3.2,0.885,3.69,6.4,8.66,3.5,0,1.7551020408163265,2187.44,4.285714285714286,0.0,0.4165
36,45.6,1,15,0.393,0.0928,0,0,1.0,0.319,4.07,4.62,8.76,5.5,0,1.0277777777777777,45.6,7.5,0.0,2.1615
54,115.59,41,46,0.458,0.0344,1,1,6.3,0.339,3.36,6.17,7.58,5.5,0,1.7592592592592593,4739.1900000000005,6.301369863013699,0.004009324009324009,2.519
9,90.36,1,16,0.401,0.0088,1,0,4.8,0.982,4.27,5.83,8.57,5.3,0,1.1111111111111112,90.36,2.7586206896551726,0.0009195402298850575,2.1253
28,40.44,15,5,0.346,0.0016,0,0,5.4,0.939,3.68,7.05,8.67,5.2,0,1.5357142857142856,606.5999999999999,0.78125,0.0,1.7992
9,95.63,1,8,0.193,0.04,1,0,3.5,0.507,4.03,5.8,8.23,3.8,0,1.1111111111111112,95.63,1.7777777777777777,0.004333694474539545,0.7333999999999999
12,87.01,7,5,0.159,0.0088,0,0,1.7,0.691,4.27,5.55,9.24,3.6,0,1.5833333333333335,609.07,1.8518518518518516,0.0,0.5724
51,88.17,13,30,0.301,0.1968,3,0,0.0,0.896,3.16,3.93,5.5,4.6,0,1.2549019607843137,1146.21,30.0,0.09083076923076924,1.3845999999999998
60,85.24,16,21,0.375,0.0896,2,0,1.0,0.602,3.63,4.82,7.0,5.1,0,1.2666666666666666,1363.84,10.5,0.0224,1.9124999999999999
59,68.82,1,7,0.146,0.0976,2,0,1.7,0.707,2.46,5.25,5.8,3.6,0,1.0169491525423728,68.82,2.5925925925925926,0.02870588235294118,0.5256
9,26.75,5,4,0.285,0.0752,0,0,0.2,0.721,5.0,5.03,9.75,4.8,0,1.5555555555555556,133.75,3.3333333333333335,0.0,1.3679999999999999
44,105.12,12,7,0.125,0.0648,0,1,1.7,0.38,5.0,5.62,9.78,3.2,0,1.2727272727272727,1261.44,2.5925925925925926,0.0,0.4
38,97.9,10,36,0.157,0.1536,0,0,1.1,0.832,3.44,3.9,7.93,3.5,0,1.263157894736842,979.0,17.142857142857142,0.0,0.5495
59,58.62,1,30,0.256,0.096,3,0,1.9,0.744,3.18,4.17,5.86,4.4,0,1.0169491525423728,58.62,10.344827586206897,0.04198250728862974,1.1264
56,42.27,43,81,0.246,0.0464,1,1,5.0,0.624,3.17,4.05,7.35,4.5,0,1.7678571428571428,1817.6100000000001,13.5,0.0055568862275449105,1.107
24,49.98,13,3,0.205,0.016,2,0,0.0,0.688,3.56,5.28,7.17,4.1,0,1.5416666666666665,649.74,3.0,0.003916768665850673,0.8404999999999999
48,114.21,25,18,0.259,0.0016,0,1,6.0,0.491,4.1,6.93,9.09,4.1,0,1.5208333333333335,2855.25,2.5714285714285716,0.0,1.0618999999999998
35,72.38,9,5,0.602,0.12,0,0,4.3,0.712,5.0,6.48,9.6,6.8,0,1.2571428571428571,651.42,0.9433962264150944,0.0,4.0935999999999995
19,44.51,10,85,0.196,0.0576,0,1,2.2,0.597,4.43,1.82,9.24,4.1,1,1.526315789473684,445.09999999999997,26.5625,0.0,0.8036
31,55.44,16,32,0.268,0.1416,1,0,1.8,0.526,3.37,4.53,7.23,4.5,0,1.5161290322580645,887.04,11.428571428571429,0.017205346294046173,1.206
41,171.21,11,92,0.156,0.0552,1,0,0.0,0.838,2.2,1.0,6.35,3.1,1,1.2682926829268293,1883.3100000000002,92.0,0.007510204081632653,0.48360000000000003
58,20.66,1,46,0.182,0.0,0,0,5.2,0.778,5.0,4.47,10.0,4.2,0,1.0172413793103448,20.66,7.419354838709677,0.0,0.7644
19,28.69,1,64,0.434,0.0912,0,0,5.7,0.144,3.67,3.73,8.37,5.9,1,1.0526315789473684,28.69,9.552238805970148,0.0,2.5606
4,102.22,1,134,0.376,0.0216,0,1,2.0,0.522,2.99,1.0,7.92,5.0,1,1.25,102.22,44.666666666666664,0.0,1.88
47,77.78,59,0,0.305,0.0168,0,1,3.9,0.827,3.4,7.97,8.34,4.7,0,2.25531914893617,4589.02,0.0,0.0,1.4335
55,13.54,42,68,0.439,0.0576,1,0,3.4,0.83,4.39,4.13,8.53,6.0,1,1.7636363636363637,568.68,15.454545454545453,0.006044071353620147,2.634
9,72.42,3,36,0.273,0.0632,0,0,2.4,0.845,4.22,4.1,9.01,4.5,0,1.3333333333333333,217.26,10.588235294117647,0.0,1.2285000000000001
60,127.5,31,49,0.058,0.1192,1,0,4.0,0.555,4.57,4.92,8.51,2.6,0,1.5166666666666666,3952.5,9.8,0.012534174553101999,0.15080000000000002
19,18.37,1,17,0.314,0.0432,2,0,2.3,0.4,3.7,4.95,7.22,5.1,0,1.0526315789473684,18.37,5.151515151515151,0.010510948905109492,1.6014
33,56.58,1,7,0.061,0.0192,1,0,4.6,0.47,3.23,6.22,7.5,3.1,0,1.0303030303030303,56.58,1.25,0.0022588235294117645,0.1891
18,81.32,5,18,0.481,0.0408,0,0,1.4,0.582,4.13,4.73,8.99,5.9,0,1.2777777777777777,406.59999999999997,7.5,0.0,2.8379
26,60.51,14,23,0.088,0.1096,2,0,4.2,0.907,4.54,5.72,7.84,3.3,0,1.5384615384615383,847.14,4.423076923076923,0.024796380090497738,0.2904
52,55.32,14,14,0.152,0.044,1,0,1.5,0.886,3.21,5.27,7.4,3.7,0,1.2692307692307692,774.48,5.6,0.005238095238095238,0.5624
39,83.73,20,75,0.398,0.052,0,0,2.5,0.531,5.0,2.75,9.83,5.3,1,1.5128205128205128,1674.6000000000001,21.428571428571427,0.0,2.1094
33,55.38,1,2,0.521,0.0552,0,0,3.0,0.373,2.92,5.93,7.74,6.3,0,1.0303030303030303,55.38,0.5,0.0,3.2823
14,77.45,8,103,0.165,0.0896,0,0,2.3,0.591,4.87,1.03,9.57,3.7,1,1.5714285714285714,619.6,31.212121212121215,0.0,0.6105
52,61.19,14,11,0.387,0.0168,1,0,2.9,0.553,3.31,5.88,7.59,5.3,0,1.2692307692307692,856.66,2.8205128205128207,0.001955762514551804,2.0511
34,251.41,1,9,0.323,0.152,0,0,0.8,0.534,4.54,4.85,9.03,3.8,0,1.0294117647058822,251.41,5.0,0.0,1.2274
23,43.93,1,63,0.271,0.0352,1,0,4.4,0.854,3.54,3.35,7.76,4.6,1,1.0434782608695652,43.93,11.666666666666666,0.004018264840182649,1.2466
32,28.18,1,75,0.346,0.1152,0,0,3.9,0.476,5.0,2.58,9.62,5.3,1,1.03125,28.18,15.306122448979592,0.0,1.8337999999999999
7,135.94,1,25,0.328,0.0496,0,0,0.1,0.55,3.63,3.82,8.46,4.5,0,1.1428571428571428,135.94,22.727272727272727,0.0,1.476
39,30.61,10,10,0.214,0.056,1,0,4.1,0.579,3.88,6.2,8.03,4.3,0,1.2564102564102564,306.1,1.9607843137254903,0.0062015503875969,0.9201999999999999
12,67.84,1,20,0.207,0.048,0,0,1.8,0.792,4.68,4.63,9.52,4.0,0,1.0833333333333333,67.84,7.142857142857143,0.0,0.828
6,65.56,2,20,0.104,0.0944,0,0,1.9,0.214,3.24,4.7,7.93,3.3,0,1.3333333333333333,131.12,6.8965517241379315,0.0,0.34319999999999995
5,75.67,4,3,0.272,0.0064,0,0,4.1,0.795,4.52,6.35,9.5,4.4,0,1.8,302.68,0.5882352941176471,0.0,1.1968
3,98.36,1,10,0.147,0.008,0,0,6.5,0.611,4.49,6.7,9.46,3.4,0,1.3333333333333333,98.36,1.3333333333333333,0.0,0.49979999999999997
8,75.76,7,27,0.205,0.016,1,0,3.5,0.394,3.18,5.05,7.46,4.0,0,1.875,530.32,6.0,0.0018912529550827422,0.82
39,110.48,1,81,0.38,0.0496,1,1,8.1,0.888,2.92,3.68,7.09,5.0,1,1.0256410256410255,110.48,8.901098901098901,0.006131025957972806,1.9
2,52.68,1,2,0.159,0.0032,0,0,6.0,0.455,3.12,6.93,8.11,3.8,0,1.5,52.68,0.2857142857142857,0.0,0.6042
37,101.11,1,29,0.262,0.1624,1,0,0.0,0.494,3.21,3.58,7.0,4.2,0,1.027027027027027,101.11,29.0,0.0203,1.1004
18,103.3,1,4,0.583,0.0056,2,0,0.0,0.449,3.6,4.83,7.25,6.5,0,1.0555555555555556,103.3,4.0,0.0013575757575757575,3.7895
51,62.68,1,10,0.182,0.004,0,0,5.1,0.581,2.99,6.23,7.98,3.9,0,1.0196078431372548,62.68,1.639344262295082,0.0,0.7098
7,62.19,2,1,0.27,0.0656,0,0,4.9,0.902,4.7,6.65,9.48,4.5,0,1.2857142857142856,124.38,0.1694915254237288,0.0,1.215
30,33.11,16,106,0.014,0.0672,1,0,4.3,0.641,3.04,1.97,7.15,2.9,1,1.5333333333333332,529.76,20.0,0.008245398773006134,0.0406
42,114.04,11,18,0.187,0.1456,0,0,2.4,0.615,5.0,5.27,9.51,3.6,0,1.2619047619047619,1254.44,5.294117647058823,0.0,0.6732
32,161.41,9,54,0.401,0.0368,2,0,5.6,0.787,3.88,4.47,7.42,4.8,0,1.28125,1452.69,8.181818181818182,0.008741092636579573,1.9248
2,64.24,2,18,0.31,0.0032,2,1,3.7,0.587,3.22,5.4,6.88,4.8,0,2.0,128.48,3.829787234042553,0.0008121827411167514,1.488
1,88.46,1,21,0.396,0.0304,0,0,1.9,0.827,3.22,4.62,8.12,5.2,0,2.0,88.46,7.241379310344827,0.0,2.0592
15,54.76,1,1,0.409,0.0368,0,0,4.4,0.897,5.0,6.45,9.88,5.5,0,1.0666666666666667,54.76,0.18518518518518517,0.0,2.2495
22,35.99,6,38,0.259,0.0976,0,0,2.5,0.565,3.54,4.13,8.21,4.6,0,1.2727272727272727,215.94,10.857142857142858,0.0,1.1914
53,89.01,1,76,0.302,0.0904,1,0,0.0,0.799,3.66,1.23,7.69,4.6,1,1.0188679245283019,89.01,76.0,0.010402761795166856,1.3891999999999998
39,122.64,1,34,0.081,0.0936,0,0,4.5,0.797,3.99,4.83,8.68,2.8,0,1.0256410256410255,122.64,6.181818181818182,0.0,0.2268
52,58.06,14,23,0.308,0.1192,1,1,3.2,0.656,3.13,5.38,7.07,4.8,0,1.2692307692307692,812.84,5.476190476190476,0.014770755885997522,1.4784
48,29.61,1,31,0.297,0.0704,2,0,4.1,0.642,2.84,4.85,6.27,4.9,0,1.0208333333333333,29.61,6.07843137254902,0.019367262723521322,1.4553
34,60.87,9,7,0.153,0.024,1,0,1.5,0.637,4.35,5.45,8.6,3.7,0,1.2647058823529411,547.8299999999999,2.8,0.0025,0.5661
27,38.81,7,7,0.195,0.1192,1,0,2.2,0.393,4.39,5.62,8.33,4.1,0,1.2592592592592593,271.67,2.1875,0.012775991425509111,0.7995
55,65.25,1,39,0.532,0.0736,2,0,4.1,0.41,3.46,4.45,6.88,6.3,0,1.018181818181818,65.25,7.647058823529412,0.018680203045685278,3.3516
50,80.28,13,62,0.097,0.06,1,0,4.1,0.679,2.48,3.7,6.61,3.2,1,1.26,1043.64,12.15686274509804,0.00788436268068331,0.3104
51,91.98,13,17,0.221,0.0416,0,1,4.3,0.76,5.0,6.02,9.86,4.0,0,1.2549019607843137,1195.74,3.207547169811321,0.0,0.884
21,33.39,1,2,0.186,0.1072,1,1,4.5,0.92,3.92,6.43,7.9,4.1,0,1.0476190476190477,33.39,0.36363636363636365,0.012044943820224719,0.7626
20,45.1,1,10,0.316,0.0216,1,0,2.3,0.413,4.71,5.3,8.97,4.9,0,1.05,45.1,3.0303030303030303,0.0021664994984954863,1.5484000000000002
58,33.73,1,85,0.483,0.152,0,1,0.0,0.724,5.0,1.0,9.49,6.2,1,1.0172413793103448,33.73,85.0,0.0,2.9946
60,82.27,16,2,0.447,0.1144,2,1,2.8,0.399,3.51,6.37,6.8,5.6,0,1.2666666666666666,1316.32,0.5263157894736842,0.029333333333333333,2.5032
4,58.64,2,82,0.232,0.068,1,0,3.1,0.935,3.12,2.0,7.23,4.3,1,1.5,117.28,20.0,0.008262454434993925,0.9976
59,58.39,45,6,0.238,0.0312,3,1,5.8,0.765,3.88,8.13,6.78,4.3,0,1.7627118644067796,2627.55,0.8823529411764706,0.01203084832904884,1.0233999999999999
18,115.5,1,23,0.539,0.0632,0,1,4.9,0.702,3.69,5.52,8.48,6.1,0,1.0555555555555556,115.5,3.8983050847457625,0.0,3.2879
57,121.15,1,21,0.452,0.032,0,0,2.6,0.565,3.0,4.85,7.89,5.4,0,1.0175438596491229,121.15,5.833333333333333,0.0,2.4408000000000003
34,62.51,1,42,0.517,0.136,1,0,3.4,0.77,3.97,4.07,7.85,6.2,1,1.0294117647058822,62.51,9.545454545454545,0.01536723163841808,3.2054
9,50.55,3,54,0.659,0.072,0,0,4.1,0.789,4.66,3.77,9.42,7.3,0,1.3333333333333333,151.64999999999998,10.588235294117649,0.0,4.8107
41,43.4,1,4,0.148,0.0384,0,0,2.0,0.69,4.88,5.5,9.75,3.8,0,1.024390243902439,43.4,1.3333333333333333,0.0,0.5623999999999999
37,47.6,10,1,0.107,0.0,1,0,4.3,0.919,5.0,6.72,9.33,3.5,0,1.2702702702702702,476.0,0.18867924528301888,0.0,0.3745
40,32.74,1,18,0.11,0.1232,1,0,0.0,0.857,3.7,4.13,7.62,3.6,0,1.025,32.74,18.0,0.014292343387470997,0.396
37,220.93,19,5,0.436,0.0272,1,0,6.3,0.55,3.57,7.48,7.81,4.7,0,1.5135135135135136,4197.67,0.684931506849315,0.003087400681044268,2.0492
41,143.89,31,36,0.248,0.02,1,1,1.1,0.738,5.0,4.6,9.27,3.9,0,1.7560975609756098,4460.589999999999,17.142857142857142,0.0019474196689386564,0.9672
38,63.6,1,14,0.271,0.004,1,0,2.7,0.539,2.51,5.23,6.83,4.5,0,1.0263157894736843,63.6,3.7837837837837838,0.0005108556832694764,1.2195
56,50.94,1,7,0.117,0.0208,0,1,3.9,0.455,3.14,5.98,8.07,3.5,0,1.0178571428571428,50.94,1.4285714285714284,0.0,0.40950000000000003
10,93.52,1,22,0.122,0.0024,0,0,5.5,0.802,4.77,5.77,9.76,3.3,0,1.1,93.52,3.3846153846153846,0.0,0.40259999999999996
39,99.85,10,23,0.201,0.0208,2,1,0.7,0.828,1.83,4.42,5.43,3.8,0,1.2564102564102564,998.5,13.529411764705882,0.0064696734059097975,0.7638
53,86.79,1,1,0.184,0.0872,1,0,2.6,0.31,3.38,5.85,7.42,3.8,0,1.0188679245283019,86.79,0.2777777777777778,0.010356294536817101,0.6991999999999999
47,117.25,12,23,0.058,0.1032,2,1,3.2,0.471,2.28,5.32,5.6,2.7,0,1.2553191489361701,1407.0,5.476190476190476,0.03127272727272727,0.15660000000000002
13,125.11,1,33,0.12,0.0544,0,0,4.9,0.483,4.94,5.02,9.76,3.1,0,1.0769230769230769,125.11,5.59322033898305,0.0,0.372
37,74.09,10,71,0.135,0.1672,2,0,3.1,0.613,5.0,2.82,8.11,3.5,1,1.2702702702702702,740.9000000000001,17.31707317073171,0.03670691547749726,0.47250000000000003
7,310.52,1,28,0.181,0.0567999999999999,3,0,2.6,0.558,3.17,4.5,5.98,2.4,0,1.1428571428571428,310.52,7.777777777777778,0.024412607449856686,0.43439999999999995
6,30.72,1,9,0.34,0.0928,1,0,3.5,0.533,2.8,5.75,6.82,5.2,0,1.1666666666666667,30.72,2.0,0.01186700767263427,1.7680000000000002
19,31.29,5,14,0.255,0.1552,0,0,2.4,0.794,4.53,5.27,9.01,4.6,0,1.263157894736842,156.45,4.11764705882353,0.0,1.1729999999999998
47,74.37,1,69,0.205,0.0576,0,0,2.9,0.444,4.38,2.55,9.19,4.0,1,1.0212765957446808,74.37,17.692307692307693,0.0,0.82
25,38.12,1,27,0.27,0.0224,0,0,7.2,0.235,2.22,6.08,7.15,4.7,0,1.04,38.12,3.2926829268292686,0.0,1.2690000000000001
10,87.28,6,7,0.073,0.0032,1,0,1.9,0.628,4.17,5.48,8.49,3.0,0,1.6,523.6800000000001,2.413793103448276,0.0003371970495258167,0.21899999999999997
22,48.91,1,18,0.09,0.284,1,0,0.1,0.54,5.0,4.17,8.39,3.3,0,1.0454545454545454,48.91,16.363636363636363,0.03024494142705005,0.297
39,73.74,40,10,0.183,0.1336,1,1,5.6,0.377,3.44,7.7,7.33,3.8,0,2.0256410256410255,2949.6,1.5151515151515151,0.016038415366146457,0.6953999999999999
27,26.81,1,41,0.095,0.0216,0,0,5.0,0.59,3.86,4.65,8.79,3.5,0,1.037037037037037,26.81,6.833333333333333,0.0,0.3325
23,42.73,1,29,0.134,0.0128,0,0,1.5,0.814,3.91,4.08,8.87,3.7,0,1.0434782608695652,42.73,11.6,0.0,0.4958000000000001
18,67.29,5,25,0.603,0.1632,1,0,2.1,0.72,4.45,4.62,8.24,6.8,0,1.2777777777777777,336.45000000000005,8.064516129032258,0.017662337662337664,4.1004
50,48.9,26,9,0.044,0.0624,0,0,2.3,0.492,3.82,6.18,8.61,3.0,0,1.52,1271.3999999999999,2.7272727272727275,0.0,0.132
46,41.64,1,21,0.347,0.0576,1,0,3.5,0.867,4.22,5.15,8.36,5.2,0,1.0217391304347827,41.64,4.666666666666667,0.006153846153846154,1.8044
2,26.76,1,35,0.118,0.236,2,1,3.8,0.611,3.33,4.55,6.21,3.7,0,1.5,26.76,7.291666666666667,0.06546463245492372,0.4366
32,19.99,1,21,0.458,0.0104,0,0,5.8,0.55,4.13,5.92,9.1,6.1,0,1.03125,19.99,3.088235294117647,0.0,2.7938
10,152.55,6,48,0.183,0.0472,1,0,0.3,0.642,4.85,2.9,9.03,3.4,0,1.6,915.3000000000001,36.92307692307692,0.004705882352941177,0.6222
26,180.26,1,5,0.103,0.0328,0,0,0.0,0.524,4.33,4.78,9.22,2.6,0,1.0384615384615385,180.26,5.0,0.0,0.2678
55,94.6,1,18,0.332,0.0328,1,0,5.1,0.68,4.68,5.83,8.9,4.8,0,1.018181818181818,94.6,2.9508196721311477,0.0033131313131313134,1.5936000000000001
53,111.09,14,140,0.41,0.1135999999999999,0,0,4.3,0.855,4.9,1.9,9.52,5.2,1,1.2641509433962264,1555.26,26.41509433962264,0.0,2.132
59,37.24,30,20,0.253,0.1344,3,1,3.9,0.515,2.73,6.3,5.28,4.5,0,1.5084745762711864,1117.2,4.081632653061225,0.06420382165605096,1.1385
32,60.27,9,60,0.129,0.076,0,0,2.9,0.978,4.41,3.27,9.16,3.5,0,1.28125,542.4300000000001,15.384615384615385,0.0,0.4515
31,108.03,1,9,0.316,0.1368,1,1,0.0,0.245,4.35,4.58,8.23,4.6,0,1.032258064516129,108.03,9.0,0.014821235102925243,1.4536
10,56.9,6,10,0.203,0.0992,1,0,0.0,0.924,4.39,4.7,8.39,4.1,0,1.6,341.4,10.0,0.010564430244941426,0.8323
50,35.1,1,5,0.054,0.0416,0,1,4.6,0.516,4.09,6.32,8.95,3.2,0,1.02,35.1,0.8928571428571429,0.0,0.1728
33,61.43,25,22,0.399,0.0496,2,0,3.4,0.881,4.05,5.87,7.55,5.4,0,1.7575757575757576,1535.75,5.0,0.011602339181286548,2.1546000000000003
36,60.77,19,17,0.264,0.0272,0,1,0.9,0.405,4.7,5.08,9.61,4.5,0,1.5277777777777777,1154.63,8.947368421052632,0.0,1.1880000000000002
50,25.69,13,39,0.226,0.0832,1,0,3.7,0.77,3.76,4.72,7.82,4.4,0,1.26,333.97,8.297872340425531,0.009433106575963718,0.9944000000000001
11,79.26,1,24,0.181,0.0696,2,0,6.5,0.748,4.25,6.0,7.68,3.8,0,1.0909090909090908,79.26,3.2,0.016036866359447004,0.6878
33,45.3,9,2,0.56,0.056,0,0,1.9,0.373,4.74,5.83,9.55,6.6,0,1.2727272727272727,407.7,0.6896551724137931,0.0,3.696
58,53.11,15,13,0.131,0.0056,0,0,2.6,0.215,4.98,5.72,9.96,3.6,0,1.2586206896551724,796.65,3.611111111111111,0.0,0.4716
28,194.62,8,68,0.357,0.0552,0,0,4.9,0.806,3.59,3.5,8.41,4.3,1,1.2857142857142856,1556.96,11.525423728813559,0.0,1.5351
14,155.93,1,26,0.213,0.0864,0,0,4.4,0.396,4.05,5.2,8.76,3.6,0,1.0714285714285714,155.93,4.814814814814815,0.0,0.7668
20,54.31,1,89,0.09,0.1296,0,0,0.4,0.444,3.85,1.0,8.42,3.3,1,1.05,54.31,63.57142857142858,0.0,0.297
40,74.7,11,2,0.297,0.0567999999999999,1,0,3.6,0.578,4.37,6.47,8.51,4.6,0,1.275,821.7,0.4347826086956522,0.005972660357518391,1.3661999999999999
12,107.12,7,28,0.285,0.0344,1,0,1.7,0.251,4.86,4.4,9.08,4.4,0,1.5833333333333335,749.84,10.37037037037037,0.003412698412698413,1.254
33,79.1,1,23,0.341,0.064,1,0,4.0,0.754,3.18,5.22,7.3,4.9,0,1.0303030303030303,79.1,4.6,0.0077108433734939755,1.6709000000000003
7,206.04,2,14,0.13,0.1128,2,0,3.4,0.774,3.37,5.5,6.66,2.7,0,1.2857142857142856,412.08,3.1818181818181817,0.029451697127937337,0.35100000000000003
22,27.11,6,5,0.167,0.004,0,1,2.2,0.764,4.17,5.68,9.16,4.0,0,1.2727272727272727,162.66,1.5625,0.0,0.668
16,91.1,5,17,0.093,0.0848,1,0,6.6,0.702,3.79,6.52,7.84,3.1,0,1.3125,455.5,2.236842105263158,0.009592760180995476,0.2883
17,77.63,9,9,0.088,0.024,0,0,0.2,0.916,4.1,4.92,9.02,3.2,0,1.5294117647058822,698.67,7.5,0.0,0.2816
31,35.2,16,45,0.397,0.0024,0,1,1.2,0.472,4.77,3.68,9.76,5.6,0,1.5161290322580645,563.2,20.454545454545453,0.0,2.2232
3,80.29,1,9,0.122,0.136,0,0,0.0,0.676,4.7,4.58,9.25,3.4,0,1.3333333333333333,80.29,9.0,0.0,0.4148
57,43.41,29,20,0.319,0.0904,1,1,3.8,0.205,3.87,6.23,7.9,5.0,0,1.5087719298245614,1258.8899999999999,4.166666666666667,0.010157303370786516,1.595
23,22.46,6,11,0.605,0.0432,1,0,5.0,0.945,3.47,6.32,7.66,7.1,0,1.2608695652173914,134.76,1.8333333333333333,0.004988452655889146,4.2955
3,102.03,1,13,0.109,0.0048,0,0,3.5,0.494,3.29,5.55,8.27,3.2,0,1.3333333333333333,102.03,2.888888888888889,0.0,0.3488
60,160.27,1,41,0.393,0.0408,0,0,7.3,0.435,5.0,5.42,9.86,4.8,0,1.0166666666666666,160.27,4.939759036144578,0.0,1.8864
37,37.73,1,1,0.394,0.0512,0,1,1.7,0.456,4.41,5.55,9.24,5.5,0,1.027027027027027,37.73,0.37037037037037035,0.0,2.1670000000000003
60,79.5,16,11,0.32,0.0048,1,0,3.6,0.566,3.47,6.18,7.79,4.8,0,1.2666666666666666,1272.0,2.3913043478260874,0.0005460750853242321,1.536
9,34.03,7,38,0.322,0.0064,0,0,4.6,0.456,3.9,4.87,8.88,5.0,0,1.7777777777777777,238.21,6.7857142857142865,0.0,1.61
47,33.13,1,106,0.228,0.012,0,0,0.3,0.541,3.4,1.0,8.36,4.4,1,1.0212765957446808,33.13,81.53846153846153,0.0,1.0032
26,119.74,14,92,0.279,0.0528,1,0,6.4,0.601,3.29,3.0,7.45,4.2,1,1.5384615384615383,1676.36,12.432432432432432,0.0062485207100591725,1.1718000000000002
25,61.18,7,10,0.05,0.0664,0,0,4.2,0.673,5.0,6.13,9.78,3.0,0,1.28,428.26,1.923076923076923,0.0,0.15000000000000002
19,166.72,5,29,0.266,0.0248,2,0,5.8,0.475,4.13,5.65,7.71,3.9,0,1.263157894736842,833.6,4.264705882352941,0.005694603903559126,1.0374
37,81.89,1,112,0.349,0.0592,0,0,1.9,0.345,4.89,1.0,9.69,5.0,1,1.027027027027027,81.89,38.62068965517241,0.0,1.7449999999999999
38,65.01,1,14,0.355,0.0856,0,0,3.2,0.639,4.16,5.4,8.87,5.1,0,1.0263157894736843,65.01,3.333333333333333,0.0,1.8104999999999998
49,69.2,13,30,0.208,0.0528,1,0,3.6,0.739,4.33,5.13,8.49,4.0,0,1.2653061224489797,899.6,6.521739130434783,0.005563751317175974,0.832
7,273.88,1,15,0.498,0.1,0,0,2.2,0.907,4.39,5.02,9.06,4.8,0,1.1428571428571428,273.88,4.6875,0.0,2.3904
16,120.75,1,17,0.356,0.0312,0,0,1.9,0.53,2.98,4.82,7.88,4.8,0,1.0625,120.75,5.862068965517242,0.0,1.7087999999999999
48,54.02,37,26,0.355,0.1808,0,1,1.7,0.726,3.54,5.5,7.94,5.2,0,1.7708333333333335,1998.74,9.62962962962963,0.0,1.8459999999999999
57,60.4,43,14,0.449,0.0968,1,1,0.5,0.242,3.57,5.9,7.58,5.8,0,1.7543859649122808,2597.2,9.333333333333334,0.011282051282051281,2.6042
54,43.59,14,10,0.16,0.1304,2,0,4.1,0.559,4.12,6.33,7.35,3.9,0,1.2592592592592593,610.26,1.9607843137254903,0.031233532934131735,0.624
6,49.89,1,1,0.247,0.2016,2,0,3.2,0.385,2.58,6.05,5.57,4.4,0,1.1666666666666667,49.89,0.23809523809523808,0.06136986301369863,1.0868
40,142.6,1,51,0.255,0.0008,3,0,4.3,0.094,3.24,3.92,6.24,3.9,1,1.025,142.6,9.622641509433963,0.00033149171270718233,0.9944999999999999
18,81.57,1,47,0.083,0.2056,0,0,0.0,0.681,3.69,2.68,8.0,3.1,1,1.0555555555555556,81.57,47.0,0.0,0.25730000000000003
60,33.89,1,52,0.371,0.0136,2,0,2.2,0.686,4.05,3.17,7.67,5.4,1,1.0166666666666666,33.89,16.25,0.003137254901960784,2.0034
27,60.79,1,38,0.153,0.0696,1,0,3.5,0.317,5.0,4.3,9.1,3.7,0,1.037037037037037,60.79,8.444444444444445,0.006891089108910891,0.5661
27,136.93,7,63,0.3,0.0424,3,1,1.2,0.626,3.5,2.48,6.36,4.3,1,1.2592592592592593,958.51,28.636363636363633,0.017282608695652173,1.2899999999999998
11,106.51,3,30,0.42,0.0224,0,0,0.0,0.538,4.4,3.6,9.33,5.3,0,1.2727272727272727,319.53000000000003,30.0,0.0,2.226
44,116.31,12,3,0.508,0.0184,0,0,2.4,0.473,3.09,6.05,8.03,5.9,0,1.2727272727272727,1395.72,0.8823529411764706,0.0,2.9972000000000003
17,58.94,1,9,0.137,0.088,2,0,6.0,0.581,4.46,6.58,7.83,3.6,0,1.0588235294117647,58.94,1.2857142857142858,0.019932049830124574,0.4932
5,91.56,2,34,0.223,0.1168,1,0,1.9,0.723,3.49,4.0,7.43,4.0,0,1.4,183.12,11.724137931034484,0.013855278766310795,0.892
40,134.35,21,19,0.347,0.0008,0,0,1.4,0.778,3.82,5.22,8.82,4.6,0,1.525,2821.35,7.916666666666667,0.0,1.5961999999999998
53,53.31,1,33,0.287,0.0416,1,0,2.7,0.719,3.45,4.28,7.64,4.7,0,1.0188679245283019,53.31,8.91891891891892,0.004814814814814814,1.3489
47,65.96,12,14,0.556,0.1272,0,1,1.0,0.425,3.18,5.03,7.76,6.5,0,1.2553191489361701,791.52,7.0,0.0,3.6140000000000003
39,203.18,10,6,0.295,0.036,1,0,4.1,0.806,4.47,6.4,8.68,3.8,0,1.2564102564102564,2031.8000000000002,1.1764705882352942,0.00371900826446281,1.121
54,33.98,28,11,0.413,0.1536,1,1,3.3,0.77,4.56,6.48,8.38,5.7,0,1.5185185185185186,951.4399999999999,2.558139534883721,0.016375266524520253,2.3541
32,547.93,9,18,0.301,0.0024,0,0,1.5,0.788,4.19,4.9,9.18,2.1,0,1.28125,4931.37,7.2,0.0,0.6321
31,49.99,8,34,0.338,0.0688,1,0,3.8,0.624,2.69,4.83,6.79,5.1,0,1.2580645161290323,399.92,7.083333333333334,0.00883183568677792,1.7238
30,33.43,16,7,0.276,0.1048,0,0,5.7,0.91,5.0,7.08,9.65,4.7,0,1.5333333333333332,534.88,1.044776119402985,0.0,1.2972000000000001
18,181.42,1,44,0.135,0.0064,1,0,2.1,0.513,3.29,3.53,7.6,2.9,0,1.0555555555555556,181.42,14.193548387096774,0.000744186046511628,0.3915
38,41.2,20,33,0.227,0.008,1,0,5.4,0.414,3.1,5.82,7.41,4.3,0,1.526315789473684,824.0,5.15625,0.0009512485136741974,0.9761
3,90.82,1,22,0.226,0.0944,0,1,3.5,0.827,5.0,5.1,9.69,4.0,0,1.3333333333333333,90.82,4.888888888888889,0.0,0.904
49,117.02,13,76,0.182,0.0208,1,0,4.9,0.615,4.45,3.27,8.71,3.6,0,1.2653061224489797,1521.26,12.88135593220339,0.0021421215242018537,0.6552
50,95.34,26,22,0.192,0.1248,2,0,3.9,0.83,4.54,6.07,7.79,3.8,0,1.52,2478.84,4.489795918367347,0.02839590443686007,0.7296
8,124.11,1,35,0.19,0.176,1,0,0.9,0.685,2.28,3.58,6.03,3.6,1,1.125,124.11,18.42105263157895,0.025035561877667138,0.684
55,59.23,14,38,0.447,0.0152,0,0,0.0,0.495,2.69,3.57,7.64,5.8,0,1.2545454545454544,829.2199999999999,38.0,0.0,2.5926
30,94.96,16,6,0.52,0.044,0,0,0.7,0.943,5.0,5.47,9.85,6.1,0,1.5333333333333332,1519.36,3.5294117647058822,0.0,3.1719999999999997
20,63.03,6,50,0.281,0.0168,0,0,1.6,0.58,3.04,3.23,7.98,4.6,0,1.3,378.18,19.23076923076923,0.0,1.2926
16,31.81,9,36,0.252,0.1104,1,1,6.1,0.369,5.0,5.53,8.97,4.6,0,1.5625,286.28999999999996,5.070422535211268,0.011073219658976929,1.1592
56,158.47,29,40,0.163,0.1,1,0,0.6,0.824,3.74,4.17,7.74,3.2,0,1.5178571428571428,4595.63,25.0,0.011441647597254004,0.5216000000000001
20,39.19,11,5,0.178,0.02,1,0,1.8,0.772,4.66,5.72,8.93,4.0,0,1.55,431.09,1.7857142857142858,0.002014098690835851,0.712
22,31.05,6,11,0.04,0.1384,1,0,5.3,0.658,3.76,6.42,7.63,3.1,0,1.2727272727272727,186.3,1.746031746031746,0.01603707995365006,0.12400000000000001
58,48.71,30,14,0.206,0.0008,0,1,3.6,0.578,4.41,6.5,9.41,4.1,0,1.5172413793103448,1461.3,3.0434782608695654,0.0,0.8445999999999999
10,31.37,1,31,0.182,0.1288,1,0,4.3,0.369,4.64,4.92,8.54,4.1,0,1.1,31.37,5.849056603773585,0.013501048218029351,0.7461999999999999
22,94.43,12,64,0.475,0.0232,0,0,0.0,0.45,4.59,2.2,9.51,5.8,1,1.5454545454545454,1133.16,64.0,0.0,2.755
60,20.81,1,35,0.315,0.1312,1,0,2.5,0.663,4.01,4.12,7.91,5.1,0,1.0166666666666666,20.81,10.0,0.014725028058361393,1.6064999999999998
38,54.17,10,8,0.476,0.0632,1,0,3.6,0.687,3.77,6.13,7.89,6.0,0,1.263157894736842,541.7,1.7391304347826089,0.007109111361079865,2.856
37,47.97,1,26,0.306,0.0184,1,0,6.4,0.687,4.16,5.87,8.43,4.9,0,1.027027027027027,47.97,3.513513513513513,0.001951219512195122,1.4994
21,145.25,6,32,0.381,0.0408,2,0,4.1,0.821,3.81,4.97,7.34,4.8,0,1.2857142857142856,871.5,6.274509803921569,0.009784172661870505,1.8288
8,39.5,3,14,0.468,0.0912,2,0,4.0,0.394,3.88,5.73,7.24,6.0,0,1.375,118.5,2.8,0.022135922330097087,2.8080000000000003
3,60.81,1,2,0.113,0.0176,0,0,1.9,0.258,4.61,5.57,9.55,3.4,0,1.3333333333333333,60.81,0.6896551724137931,0.0,0.3842
28,206.24,15,17,0.065,0.0272,2,0,3.8,0.093,4.06,5.92,7.64,2.2,0,1.5357142857142856,3093.6000000000004,3.541666666666667,0.0062962962962962955,0.14300000000000002
51,35.97,1,40,0.474,0.0544,2,0,1.1,0.75,3.41,3.4,6.9,6.1,1,1.0196078431372548,35.97,19.047619047619047,0.013772151898734175,2.8913999999999995
26,54.37,14,38,0.136,0.0768,1,0,4.6,0.672,4.25,5.1,8.33,3.6,0,1.5384615384615383,761.18,6.7857142857142865,0.008231511254019292,0.48960000000000004
43,78.04,33,46,0.26,0.0567999999999999,1,1,3.0,0.719,4.35,4.8,8.49,4.4,0,1.7674418604651163,2575.32,11.5,0.005985247629083235,1.1440000000000001
59,79.09,15,13,0.632,0.1256,0,0,5.7,0.632,3.38,6.75,7.96,6.9,0,1.2542372881355932,1186.3500000000001,1.9402985074626866,0.0,4.3608
5,80.12,3,2,0.238,0.1399999999999999,0,0,5.1,0.843,5.0,6.7,9.53,4.2,0,1.6,240.36,0.3278688524590164,0.0,0.9996
31,142.12,16,90,0.326,0.0088,2,0,3.0,0.291,3.93,2.03,7.57,4.4,1,1.5161290322580645,2273.92,22.5,0.0020536756126021006,1.4344000000000001
20,39.09,1,11,0.12,0.192,2,0,3.4,0.548,3.26,5.62,6.29,3.6,0,1.05,39.09,2.5,0.05267489711934156,0.432
48,97.18,13,19,0.136,0.2759999999999999,4,0,0.0,0.403,4.02,4.48,5.43,3.4,0,1.2708333333333333,1263.3400000000001,19.0,0.1716951788491446,0.46240000000000003
8,24.43,3,36,0.128,0.1088,0,0,6.1,0.674,4.69,5.33,9.33,3.7,0,1.375,73.28999999999999,5.070422535211268,0.0,0.4736
56,121.36,29,70,0.453,0.0552,1,0,2.9,0.441,4.62,3.43,8.77,5.4,0,1.5178571428571428,3519.44,17.94871794871795,0.005649948822927329,2.4462
22,66.67,12,0,0.057,0.0624,1,0,3.1,0.66,4.56,6.43,8.69,3.0,0,1.5454545454545454,800.04,0.0,0.0064396284829721364,0.171
57,79.21,1,22,0.282,0.1816,2,0,1.8,0.714,4.05,4.53,7.11,4.5,0,1.0175438596491229,79.21,7.857142857142858,0.0447842170160296,1.269
40,53.66,1,34,0.201,0.0544,0,1,0.8,0.716,3.95,3.6,8.77,4.1,0,1.025,53.66,18.88888888888889,0.0,0.8240999999999999
26,32.12,1,6,0.077,0.0864,1,0,0.0,0.864,4.03,4.73,8.08,3.3,0,1.0384615384615385,32.12,6.0,0.009515418502202643,0.2541
52,299.15,1,29,0.132,0.0032,0,0,2.2,0.774,3.13,4.32,8.12,2.1,0,1.0192307692307692,299.15,9.0625,0.0,0.2772
14,294.45,4,39,0.056,0.0096,0,0,5.9,0.841,2.85,5.15,7.82,1.6,0,1.2857142857142856,1177.8,5.652173913043478,0.0,0.08960000000000001
51,91.33,1,28,0.214,0.0672,1,0,4.7,0.562,3.24,5.2,7.35,4.0,0,1.0196078431372548,91.33,4.912280701754386,0.008047904191616766,0.856
13,49.43,7,18,0.38,0.1672,2,0,4.2,0.863,3.54,5.73,6.65,5.4,0,1.5384615384615383,346.01,3.4615384615384612,0.04371241830065359,2.052
11,89.16,1,31,0.488,0.0856,2,0,2.6,0.497,4.0,4.35,7.38,5.9,0,1.0909090909090908,89.16,8.61111111111111,0.020429594272076374,2.8792
27,242.91,7,40,0.368,0.0152,1,1,4.0,0.531,3.82,4.57,8.1,4.1,0,1.2592592592592593,1700.37,8.0,0.0016703296703296704,1.5088
13,127.45,1,12,0.176,0.0424,1,0,3.9,0.237,4.74,5.73,8.93,3.5,0,1.0769230769230769,127.45,2.4489795918367343,0.004269889224572004,0.616
19,47.65,10,60,0.333,0.0567999999999999,1,0,3.4,0.877,3.94,3.47,8.08,5.0,0,1.526315789473684,476.5,13.636363636363635,0.006255506607929505,1.665
14,17.8,4,1,0.311,0.0672,0,0,3.3,0.761,4.76,6.18,9.54,5.1,0,1.2857142857142856,71.2,0.23255813953488372,0.0,1.5860999999999998
14,57.65,8,60,0.178,0.0728,1,0,4.9,0.46,4.21,3.9,8.3,3.9,0,1.5714285714285714,461.2,10.169491525423728,0.007827956989247311,0.6941999999999999
7,54.53,2,29,0.28,0.0288,1,0,4.2,0.184,2.87,5.02,7.11,4.6,0,1.2857142857142856,109.06,5.576923076923077,0.003551171393341554,1.288
56,87.38,29,1,0.106,0.028,0,1,5.2,0.637,5.0,7.65,9.91,3.2,0,1.5178571428571428,2534.02,0.16129032258064516,0.0,0.3392
15,52.34,12,14,0.67,0.0864,0,0,5.7,0.53,3.89,6.6,8.6,7.4,0,1.8,628.08,2.08955223880597,0.0,4.958
30,59.15,1,3,0.559,0.1208,0,0,6.9,0.656,4.74,7.18,9.34,6.6,0,1.0333333333333334,59.15,0.37974683544303794,0.0,3.6894
17,181.24,1,14,0.277,0.0104,0,0,4.1,0.423,5.0,5.7,9.97,3.9,0,1.0588235294117647,181.24,2.7450980392156863,0.0,1.0803
18,194.27,10,2,0.174,0.0112,0,0,4.4,0.249,3.54,6.7,8.5,3.1,0,1.5555555555555556,1942.7,0.37037037037037035,0.0,0.5394
32,79.87,9,67,0.135,0.1712,0,1,6.0,0.673,5.0,3.95,9.43,3.5,0,1.28125,718.83,9.571428571428571,0.0,0.47250000000000003
19,23.26,5,15,0.318,0.008,0,0,0.9,0.839,3.42,4.72,8.39,5.1,0,1.263157894736842,116.30000000000001,7.894736842105264,0.0,1.6218
58,76.46,30,95,0.255,0.0552,1,0,4.3,0.541,3.41,2.68,7.56,4.3,1,1.5172413793103448,2293.7999999999997,17.92452830188679,0.0064485981308411225,1.0965
26,196.48,1,108,0.186,0.0344,0,0,4.2,0.546,5.0,1.43,9.89,3.1,1,1.0384615384615385,196.48,20.76923076923077,0.0,0.5766
17,97.69,13,39,0.253,0.1448,0,1,2.2,0.913,5.0,4.22,9.52,4.2,0,1.7647058823529411,1269.97,12.1875,0.0,1.0626
50,52.44,13,11,0.439,0.012,0,0,6.4,0.381,4.95,7.02,9.91,5.8,0,1.26,681.72,1.4864864864864864,0.0,2.5462
28,139.87,22,167,0.137,0.0624,1,0,1.3,0.969,4.73,1.17,8.86,3.1,1,1.7857142857142856,3077.1400000000003,72.60869565217392,0.006328600405679514,0.4247
41,134.46,1,35,0.166,0.1424,1,0,2.0,0.44,3.38,3.95,7.24,3.4,0,1.024390243902439,134.46,11.666666666666666,0.01728155339805825,0.5644
21,141.12,1,33,0.48,0.0304,0,0,3.4,0.646,5.0,4.52,9.9,5.5,0,1.0476190476190477,141.12,7.499999999999999,0.0,2.6399999999999997
37,38.88,1,15,0.302,0.1224,1,1,1.8,0.557,4.84,4.88,8.77,4.9,0,1.027027027027027,38.88,5.357142857142858,0.012528147389969295,1.4798
43,74.58,22,1,0.333,0.0224,0,1,4.7,0.721,3.38,7.25,8.31,4.9,0,1.5116279069767442,1640.76,0.17543859649122806,0.0,1.6317000000000002
31,154.09,1,149,0.191,0.0696,1,0,2.6,0.502,3.3,1.0,7.4,3.4,1,1.032258064516129,154.09,41.388888888888886,0.008285714285714285,0.6494
7,69.29,4,6,0.168,0.0904,2,0,6.6,0.891,3.6,7.03,6.97,3.8,0,1.5714285714285714,277.16,0.7894736842105263,0.022685069008782935,0.6384
28,17.14,1,8,0.208,0.1184,1,0,2.3,0.82,2.71,5.4,6.65,4.4,0,1.0357142857142858,17.14,2.4242424242424243,0.015477124183006535,0.9152
41,32.9,1,65,0.433,0.0152,1,1,4.4,0.506,5.0,3.25,9.28,5.8,0,1.024390243902439,32.9,12.037037037037036,0.0014785992217898833,2.5114
40,109.11,1,53,0.133,0.112,1,0,3.2,0.769,3.84,3.45,7.8,3.3,0,1.025,109.11,12.619047619047619,0.012727272727272726,0.4389
12,71.1,4,3,0.245,0.1336,3,0,2.2,0.807,3.65,5.72,6.2,4.3,0,1.3333333333333333,284.4,0.9375,0.05566666666666666,1.0534999999999999
6,35.36,4,12,0.281,0.0848,2,0,0.0,0.825,2.16,4.53,5.54,4.8,0,1.6666666666666665,141.44,12.0,0.025932721712538225,1.3488
1,17.06,1,10,0.327,0.0288,0,0,4.5,0.681,3.87,6.03,8.77,5.2,0,2.0,17.06,1.8181818181818181,0.0,1.7004000000000001
45,41.3,12,18,0.078,0.08,0,0,0.3,0.872,3.84,4.6,8.57,3.3,0,1.2666666666666666,495.59999999999997,13.846153846153845,0.0,0.25739999999999996
10,64.71,3,47,0.283,0.1032,0,0,5.2,0.804,4.98,4.48,9.64,4.6,0,1.3,194.13,7.580645161290322,0.0,1.3017999999999998
12,92.35,1,14,0.073,0.2904,2,1,0.3,0.914,3.09,4.43,5.79,3.0,0,1.0833333333333333,92.35,10.769230769230768,0.08553755522827687,0.21899999999999997
19,65.22,20,5,0.401,0.1032,2,1,6.0,0.696,3.12,7.42,6.44,5.4,0,2.052631578947368,1304.4,0.7142857142857143,0.027741935483870966,2.1654000000000004
4,51.38,2,31,0.506,0.0128,0,0,2.6,0.844,4.47,4.38,9.43,6.2,0,1.5,102.76,8.61111111111111,0.0,3.1372
8,31.29,3,45,0.457,0.048,1,0,2.9,0.59,1.83,3.82,6.0,6.0,1,1.375,93.87,11.538461538461538,0.006857142857142858,2.742
7,101.63,1,19,0.25,0.0344,1,0,3.3,0.404,4.07,5.18,8.29,4.1,0,1.1428571428571428,101.63,4.4186046511627906,0.0037029063509149626,1.025
9,105.61,3,4,0.138,0.0424,1,0,3.1,0.932,4.21,5.93,8.4,3.3,0,1.3333333333333333,316.83,0.9756097560975611,0.0045106382978723405,0.4554
16,74.07,1,36,0.316,0.1032,3,0,4.0,0.73,2.73,4.57,5.39,4.8,0,1.0625,74.07,7.2,0.048450704225352116,1.5168
24,51.46,7,12,0.459,0.0272,1,0,1.2,0.88,2.94,5.03,7.18,5.9,0,1.2916666666666667,360.22,5.454545454545454,0.0033251833740831297,2.7081000000000004
53,179.46,1,10,0.324,0.0528,1,0,6.7,0.492,2.46,6.77,6.62,4.2,0,1.0188679245283019,179.46,1.2987012987012987,0.006929133858267716,1.3608
46,161.94,1,92,0.622,0.0088,0,0,1.8,0.723,3.39,1.03,8.36,6.4,1,1.0217391304347827,161.94,32.85714285714286,0.0,3.9808000000000003
27,52.99,1,115,0.062,0.0624,1,0,6.6,0.303,4.05,2.23,8.18,3.1,1,1.037037037037037,52.99,15.131578947368421,0.0067973856209150325,0.1922
11,70.87,6,1,0.114,0.1608,1,0,4.8,0.396,4.58,6.75,8.38,3.4,0,1.5454545454545454,425.22,0.1724137931034483,0.01714285714285714,0.3876
11,37.76,3,75,0.424,0.0016,0,0,0.0,0.578,3.84,1.35,8.83,5.7,1,1.2727272727272727,113.28,75.0,0.0,2.4168
28,37.45,1,7,0.144,0.0848,0,0,4.3,0.568,4.32,6.12,9.04,3.8,0,1.0357142857142858,37.45,1.3207547169811322,0.0,0.5471999999999999
30,136.41,1,48,0.289,0.0432,1,0,2.4,0.533,4.22,3.43,8.41,4.2,0,1.0333333333333334,136.41,14.117647058823529,0.004590860786397449,1.2138
52,202.81,40,32,0.25,0.0336,0,1,2.6,0.73,4.7,5.6,9.59,3.5,0,1.7692307692307692,8112.4,8.88888888888889,0.0,0.875
24,102.79,1,86,0.347,0.0648,0,0,0.0,0.588,4.08,1.0,8.86,4.8,1,1.0416666666666667,102.79,86.0,0.0,1.6655999999999997
41,26.89,11,2,0.408,0.0456,0,0,0.7,0.742,3.83,5.5,8.68,5.7,0,1.2682926829268293,295.79,1.1764705882352942,0.0,2.3256
26,39.77,1,9,0.193,0.0216,1,0,1.5,0.218,3.43,5.08,7.69,4.1,0,1.0384615384615385,39.77,3.6,0.002485615650172612,0.7913
19,97.96,1,29,0.118,0.0728,1,0,2.9,0.398,2.84,4.55,6.93,3.2,0,1.0526315789473684,97.96,7.435897435897436,0.009180327868852459,0.3776
43,133.59,22,92,0.488,0.1632,2,0,3.9,0.208,3.8,2.43,6.92,5.6,1,1.5116279069767442,2938.98,18.77551020408163,0.041212121212121214,2.7327999999999997
42,120.14,1,1,0.113,0.0352,1,0,0.0,0.802,3.27,4.98,7.49,3.1,0,1.0238095238095237,120.14,1.0,0.004146054181389871,0.3503
45,69.29,23,44,0.05,0.148,2,1,3.6,0.472,3.56,4.77,6.73,2.9,0,1.511111111111111,1593.67,9.56521739130435,0.03829236739974126,0.145
15,79.19,4,30,0.683,0.0816,0,0,1.9,0.545,3.15,4.27,7.88,7.3,0,1.2666666666666666,316.76,10.344827586206897,0.0,4.9859
12,36.0,1,35,0.155,0.0072,2,0,3.3,0.702,3.65,4.38,7.29,3.9,0,1.0833333333333333,36.0,8.13953488372093,0.0017370325693606757,0.6045
27,25.48,7,19,0.07,0.0648,0,1,1.6,0.626,4.48,4.82,9.26,3.3,0,1.2592592592592593,178.36,7.3076923076923075,0.0,0.231
46,101.88,1,7,0.073,0.0096,0,0,4.3,0.56,5.0,6.12,9.97,2.9,0,1.0217391304347827,101.88,1.3207547169811322,0.0,0.21169999999999997
30,57.98,1,9,0.408,0.0112,0,0,3.3,0.617,4.3,5.68,9.26,5.5,0,1.0333333333333334,57.98,2.0930232558139537,0.0,2.2439999999999998
9,50.52,1,5,0.103,0.0376,1,0,3.4,0.633,3.89,5.92,8.1,3.4,0,1.1111111111111112,50.52,1.1363636363636362,0.004131868131868132,0.35019999999999996
36,44.87,19,67,0.09,0.068,0,1,4.4,0.494,3.78,3.75,8.55,3.4,0,1.5277777777777777,852.53,12.407407407407407,0.0,0.306
31,112.97,24,24,0.187,0.052,1,1,4.8,0.356,3.8,6.2,7.96,3.6,0,1.7741935483870968,2711.2799999999997,4.137931034482759,0.005803571428571428,0.6732
59,57.71,1,101,0.422,0.296,2,0,2.9,0.484,3.77,1.0,6.45,5.6,1,1.0169491525423728,57.71,25.897435897435898,0.07946308724832214,2.3632
42,44.65,11,36,0.316,0.072,1,0,4.5,0.546,3.48,5.07,7.57,4.9,0,1.2619047619047619,491.15,6.545454545454546,0.008401400233372228,1.5484000000000002
24,40.41,1,59,0.429,0.1584,0,0,4.4,0.513,4.84,3.55,9.31,5.8,0,1.0416666666666667,40.41,10.925925925925926,0.0,2.4882
22,45.11,6,11,0.116,0.1632,2,0,4.3,0.831,4.03,6.08,7.15,3.5,0,1.2727272727272727,270.65999999999997,2.0754716981132075,0.04004907975460123,0.406
54,155.76,28,27,0.412,0.0088,1,1,1.0,0.605,4.07,4.92,8.37,4.9,0,1.5185185185185186,4361.28,13.5,0.0009391675560298827,2.0188
17,24.83,1,25,0.216,0.1976,1,0,0.0,0.792,3.76,3.78,7.43,4.4,0,1.0588235294117647,24.83,25.0,0.023440094899169633,0.9504
49,68.16,13,39,0.258,0.0104,2,0,4.9,0.831,4.19,5.12,7.82,4.4,0,1.2653061224489797,886.0799999999999,6.610169491525423,0.0023582766439909295,1.1352000000000002
4,104.78,2,0,0.225,0.2704,3,0,2.4,0.846,3.35,5.87,5.45,3.9,0,1.5,209.56,0.0,0.1257674418604651,0.8775
35,27.28,9,12,0.074,0.0264,0,0,1.0,0.74,3.54,5.03,8.45,3.4,0,1.2571428571428571,245.52,6.0,0.0,0.2516
27,45.83,1,15,0.11,0.1576,1,0,0.6,0.749,4.14,4.48,7.95,3.5,0,1.037037037037037,45.83,9.375,0.017608938547486033,0.385
25,50.15,7,1,0.257,0.0104,3,0,1.7,0.496,2.41,5.75,5.38,4.5,0,1.28,351.05,0.37037037037037035,0.0048902821316614414,1.1565
34,67.82,18,56,0.123,0.1992,0,1,3.4,0.278,3.77,3.93,8.11,3.5,0,1.5294117647058822,1220.7599999999998,12.727272727272727,0.0,0.4305
43,80.28,11,3,0.051,0.0448,0,1,5.3,0.462,3.14,6.98,7.99,2.9,0,1.255813953488372,883.08,0.4761904761904762,0.0,0.14789999999999998
24,85.54,7,4,0.076,0.0552,0,1,3.5,0.899,4.72,6.2,9.54,3.0,0,1.2916666666666667,598.7800000000001,0.8888888888888888,0.0,0.22799999999999998
42,130.69,11,30,0.159,0.108,0,1,6.5,0.588,2.13,6.03,6.77,3.3,0,1.2619047619047619,1437.59,4.0,0.0,0.5246999999999999
42,76.15,22,42,0.145,0.0176,1,0,4.2,0.831,3.09,5.03,7.36,3.6,0,1.5238095238095237,1675.3000000000002,8.076923076923077,0.0021052631578947372,0.522
15,39.7,4,30,0.422,0.0288,2,1,3.4,0.374,2.45,4.77,6.02,5.7,0,1.2666666666666666,158.8,6.8181818181818175,0.008205128205128205,2.4054
30,70.56,8,26,0.662,0.092,1,0,4.8,0.842,4.34,5.57,8.37,7.2,0,1.2666666666666666,564.48,4.482758620689656,0.009818569903948773,4.7664
11,71.04,1,9,0.169,0.06,0,0,1.3,0.51,2.89,5.02,7.69,3.8,0,1.0909090909090908,71.04,3.91304347826087,0.0,0.6422
10,53.23,1,7,0.255,0.0472,2,0,0.6,0.82,2.92,4.88,6.43,4.5,0,1.1,53.23,4.375,0.012705248990578734,1.1475
55,44.6,1,15,0.208,0.1264,3,0,1.1,0.632,1.67,4.65,4.25,4.2,0,1.018181818181818,44.6,7.142857142857142,0.07222857142857143,0.8736
56,69.91,15,12,0.059,0.1208,1,0,2.7,0.566,3.54,5.8,7.47,3.0,0,1.2678571428571428,1048.6499999999999,3.243243243243243,0.01426210153482881,0.177
28,156.79,29,13,0.206,0.0448,1,0,2.4,0.829,1.87,6.12,6.05,3.5,0,2.0357142857142856,4546.91,3.823529411764706,0.006354609929078014,0.721
7,28.02,4,13,0.18,0.0128,0,0,5.6,0.564,5.0,6.35,9.96,4.1,0,1.5714285714285714,112.08,1.9696969696969697,0.0,0.7379999999999999
3,51.52,1,66,0.648,0.008,2,0,6.0,0.245,3.21,3.73,6.85,7.2,1,1.3333333333333333,51.52,9.428571428571429,0.0020382165605095544,4.6656
19,340.75,1,9,0.172,0.0456,3,0,2.5,0.511,2.18,5.42,5.03,2.2,0,1.0526315789473684,340.75,2.5714285714285716,0.022686567164179106,0.3784
47,43.9,1,22,0.408,0.0848,1,0,0.8,0.207,3.46,4.2,7.51,5.6,0,1.0212765957446808,43.9,12.222222222222221,0.009964747356051705,2.2847999999999997
15,52.45,1,6,0.152,0.044,1,0,5.2,0.485,4.21,6.47,8.4,3.7,0,1.0666666666666667,52.45,0.9677419354838709,0.004680851063829787,0.5624
13,128.86,1,25,0.416,0.0224,1,1,5.5,0.237,4.08,5.62,8.34,5.1,0,1.0769230769230769,128.86,3.8461538461538463,0.002398286937901499,2.1216
32,161.99,1,11,0.162,0.0896,1,1,1.6,0.661,4.42,5.02,8.45,3.2,0,1.03125,161.99,4.230769230769231,0.009481481481481481,0.5184000000000001
51,17.44,1,18,0.462,0.0016,0,0,2.7,0.835,4.32,5.03,9.31,6.1,0,1.0196078431372548,17.44,4.864864864864865,0.0,2.8182
55,126.05,28,13,0.178,0.0192,0,1,0.0,0.462,3.73,5.28,8.67,3.5,0,1.509090909090909,3529.4,13.0,0.0,0.623
1,82.89,1,22,0.145,0.0704,0,1,3.8,0.567,3.57,5.2,8.34,3.5,0,2.0,82.89,4.583333333333334,0.0,0.5075
8,29.74,1,0,0.245,0.1464,1,0,4.8,0.397,4.17,6.63,8.02,4.5,0,1.125,29.74,0.0,0.01623059866962306,1.1025
7,129.31,1,83,0.329,0.0512,1,0,7.0,0.85,3.06,3.22,7.22,4.5,1,1.1428571428571428,129.31,10.375,0.0062287104622871054,1.4805000000000001
39,40.01,20,17,0.312,0.1296,0,1,4.3,0.54,3.78,6.25,8.35,4.9,0,1.5128205128205128,800.1999999999999,3.207547169811321,0.0,1.5288000000000002
8,24.23,1,10,0.06,0.0096,0,0,2.3,0.21,5.0,5.3,9.97,3.3,0,1.125,24.23,3.0303030303030303,0.0,0.19799999999999998
46,113.69,12,29,0.38,0.0136,0,1,4.6,0.933,4.39,5.48,9.34,5.0,0,1.2608695652173914,1364.28,5.178571428571429,0.0,1.9
1,24.69,1,15,0.046,0.1408,0,0,2.8,0.419,3.56,5.22,8.09,3.2,0,2.0,24.69,3.947368421052632,0.0,0.1472
2,55.99,1,94,0.211,0.0008,0,0,4.3,0.791,5.0,1.77,10.0,4.1,1,1.5,55.99,17.735849056603776,0.0,0.8650999999999999
30,49.12,8,9,0.122,0.0504,0,0,0.0,0.198,4.53,4.82,9.36,3.6,0,1.2666666666666666,392.96,9.0,0.0,0.4392
3,134.84,1,53,0.258,0.0632,2,1,4.8,0.236,3.66,3.98,7.12,4.0,0,1.3333333333333333,134.84,9.13793103448276,0.015566502463054186,1.032
59,79.79,1,13,0.308,0.056,0,0,1.2,0.872,4.1,4.78,8.91,4.7,0,1.0169491525423728,79.79,5.909090909090908,0.0,1.4476
12,14.12,1,1,0.251,0.1744,0,0,3.0,0.488,3.93,5.98,8.35,4.7,0,1.0833333333333333,14.12,0.25,0.0,1.1797
31,137.42,8,18,0.137,0.0288,1,0,5.4,0.47,4.11,6.17,8.35,3.1,0,1.2580645161290323,1099.36,2.8125,0.0030802139037433155,0.4247
36,88.31,19,7,0.342,0.0832,1,1,2.8,0.105,3.41,6.22,7.47,4.9,0,1.5277777777777777,1677.89,1.842105263157895,0.009822904368358915,1.6758000000000002
51,42.37,13,8,0.385,0.0904,1,1,3.1,0.496,4.29,6.07,8.32,5.4,0,1.2549019607843137,550.81,1.9512195121951221,0.009699570815450642,2.079
5,74.9,2,2,0.306,0.2144,2,1,2.1,0.348,3.92,5.67,6.87,4.7,0,1.4,149.8,0.6451612903225806,0.054485387547649304,1.4382
18,55.83,14,55,0.359,0.096,0,1,3.5,0.31,3.71,3.88,8.39,5.2,0,1.7777777777777777,781.62,12.222222222222221,0.0,1.8668
23,35.12,12,10,0.122,0.1496,1,0,4.3,0.652,3.09,6.33,6.92,3.6,0,1.5217391304347827,421.43999999999994,1.8867924528301887,0.01888888888888889,0.4392
7,222.38,2,23,0.172,0.0288,0,0,1.9,0.528,4.02,4.55,8.92,2.9,0,1.2857142857142856,444.76,7.931034482758621,0.0,0.49879999999999997
46,52.06,1,51,0.152,0.0488,1,0,4.7,0.244,5.0,4.05,9.17,3.8,0,1.0217391304347827,52.06,8.947368421052632,0.0047984267453294,0.5776
15,100.09,8,17,0.331,0.068,1,1,4.8,0.77,3.61,6.02,7.72,4.7,0,1.5333333333333332,800.72,2.931034482758621,0.00779816513761468,1.5557
23,158.18,12,62,0.421,0.04,0,0,3.2,0.331,4.17,3.37,9.04,5.0,0,1.5217391304347827,1898.16,14.761904761904761,0.0,2.105
24,57.19,1,56,0.455,0.028,0,0,4.6,0.514,5.0,3.77,9.91,5.8,0,1.0416666666666667,57.19,10.0,0.0,2.639
33,130.6,9,59,0.506,0.212,0,0,3.6,0.235,4.9,3.55,9.19,5.8,1,1.2727272727272727,1175.3999999999999,12.82608695652174,0.0,2.9348
48,83.77,37,2,0.427,0.0032,2,0,1.5,0.549,3.24,6.63,6.9,5.5,0,1.7708333333333335,3099.49,0.8,0.0008101265822784811,2.3485
30,59.68,16,13,0.55,0.0712,0,1,1.8,0.866,4.02,5.48,8.78,6.5,0,1.5333333333333332,954.88,4.642857142857143,0.0,3.575
44,133.44,1,15,0.197,0.1232,0,0,3.0,0.822,4.75,5.28,9.34,3.6,0,1.0227272727272727,133.44,3.75,0.0,0.7092
55,147.37,1,6,0.032,0.072,0,0,1.2,0.533,4.95,5.13,9.71,2.3,0,1.018181818181818,147.37,2.727272727272727,0.0,0.0736
60,117.19,1,11,0.155,0.0432,0,0,7.2,0.517,5.0,6.88,9.86,3.4,0,1.0166666666666666,117.19,1.3414634146341464,0.0,0.527
34,48.49,18,33,0.321,0.0528,2,0,2.9,0.699,2.8,4.92,6.29,5.0,0,1.5294117647058822,872.82,8.461538461538462,0.01448559670781893,1.605
9,25.8,3,49,0.313,0.1464,0,1,2.0,0.833,4.02,3.32,8.53,5.0,0,1.3333333333333333,77.4,16.333333333333332,0.0,1.565
42,146.99,11,2,0.871,0.0472,0,0,2.5,0.299,4.61,6.1,9.45,8.2,0,1.2619047619047619,1616.89,0.5714285714285714,0.0,7.142199999999999
31,50.22,8,68,0.128,0.1608,0,0,4.0,0.742,4.21,3.2,8.67,3.6,1,1.2580645161290323,401.76,13.6,0.0,0.46080000000000004
56,59.21,1,81,0.647,0.0432,0,0,1.1,0.354,4.04,1.35,8.9,7.2,1,1.0178571428571428,59.21,38.57142857142857,0.0,4.6584
39,75.43,10,20,0.214,0.0856,3,0,4.5,0.446,1.73,5.83,4.44,4.0,0,1.2564102564102564,754.3000000000001,3.6363636363636362,0.04720588235294117,0.856
1,46.96,1,13,0.153,0.0488,0,0,4.7,0.612,4.35,5.95,9.19,3.8,0,2.0,46.96,2.280701754385965,0.0,0.5813999999999999
33,159.43,9,14,0.458,0.028,0,0,0.0,0.462,2.72,4.6,7.63,5.2,0,1.2727272727272727,1434.8700000000001,14.0,0.0,2.3816
33,75.83,17,10,0.238,0.1256,1,0,6.1,0.759,3.79,7.1,7.7,4.2,0,1.5151515151515151,1289.11,1.4084507042253522,0.014436781609195402,0.9996
35,80.09,9,3,0.477,0.0256,1,1,3.1,0.871,4.47,6.18,8.72,5.9,0,1.2571428571428571,720.8100000000001,0.7317073170731708,0.002633744855967078,2.8143000000000002
39,59.76,20,34,0.235,0.0296,2,0,2.3,0.718,1.94,4.73,5.51,4.3,0,1.5128205128205128,1195.2,10.303030303030303,0.009093701996927803,1.0105
57,195.73,15,27,0.312,0.056,0,1,2.1,0.507,3.28,4.85,8.09,4.0,0,1.263157894736842,2935.95,8.709677419354838,0.0,1.248
27,50.11,14,10,0.043,0.0424,0,0,1.7,0.752,4.24,5.53,9.1,3.0,0,1.5185185185185186,701.54,3.7037037037037033,0.0,0.129
9,78.02,5,78,0.556,0.0808,2,0,6.7,0.761,4.2,3.5,7.6,6.4,1,1.5555555555555556,390.09999999999997,10.12987012987013,0.018790697674418606,3.5584000000000007
5,51.09,2,46,0.463,0.0088,0,0,4.0,0.463,4.56,4.1,9.53,5.9,0,1.4,102.18,9.2,0.0,2.7317000000000005
52,59.75,27,40,0.198,0.1272,3,0,2.2,0.289,3.12,4.63,5.7,4.0,0,1.5192307692307692,1613.25,12.5,0.05695522388059702,0.792
54,96.51,28,13,0.101,0.0864,0,1,4.8,0.745,3.25,6.88,7.96,3.1,0,1.5185185185185186,2702.28,2.241379310344828,0.0,0.31310000000000004
41,147.17,21,30,0.201,0.0208,1,1,0.0,0.492,3.57,4.2,7.83,3.5,0,1.5121951219512195,3090.5699999999997,30.0,0.0023556058890147223,0.7035
55,342.77,28,6,0.102,0.1208,1,0,3.8,0.653,4.76,6.9,8.69,1.7,0,1.509090909090909,9597.56,1.25,0.012466460268317854,0.17339999999999997
11,50.44,1,37,0.081,0.016,0,0,4.6,0.906,4.41,4.72,9.36,3.3,0,1.0909090909090908,50.44,6.607142857142858,0.0,0.2673
58,61.51,1,71,0.202,0.132,0,0,6.4,0.873,3.94,3.62,8.5,4.0,1,1.0172413793103448,61.51,9.594594594594595,0.0,0.808
31,125.25,24,2,0.086,0.008,0,0,2.7,0.451,4.73,6.6,9.7,2.9,0,1.7741935483870968,3006.0,0.5405405405405405,0.0,0.24939999999999998
46,69.51,1,32,0.405,0.0984,0,0,1.9,0.875,5.0,4.07,9.67,5.4,0,1.0217391304347827,69.51,11.03448275862069,0.0,2.1870000000000003
43,159.42,33,40,0.33,0.0296,1,0,3.7,0.823,3.47,5.33,7.7,4.4,0,1.7674418604651163,5260.86,8.51063829787234,0.003402298850574713,1.4520000000000002
33,127.82,9,0,0.376,0.1112,0,0,3.8,0.567,4.19,6.57,8.82,4.9,0,1.2727272727272727,1150.3799999999999,0.0,0.0,1.8424
29,67.51,8,1,0.419,0.0016,0,0,1.5,0.911,4.18,5.72,9.17,5.5,0,1.2758620689655173,540.08,0.4,0.0,2.3045
3,166.83,1,35,0.126,0.0848,2,0,3.9,0.678,4.0,4.58,7.38,2.9,0,1.3333333333333333,166.83,7.142857142857142,0.020238663484486875,0.3654
56,92.58,29,1,0.332,0.0264,1,1,2.4,0.434,3.41,6.72,7.66,4.8,0,1.5178571428571428,2684.82,0.29411764705882354,0.003048498845265589,1.5936000000000001
53,98.43,14,2,0.054,0.0176,0,0,7.5,0.289,4.67,7.87,9.61,2.8,0,1.2641509433962264,1378.02,0.23529411764705882,0.0,0.1512
59,133.43,15,9,0.254,0.0368,1,0,3.7,0.908,5.0,6.28,9.21,4.0,0,1.2542372881355932,2001.45,1.9148936170212765,0.0036043095004897156,1.016
26,107.57,7,16,0.49,0.0448,0,0,0.8,0.448,3.98,4.7,8.83,5.8,0,1.2692307692307692,752.99,8.88888888888889,0.0,2.842
1,27.65,1,15,0.136,0.0256,1,0,5.6,0.617,4.4,6.15,8.65,3.8,0,2.0,27.65,2.272727272727273,0.0026528497409326426,0.5168
56,48.24,1,0,0.332,0.0168,0,0,2.4,0.621,4.63,5.83,9.57,5.0,0,1.0178571428571428,48.24,0.0,0.0,1.6600000000000001
15,21.75,4,13,0.028,0.0696,0,0,2.8,0.517,2.6,5.42,7.37,3.1,0,1.2666666666666666,87.0,3.4210526315789473,0.0,0.0868
4,42.43,3,6,0.164,0.2,0,0,1.7,0.552,4.08,5.37,8.41,3.9,0,1.75,127.28999999999999,2.222222222222222,0.0,0.6396000000000001
12,238.13,4,4,0.117,0.048,0,1,3.3,0.901,4.27,6.03,9.11,2.4,0,1.3333333333333333,952.52,0.9302325581395349,0.0,0.2808
22,44.87,1,53,0.034,0.0632,3,0,2.0,0.537,3.94,3.05,6.73,3.0,1,1.0454545454545454,44.87,17.666666666666668,0.024527813712807246,0.10200000000000001
24,145.87,1,3,0.285,0.0112,0,0,0.6,0.544,4.14,5.08,9.1,4.1,0,1.0416666666666667,145.87,1.875,0.0,1.1684999999999999
33,75.74,25,34,0.139,0.0112,0,0,0.0,0.751,3.63,4.13,8.59,3.5,0,1.7575757575757576,1893.4999999999998,34.0,0.0,0.48650000000000004
17,14.69,5,32,0.284,0.04,1,1,2.8,0.615,3.86,4.5,8.06,4.9,0,1.2941176470588236,73.45,8.421052631578947,0.004415011037527594,1.3916
23,96.28,6,23,0.202,0.2024,3,0,5.9,0.603,4.37,6.02,6.7,3.8,0,1.2608695652173914,577.6800000000001,3.333333333333333,0.07885714285714285,0.7676000000000001
27,305.6,7,43,0.268,0.204,3,0,2.2,0.179,2.29,3.82,4.61,3.0,1,1.2592592592592593,2139.2000000000003,13.4375,0.10909090909090909,0.804
29,27.08,8,0,0.126,0.044,1,0,4.5,0.632,3.9,6.77,8.09,3.7,0,1.2758620689655173,216.64,0.0,0.00484048404840484,0.4662
15,32.43,1,4,0.218,0.268,2,0,0.0,0.551,3.54,4.83,6.31,4.3,0,1.0666666666666667,32.43,4.0,0.07332421340629276,0.9374
41,103.73,42,6,0.015,0.0904,1,0,0.0,0.497,3.75,6.1,7.78,2.5,0,2.024390243902439,4356.66,6.0,0.010296127562642367,0.0375
21,186.61,1,11,0.082,0.0656,0,0,2.0,0.638,5.0,5.15,9.78,2.5,0,1.0476190476190477,186.61,3.6666666666666665,0.0,0.20500000000000002
60,78.63,61,3,0.389,0.0392,2,0,2.7,0.785,3.99,7.42,7.53,5.3,0,2.0166666666666666,4796.429999999999,0.8108108108108107,0.009191090269636576,2.0617
47,75.42,24,47,0.327,0.2368,4,0,2.4,0.369,2.19,4.25,3.73,4.8,1,1.5106382978723403,1810.08,13.823529411764707,0.2002536997885835,1.5696
44,51.05,23,1,0.216,0.1528,2,0,3.8,0.687,3.59,6.98,6.75,4.2,0,1.5227272727272727,1174.1499999999999,0.20833333333333334,0.039432258064516126,0.9072
25,120.67,7,1,0.276,0.0256,1,1,5.5,0.309,4.1,7.02,8.35,4.2,0,1.28,844.69,0.15384615384615385,0.002737967914438503,1.1592000000000002
59,172.67,30,4,0.121,0.0456,1,0,3.8,0.903,3.48,7.07,7.66,2.8,0,1.5084745762711864,5180.099999999999,0.8333333333333334,0.005265588914549654,0.3388
17,93.08,1,11,0.361,0.1408,0,0,2.5,0.748,5.0,5.32,9.53,5.0,0,1.0588235294117647,93.08,3.142857142857143,0.0,1.805
42,74.81,11,26,0.603,0.0768,1,0,3.5,0.645,4.21,5.23,8.29,6.8,0,1.2619047619047619,822.9100000000001,5.777777777777778,0.008266953713670614,4.1004
13,24.01,4,9,0.416,0.0352,0,0,0.0,0.453,5.0,4.68,9.88,5.8,0,1.3076923076923077,96.04,9.0,0.0,2.4128
43,253.37,11,48,0.14,0.0496,0,1,4.0,0.669,3.57,4.3,8.4,2.5,0,1.255813953488372,2787.07,9.6,0.0,0.35000000000000003
8,12.96,1,2,0.273,0.0008,1,0,5.0,0.793,3.44,6.6,7.77,4.8,0,1.125,12.96,0.3333333333333333,9.122006841505132e-05,1.3104
46,34.07,1,42,0.114,0.0392,0,0,3.0,0.477,4.27,3.93,9.14,3.6,0,1.0217391304347827,34.07,10.5,0.0,0.41040000000000004
40,56.27,11,35,0.01,0.1159999999999999,2,0,0.8,0.668,3.76,3.88,7.04,2.7,0,1.275,618.97,19.444444444444443,0.028855721393034803,0.027000000000000003
51,41.12,1,3,0.61,0.1376,2,0,2.2,0.774,4.42,5.62,7.63,7.0,0,1.0196078431372548,41.12,0.9375,0.03188876013904983,4.27
35,44.04,1,57,0.126,0.0608,2,0,0.1,0.442,4.14,2.22,7.6,3.6,1,1.0285714285714285,44.04,51.81818181818181,0.01413953488372093,0.4536
51,52.97,13,0,0.363,0.0016,0,0,4.1,0.84,4.05,6.8,9.04,5.2,0,1.2549019607843137,688.61,0.0,0.0,1.8876
27,31.03,7,10,0.386,0.0848,0,0,1.9,0.607,4.11,5.37,8.83,5.5,0,1.2592592592592593,217.21,3.4482758620689657,0.0,2.123
26,114.37,1,11,0.278,0.0392,1,0,4.1,0.784,3.9,5.85,8.1,4.3,0,1.0384615384615385,114.37,2.1568627450980395,0.0043076923076923075,1.1954
46,170.58,12,17,0.217,0.0432,0,0,3.7,0.911,4.9,5.78,9.76,3.5,0,1.2608695652173914,2046.96,3.6170212765957444,0.0,0.7595
51,42.93,39,20,0.118,0.0176,1,1,1.5,0.724,2.76,5.8,7.03,3.6,0,1.7647058823529411,1674.27,8.0,0.002191780821917808,0.4248
4,138.74,4,12,0.565,0.0112,0,0,3.6,0.595,4.45,5.73,9.41,6.1,0,2.0,554.96,2.608695652173913,0.0,3.4464999999999995
44,32.51,12,50,0.691,0.036,0,0,1.6,0.795,4.26,3.43,9.14,7.6,0,1.2727272727272727,390.12,19.23076923076923,0.0,5.251599999999999
29,70.13,8,28,0.139,0.1,2,0,3.4,0.542,3.39,5.0,6.72,3.6,0,1.2758620689655173,561.04,6.363636363636363,0.02590673575129534,0.5004000000000001
41,155.2,11,14,0.411,0.072,1,0,6.6,0.684,3.61,6.87,7.7,4.9,0,1.2682926829268293,1707.1999999999998,1.842105263157895,0.008275862068965517,2.0139
55,115.23,1,56,0.29,0.1304,3,0,0.0,0.592,3.53,2.23,6.1,4.3,1,1.018181818181818,115.23,56.0,0.05509859154929578,1.2469999999999999
60,43.26,1,27,0.528,0.124,2,0,2.7,0.236,3.93,4.58,7.18,6.4,0,1.0166666666666666,43.26,7.297297297297297,0.030317848410757946,3.3792000000000004
2,10.64,1,23,0.328,0.0872,0,0,0.6,0.463,3.64,4.08,8.35,5.2,0,1.5,10.64,14.375,0.0,1.7056000000000002
49,88.51,25,121,0.182,0.0728,0,1,4.2,0.627,4.24,2.23,9.0,3.7,1,1.510204081632653,2212.75,23.26923076923077,0.0,0.6734
42,93.19,32,3,0.226,0.0464,0,1,6.0,0.744,3.55,7.92,8.4,4.0,0,1.7619047619047619,2982.08,0.42857142857142855,0.0,0.904
10,44.27,1,9,0.276,0.0344,0,0,5.9,0.665,5.0,6.55,9.89,4.7,0,1.1,44.27,1.3043478260869565,0.0,1.2972000000000001
1,37.25,1,82,0.371,0.0896,0,0,2.5,0.62,3.27,1.77,7.97,5.4,1,2.0,37.25,23.428571428571427,0.0,2.0034
28,51.83,8,5,0.092,0.0496,0,0,3.1,0.649,3.83,6.05,8.66,3.3,0,1.2857142857142856,414.64,1.2195121951219514,0.0,0.3036
30,217.75,8,19,0.081,0.0232,0,1,4.6,0.378,4.16,5.85,9.08,2.3,0,1.2666666666666666,1742.0,3.3928571428571432,0.0,0.1863
48,206.45,25,50,0.189,0.0416,0,0,1.3,0.874,4.78,3.77,9.64,3.1,0,1.5208333333333335,5161.25,21.73913043478261,0.0,0.5859
16,109.47,9,39,0.396,0.0104,0,0,0.0,0.883,4.99,3.35,9.96,5.1,0,1.5625,985.23,39.0,0.0,2.0196
14,32.08,8,39,0.157,0.008,0,0,2.6,0.733,2.66,4.18,7.63,3.9,0,1.5714285714285714,256.64,10.833333333333334,0.0,0.6123
51,82.49,13,14,0.217,0.1112,0,1,4.1,0.698,4.14,6.1,8.77,4.0,0,1.2549019607843137,1072.37,2.7450980392156863,0.0,0.868
15,50.54,1,38,0.456,0.0056,0,1,3.4,0.829,4.88,4.27,9.86,5.9,0,1.0666666666666667,50.54,8.636363636363635,0.0,2.6904000000000003
24,91.8,7,20,0.118,0.064,0,0,2.4,0.746,4.16,5.03,8.95,3.3,0,1.2916666666666667,642.6,5.882352941176471,0.0,0.38939999999999997
29,49.69,15,5,0.203,0.0008,1,0,4.6,0.335,4.22,6.78,8.55,4.1,0,1.5172413793103448,745.3499999999999,0.8928571428571429,8.37696335078534e-05,0.8323
36,47.33,1,56,0.325,0.1312,4,1,0.0,0.594,2.66,2.23,4.56,5.0,1,1.0277777777777777,47.33,56.0,0.0943884892086331,1.625
34,210.25,9,9,0.425,0.0312,0,0,4.5,0.794,4.89,6.35,9.79,4.7,0,1.2647058823529411,1892.25,1.6363636363636365,0.0,1.9975
4,90.14,1,6,0.556,0.0056,0,0,2.7,0.473,3.14,5.63,8.12,6.4,0,1.25,90.14,1.6216216216216215,0.0,3.5584000000000007
28,110.68,15,1,0.039,0.3752,1,0,3.6,0.26,3.94,6.65,7.02,2.6,0,1.5357142857142856,1660.2,0.2173913043478261,0.04678304239401496,0.1014
30,42.97,8,3,0.328,0.0008,0,0,0.0,0.773,3.23,5.12,8.23,5.0,0,1.2666666666666666,343.76,3.0,0.0,1.6400000000000001
21,146.52,1,11,0.323,0.0104,0,0,6.6,0.51,4.59,6.68,9.56,4.4,0,1.0476190476190477,146.52,1.4473684210526316,0.0,1.4212000000000002
7,20.8,2,49,0.528,0.172,1,0,6.0,0.399,4.31,4.62,8.07,6.6,0,1.2857142857142856,41.6,7.0,0.018963616317530317,3.4848
60,95.78,16,59,0.321,0.2152,3,1,5.7,0.694,3.74,4.48,6.02,4.7,0,1.2666666666666666,1532.48,8.805970149253731,0.09196581196581197,1.5087000000000002
50,47.33,26,10,0.113,0.0328,0,0,3.2,0.554,3.12,6.43,8.01,3.5,0,1.52,1230.58,2.380952380952381,0.0,0.3955
39,156.6,10,53,0.368,0.0624,1,1,8.0,0.527,4.48,5.35,8.61,4.6,0,1.2564102564102564,1566.0,5.888888888888889,0.006493236212278876,1.6927999999999999
51,57.04,13,9,0.335,0.0016,0,0,1.6,0.642,4.68,5.52,9.67,5.0,0,1.2549019607843137,741.52,3.4615384615384612,0.0,1.675
31,105.76,1,55,0.113,0.1024,2,0,2.2,0.656,3.34,3.02,6.67,3.2,1,1.032258064516129,105.76,17.1875,0.026701434159061278,0.36160000000000003
16,87.88,1,1,0.342,0.2344,4,0,0.9,0.837,2.5,5.28,4.05,4.9,0,1.0625,87.88,0.5263157894736842,0.18566336633663366,1.6758000000000002
29,49.28,8,117,0.492,0.1344,3,1,2.6,0.641,2.52,1.13,5.07,6.1,1,1.2758620689655173,394.24,32.5,0.06642504118616145,3.0012
32,106.24,9,2,0.359,0.084,1,0,4.4,0.513,3.97,6.67,8.02,4.9,0,1.28125,956.16,0.37037037037037035,0.009312638580931265,1.7591
14,140.5,4,3,0.235,0.1104,1,1,2.3,0.663,3.34,5.75,7.31,3.8,0,1.2857142857142856,562.0,0.9090909090909092,0.01328519855595668,0.8929999999999999
57,79.22,15,36,0.156,0.0976,0,0,0.0,0.689,4.87,3.7,9.54,3.6,0,1.263157894736842,1188.3,36.0,0.0,0.5616
14,63.5,4,2,0.184,0.1536,2,0,1.7,0.532,3.26,5.6,6.41,3.9,0,1.2857142857142856,254.0,0.7407407407407407,0.0414574898785425,0.7176
49,357.56,13,3,0.333,0.0144,0,0,5.3,0.411,3.83,7.05,8.78,3.2,0,1.2653061224489797,4648.28,0.4761904761904762,0.0,1.0656
31,87.06,8,4,0.467,0.156,3,0,3.3,0.744,3.47,6.17,5.95,5.7,0,1.2580645161290323,696.48,0.9302325581395349,0.06733812949640287,2.6619
40,84.82,1,2,0.569,0.0552,1,0,0.5,0.873,3.81,5.1,7.96,6.5,0,1.025,84.82,1.3333333333333333,0.006160714285714285,3.6984999999999997
4,98.46,3,40,0.621,0.0024,0,0,0.5,0.963,2.82,3.27,7.81,6.8,0,1.75,295.38,26.666666666666668,0.0,4.222799999999999
12,47.84,1,26,0.434,0.1896,2,0,3.1,0.353,1.11,4.77,4.14,5.8,0,1.0833333333333333,47.84,6.341463414634147,0.07377431906614786,2.5172
44,74.77,12,11,0.101,0.0584,1,0,8.6,0.64,4.88,7.72,9.02,3.3,0,1.2727272727272727,897.24,1.1458333333333335,0.005828343313373254,0.3333
47,217.45,24,38,0.307,0.1416,1,1,0.0,0.764,4.14,3.9,8.0,3.8,0,1.5106382978723403,5218.799999999999,38.0,0.015733333333333335,1.1665999999999999
45,23.49,12,24,0.227,0.0264,1,1,3.6,0.478,2.54,5.4,6.79,4.4,0,1.2666666666666666,281.88,5.217391304347826,0.0033889602053915275,0.9988000000000001
52,45.38,27,22,0.707,0.1016,3,0,5.7,0.49,3.13,6.7,5.79,7.7,0,1.5192307692307692,1225.26,3.2835820895522385,0.04488954344624447,5.4439
31,90.52,16,21,0.123,0.052,2,0,3.6,0.63,2.6,5.68,6.09,3.3,0,1.5161290322580645,1448.32,4.565217391304349,0.01466854724964739,0.4059
44,51.18,34,12,0.336,0.068,1,0,3.7,0.78,3.66,6.77,7.77,5.0,0,1.7727272727272727,1740.12,2.553191489361702,0.007753705815279363,1.6800000000000002
1,49.37,1,45,0.078,0.0048,1,0,2.3,0.243,3.31,3.55,7.63,3.2,0,2.0,49.37,13.636363636363637,0.000556199304750869,0.24960000000000002
30,79.35,23,10,0.277,0.1,1,0,2.3,0.896,2.64,6.03,6.64,4.5,0,1.7666666666666666,1825.05,3.0303030303030303,0.013089005235602096,1.2465000000000002
25,110.05,13,44,0.238,0.0072,1,0,3.1,0.733,4.18,4.27,8.49,4.0,0,1.52,1430.6499999999999,10.731707317073171,0.0007586933614330874,0.952
16,53.17,5,26,0.429,0.0016,0,0,2.8,0.537,5.0,4.8,9.99,5.7,0,1.3125,265.85,6.842105263157895,0.0,2.4453
54,32.07,14,56,0.234,0.0352,0,0,3.5,0.771,4.92,3.83,9.8,4.4,0,1.2592592592592593,448.98,12.444444444444445,0.0,1.0296
53,62.37,1,29,0.204,0.1135999999999999,0,0,2.9,0.272,4.87,4.55,9.49,4.1,0,1.0188679245283019,62.37,7.435897435897436,0.0,0.8363999999999999
37,41.87,1,16,0.226,0.0776,3,0,5.9,0.353,3.76,6.2,6.5,4.3,0,1.027027027027027,41.87,2.318840579710145,0.03104,0.9718
11,56.79,1,12,0.14,0.176,1,1,0.0,0.965,3.56,4.43,7.31,3.6,0,1.0909090909090908,56.79,12.0,0.02117930204572804,0.5040000000000001
52,69.11,40,52,0.132,0.144,2,0,5.1,0.505,4.87,5.43,8.06,3.5,0,1.7692307692307692,2764.4,8.524590163934427,0.03178807947019867,0.462
43,83.87,1,1,0.644,0.1104,3,0,0.8,0.753,3.79,5.25,6.42,7.0,0,1.0232558139534884,83.87,0.5555555555555556,0.04463611859838275,4.508
54,78.21,14,22,0.315,0.0232,1,1,2.9,0.699,3.52,5.33,7.78,4.7,0,1.2592592592592593,1094.9399999999998,5.641025641025641,0.0026423690205011384,1.4805000000000001
57,144.56,15,36,0.362,0.0088,1,1,2.3,0.965,2.28,4.47,6.58,4.7,0,1.263157894736842,2168.4,10.90909090909091,0.0011609498680738787,1.7014
3,135.54,1,35,0.336,0.0368,0,0,3.5,0.814,4.88,4.45,9.76,4.5,0,1.3333333333333333,135.54,7.777777777777778,0.0,1.512
53,59.17,1,54,0.737,0.0384,0,0,5.3,0.68,3.72,4.1,8.59,7.8,0,1.0188679245283019,59.17,8.571428571428571,0.0,5.7486
33,56.39,1,38,0.191,0.0328,1,0,0.0,0.409,2.62,3.13,6.84,4.0,0,1.0303030303030303,56.39,38.0,0.004183673469387756,0.764
17,51.55,5,8,0.364,0.0288,2,0,3.7,0.66,4.05,6.0,7.62,5.2,0,1.2941176470588236,257.75,1.702127659574468,0.006682134570765661,1.8928
58,54.23,15,29,0.415,0.1,3,0,4.6,0.768,4.24,5.58,6.91,5.6,0,1.2586206896551724,813.4499999999999,5.178571428571429,0.037926675094816696,2.324
41,89.26,31,56,0.366,0.0656,0,0,2.4,0.546,3.44,4.03,8.22,5.0,0,1.7560975609756098,2767.06,16.47058823529412,0.0,1.83
16,140.64,9,19,0.069,0.2344,1,0,3.0,0.602,4.24,5.35,7.79,2.6,0,1.5625,1265.7599999999998,4.75,0.02666666666666667,0.17940000000000003
35,92.43,18,36,0.464,0.0152,0,0,2.3,0.672,5.0,4.57,9.95,5.7,0,1.5142857142857142,1663.7400000000002,10.90909090909091,0.0,2.6448
18,31.96,5,15,0.081,0.0112,1,0,5.7,0.576,4.11,6.32,8.41,3.4,0,1.2777777777777777,159.8,2.2388059701492535,0.0011902231668437832,0.2754
57,53.05,1,1,0.585,0.0232,1,0,2.4,0.869,4.5,5.78,8.76,6.8,0,1.0175438596491229,53.05,0.29411764705882354,0.0023770491803278685,3.9779999999999998
8,98.94,1,18,0.174,0.0296,1,0,2.3,0.527,4.87,4.9,9.1,3.6,0,1.125,98.94,5.454545454545455,0.002930693069306931,0.6264
19,97.67,10,24,0.306,0.0144,2,0,4.2,0.434,3.81,5.53,7.43,4.6,0,1.526315789473684,976.7,4.615384615384615,0.003416370106761566,1.4076
44,35.24,1,36,0.146,0.0024,0,0,4.7,0.793,5.0,4.8,9.99,3.8,0,1.0227272727272727,35.24,6.315789473684211,0.0,0.5548
45,50.09,57,20,0.197,0.1952,1,1,4.5,0.622,4.14,7.17,7.82,4.1,0,2.2666666666666666,2855.13,3.6363636363636362,0.022131519274376416,0.8077
12,114.05,4,16,0.348,0.0464,0,0,2.5,0.265,2.9,5.17,7.75,4.8,0,1.3333333333333333,456.2,4.571428571428571,0.0,1.6703999999999999
58,136.76,30,16,0.1,0.1544,0,1,7.1,0.298,3.23,7.57,7.72,2.9,0,1.5172413793103448,4102.799999999999,1.9753086419753088,0.0,0.29
16,60.42,1,31,0.206,0.008,0,0,5.1,0.675,4.33,5.18,9.3,4.1,0,1.0625,60.42,5.081967213114754,0.0,0.8445999999999999
59,29.11,15,33,0.082,0.136,0,0,4.0,0.274,2.7,5.18,7.25,3.4,0,1.2542372881355932,436.65,6.6,0.0,0.2788
32,36.87,9,7,0.161,0.2064,1,0,2.1,0.341,4.62,5.65,8.27,3.9,0,1.28125,331.83,2.258064516129032,0.02226537216828479,0.6279
9,118.38,3,44,0.184,0.0008,0,0,0.0,0.85,3.67,2.9,8.67,3.6,0,1.3333333333333333,355.14,44.0,0.0,0.6624
58,46.69,15,6,0.371,0.1872,3,0,0.0,0.787,2.96,5.2,5.34,5.3,0,1.2586206896551724,700.3499999999999,6.0,0.08858044164037855,1.9663
37,69.25,1,18,0.116,0.0664,1,0,4.1,0.632,3.62,5.5,7.73,3.4,0,1.027027027027027,69.25,3.5294117647058827,0.007605956471935853,0.39440000000000003
19,26.97,10,71,0.286,0.0768,1,0,4.6,0.097,4.47,3.32,8.55,4.8,0,1.526315789473684,269.7,12.678571428571429,0.008041884816753926,1.3727999999999998
59,47.6,15,39,0.088,0.0912,0,0,1.2,0.176,4.03,3.95,8.73,3.3,0,1.2542372881355932,714.0,17.727272727272727,0.0,0.2904
6,135.98,2,30,0.244,0.1704,2,1,1.3,0.703,3.32,4.0,6.42,3.9,0,1.3333333333333333,271.96,13.043478260869566,0.04592991913746631,0.9516
24,91.44,13,11,0.149,0.0016,2,0,5.9,0.388,2.0,6.85,5.66,3.5,0,1.5416666666666665,1188.72,1.5942028985507246,0.00048048048048048047,0.5215
53,103.68,1,2,0.15,0.1,2,0,1.5,0.378,3.6,5.43,6.93,3.4,0,1.0188679245283019,103.68,0.8,0.02522068095838588,0.51
5,93.98,2,7,0.171,0.1464,2,0,1.7,0.757,3.65,5.28,6.83,3.6,0,1.4,187.96,2.5925925925925926,0.03739463601532567,0.6156
30,72.88,16,93,0.498,0.2856,4,0,1.2,0.795,3.82,1.28,5.2,6.0,1,1.5333333333333332,1166.08,42.272727272727266,0.18425806451612903,2.988
4,71.42,3,27,0.327,0.068,1,0,3.6,0.687,3.77,4.95,7.88,4.9,0,1.75,214.26,5.869565217391305,0.007657657657657659,1.6023000000000003
41,81.58,11,46,0.359,0.0432,1,0,0.0,0.462,3.98,3.07,8.17,5.0,0,1.2682926829268293,897.38,46.0,0.004711014176663032,1.795
25,28.03,1,1,0.665,0.0488,0,0,5.4,0.463,4.86,6.78,9.7,7.5,0,1.04,28.03,0.15625,0.0,4.987500000000001
50,55.39,1,0,0.216,0.0504,0,0,1.8,0.703,4.36,5.63,9.19,4.2,0,1.02,55.39,0.0,0.0,0.9072
1,102.4,1,13,0.538,0.0976,0,0,4.0,0.624,4.34,5.72,9.01,6.2,0,2.0,102.4,2.6,0.0,3.3356000000000003
14,54.73,4,45,0.247,0.1248,2,0,0.0,0.558,3.13,2.88,6.38,4.4,1,1.2857142857142856,218.92,45.0,0.033821138211382114,1.0868
43,56.17,11,61,0.388,0.0136,0,0,7.9,0.503,5.0,4.95,9.95,5.4,0,1.255813953488372,617.87,6.853932584269662,0.0,2.0952
39,46.92,10,24,0.711,0.0936,1,0,4.3,0.457,2.82,5.57,6.84,7.7,0,1.2564102564102564,469.20000000000005,4.528301886792453,0.011938775510204083,5.4746999999999995
57,144.4,1,14,0.2,0.012,0,0,3.8,0.849,3.22,5.6,8.18,3.5,0,1.0175438596491229,144.4,2.916666666666667,0.0,0.7000000000000001
17,82.62,1,1,0.687,0.0464,2,0,4.8,0.749,2.61,6.58,6.12,7.3,0,1.0588235294117647,82.62,0.1724137931034483,0.013033707865168538,5.0151
57,92.89,15,61,0.119,0.0512,0,1,1.5,0.697,3.66,2.95,8.49,3.3,0,1.263157894736842,1393.35,24.4,0.0,0.39269999999999994
40,103.21,11,24,0.024,0.1512,1,0,4.1,0.694,2.17,5.53,6.0,2.5,0,1.275,1135.31,4.705882352941177,0.0216,0.06
50,243.65,13,12,0.19,0.1888,4,0,3.2,0.887,4.41,5.9,6.11,2.9,0,1.26,3167.4500000000003,2.857142857142857,0.10621659634317862,0.5509999999999999
32,136.08,9,31,0.141,0.0024,0,0,0.0,0.573,3.5,3.75,8.49,3.2,0,1.28125,1224.72,31.0,0.0,0.4512
16,40.08,5,29,0.159,0.0,1,0,1.0,0.383,4.08,4.05,8.41,3.9,0,1.3125,200.39999999999998,14.5,0.0,0.6201
19,30.33,1,3,0.128,0.0528,0,0,0.1,0.866,4.73,4.92,9.55,3.7,0,1.0526315789473684,30.33,2.727272727272727,0.0,0.4736
21,22.22,6,62,0.353,0.2024,1,0,3.2,0.486,4.07,3.17,7.73,5.3,1,1.2857142857142856,133.32,14.761904761904761,0.023184421534936998,1.8708999999999998
29,74.1,1,11,0.816,0.2112,1,0,2.7,0.69,3.54,5.38,7.17,8.3,0,1.0344827586206897,74.1,2.972972972972973,0.025850673194614444,6.7728
43,33.97,1,34,0.252,0.0328,0,0,7.0,0.801,5.0,5.67,9.89,4.6,0,1.0232558139534884,33.97,4.25,0.0,1.1592
52,104.37,27,41,0.437,0.0304,1,0,0.9,0.529,2.97,4.15,7.2,5.4,0,1.5192307692307692,2817.9900000000002,21.578947368421055,0.003707317073170732,2.3598000000000003
1,55.72,1,25,0.245,0.0176,1,0,5.2,0.855,3.49,5.52,7.76,4.4,0,2.0,55.72,4.032258064516129,0.0020091324200913244,1.078
52,89.97,14,15,0.167,0.0176,1,0,3.5,0.664,3.38,5.88,7.65,3.6,0,1.2692307692307692,1259.58,3.3333333333333335,0.0020346820809248557,0.6012000000000001
25,182.31,1,17,0.257,0.0056,0,0,3.6,0.616,4.75,5.38,9.73,3.7,0,1.04,182.31,3.695652173913044,0.0,0.9509000000000001
23,136.47,1,5,0.208,0.0248,1,0,2.2,0.708,3.97,5.52,8.22,3.6,0,1.0434782608695652,136.47,1.5625,0.002689804772234273,0.7488
28,42.24,1,1,0.174,0.0728,0,1,0.8,0.806,4.99,5.25,9.75,4.0,0,1.0357142857142858,42.24,0.5555555555555556,0.0,0.696
11,73.27,6,38,0.156,0.1296,2,0,2.9,0.764,2.7,4.27,5.93,3.7,0,1.5454545454545454,439.62,9.743589743589745,0.0374025974025974,0.5772
50,65.25,13,25,0.147,0.0424,1,0,5.3,0.719,3.25,5.95,7.44,3.6,0,1.26,848.25,3.9682539682539684,0.005023696682464454,0.5292
26,118.04,7,29,0.288,0.2224,0,0,1.4,0.939,3.81,4.25,8.07,4.3,0,1.2692307692307692,826.2800000000001,12.083333333333334,0.0,1.2384
13,61.3,7,28,0.385,0.0408,1,0,4.9,0.341,2.68,5.47,6.88,5.3,0,1.5384615384615383,429.09999999999997,4.745762711864407,0.00517766497461929,2.0404999999999998
44,16.61,23,25,0.076,0.0112,2,1,3.9,0.734,4.04,5.82,7.67,3.4,0,1.5227272727272727,382.03,5.1020408163265305,0.002583621683967705,0.25839999999999996
37,77.17,28,14,0.304,0.104,3,1,4.8,0.377,2.88,6.83,5.53,4.7,0,1.7567567567567568,2160.76,2.413793103448276,0.04777947932618683,1.4288
9,60.46,1,34,0.282,0.0184,0,0,3.7,0.848,4.0,4.57,8.94,4.6,0,1.1111111111111112,60.46,7.234042553191489,0.0,1.2971999999999997
53,133.52,1,20,0.463,0.0192,0,0,1.0,0.754,5.0,4.37,9.94,5.4,0,1.0188679245283019,133.52,10.0,0.0,2.5002000000000004
12,47.33,4,7,0.443,0.0416,1,0,6.9,0.532,4.15,7.08,8.34,5.8,0,1.3333333333333333,189.32,0.8860759493670886,0.004453961456102783,2.5694
52,91.9,27,19,0.211,0.0248,1,1,2.7,0.725,4.8,5.85,9.05,3.9,0,1.5192307692307692,2481.3,5.135135135135135,0.002467661691542288,0.8229
52,71.73,1,42,0.43,0.0344,0,0,4.7,0.826,3.14,4.5,8.03,5.6,0,1.0192307692307692,71.73,7.368421052631579,0.0,2.408
25,32.1,1,13,0.405,0.044,0,0,0.6,0.795,3.66,4.58,8.51,5.6,0,1.04,32.1,8.125,0.0,2.268
5,298.73,2,1,0.275,0.0112,1,0,4.3,0.329,3.08,6.45,7.38,3.1,0,1.4,597.46,0.18867924528301888,0.0013365155131264917,0.8525000000000001
5,54.75,2,45,0.368,0.0224,2,0,4.1,0.507,2.69,4.18,6.28,5.2,0,1.4,109.5,8.823529411764707,0.006153846153846154,1.9136
31,25.26,8,25,0.364,0.124,1,1,5.0,0.638,3.13,5.68,7.05,5.4,0,1.2580645161290323,202.08,4.166666666666667,0.015403726708074533,1.9656
30,109.34,1,18,0.506,0.1592,1,0,2.7,0.729,4.73,5.03,8.53,5.9,0,1.0333333333333334,109.34,4.864864864864865,0.016705141657922352,2.9854000000000003
29,41.7,8,33,0.245,0.0848,1,0,3.6,0.354,3.65,4.82,7.7,4.5,0,1.2758620689655173,333.6,7.173913043478262,0.00974712643678161,1.1025
15,71.02,4,108,0.442,0.064,1,1,2.8,0.777,4.26,1.07,8.38,5.7,1,1.2666666666666666,284.08,28.42105263157895,0.006823027718550106,2.5194
37,34.84,10,163,0.338,0.0976,1,1,2.6,0.615,3.63,1.2,7.64,5.2,1,1.2702702702702702,348.40000000000003,45.27777777777778,0.011296296296296296,1.7576000000000003
21,64.29,1,25,0.393,0.0056,2,0,4.1,0.592,2.53,5.15,6.18,5.4,0,1.0476190476190477,64.29,4.901960784313726,0.0015598885793871866,2.1222000000000003
43,172.44,1,7,0.451,0.1704,0,0,1.6,0.745,4.6,5.22,9.03,5.1,0,1.0232558139534884,172.44,2.692307692307692,0.0,2.3001
59,28.64,30,9,0.174,0.0448,2,0,3.9,0.938,3.48,6.85,7.0,4.0,0,1.5084745762711864,859.2,1.8367346938775508,0.0112,0.696
20,46.24,16,25,0.172,0.0136,2,0,3.5,0.211,2.45,5.45,6.07,3.9,0,1.8,739.84,5.555555555555555,0.003847241867043847,0.6708
26,107.76,1,16,0.1,0.0888,0,0,5.7,0.141,3.25,6.13,7.95,3.1,0,1.0384615384615385,107.76,2.388059701492537,0.0,0.31000000000000005
34,40.83,1,6,0.021,0.0304,0,0,2.3,0.404,5.0,5.5,9.9,2.9,0,1.0294117647058822,40.83,1.8181818181818183,0.0,0.0609
3,60.07,2,12,0.184,0.0904,3,0,4.3,0.516,3.48,5.9,6.18,3.9,0,1.6666666666666665,120.14,2.2641509433962264,0.03777158774373259,0.7176
25,64.11,7,3,0.379,0.1376,0,0,5.8,0.471,4.44,7.02,8.98,5.3,0,1.28,448.77,0.4411764705882353,0.0,2.0087
1,117.27,1,24,0.191,0.0536,0,0,0.0,0.757,3.41,3.83,8.23,3.6,0,2.0,117.27,24.0,0.0,0.6876
38,33.87,10,31,0.335,0.0832,0,1,3.5,0.581,4.87,4.95,9.59,5.1,0,1.263157894736842,338.7,6.888888888888889,0.0,1.7085
15,10.0,4,32,0.71,0.0104,0,0,7.3,0.816,4.41,5.97,9.38,7.9,0,1.2666666666666666,40.0,3.8554216867469875,0.0,5.609
19,84.9,1,53,0.192,0.0992,0,0,4.5,0.455,5.0,3.88,9.67,3.8,0,1.0526315789473684,84.9,9.636363636363637,0.0,0.7296
44,36.4,12,5,0.271,0.0472,0,0,2.8,0.55,4.25,6.08,9.09,4.7,0,1.2727272727272727,436.79999999999995,1.3157894736842106,0.0,1.2737
32,108.83,17,0,0.389,0.0936,1,0,2.0,0.553,3.55,6.23,7.57,5.1,0,1.53125,1850.11,0.0,0.010921820303383897,1.9839
1,123.45,1,102,0.524,0.04,1,0,0.5,0.495,2.73,1.0,6.93,5.9,1,2.0,123.45,68.0,0.005044136191677175,3.0916
28,39.69,1,89,0.283,0.06,1,0,0.0,0.311,3.58,1.0,7.71,4.7,1,1.0357142857142858,39.69,89.0,0.006888633754305395,1.3300999999999998
53,46.73,14,6,0.093,0.0784,0,0,0.0,0.802,3.37,5.17,8.11,3.4,0,1.2641509433962264,654.2199999999999,6.0,0.0,0.3162
19,98.04,1,9,0.852,0.1928,2,0,0.0,0.714,4.3,4.58,7.32,8.4,0,1.0526315789473684,98.04,9.0,0.04634615384615384,7.1568000000000005
42,226.13,11,55,0.309,0.1112,0,0,5.5,0.68,4.14,4.45,8.77,3.8,0,1.2619047619047619,2487.43,8.461538461538462,0.0,1.1742
6,153.65,4,30,0.737,0.1376,1,0,2.5,0.313,1.43,4.47,5.3,7.2,1,1.6666666666666665,614.6,8.571428571428571,0.021841269841269842,5.3064
3,64.73,1,47,0.131,0.0816,2,1,4.2,0.413,3.76,4.08,7.15,3.5,0,1.3333333333333333,64.73,9.038461538461538,0.020024539877300615,0.4585
29,56.87,22,47,0.061,0.1312,2,0,2.1,0.255,4.07,4.08,7.3,3.1,1,1.7586206896551724,1251.1399999999999,15.161290322580644,0.0316144578313253,0.1891
41,36.87,1,40,0.303,0.0432,0,0,1.5,0.442,3.6,3.53,8.46,4.9,0,1.024390243902439,36.87,16.0,0.0,1.4847000000000001
5,31.46,2,7,0.134,0.016,0,0,3.9,0.629,3.9,6.02,8.85,3.7,0,1.4,62.92,1.4285714285714284,0.0,0.4958000000000001
13,20.96,1,25,0.029,0.0016,0,0,4.3,0.532,4.7,5.22,9.69,3.1,0,1.0769230769230769,20.96,4.716981132075472,0.0,0.08990000000000001
44,91.48,56,20,0.258,0.0072,1,1,3.8,0.745,5.0,6.93,9.31,4.3,0,2.2727272727272725,5122.88,4.166666666666667,0.0006983511154219204,1.1094
12,102.68,1,71,0.226,0.0096,1,0,2.3,0.462,4.04,2.25,8.34,4.0,1,1.0833333333333333,102.68,21.515151515151516,0.0010278372591006424,0.904
42,107.21,22,15,0.242,0.0176,0,0,3.2,0.428,3.89,6.05,8.83,4.1,0,1.5238095238095237,2358.62,3.571428571428571,0.0,0.9921999999999999
25,126.51,7,24,0.154,0.1168,0,0,4.4,0.89,5.0,5.5,9.61,3.3,0,1.28,885.57,4.444444444444444,0.0,0.5082
6,48.39,4,60,0.308,0.0032,1,1,1.6,0.387,2.87,2.67,7.19,4.9,1,1.6666666666666665,193.56,23.076923076923077,0.00039072039072039067,1.5092
48,83.88,1,104,0.468,0.2504,2,0,0.0,0.723,3.4,1.0,6.23,5.8,1,1.0208333333333333,83.88,104.0,0.06926694329183955,2.7144
14,33.95,1,66,0.351,0.0104,1,0,0.0,0.747,4.71,1.73,9.01,5.3,1,1.0714285714285714,33.95,66.0,0.001038961038961039,1.8602999999999998
26,123.04,14,4,0.151,0.0448,0,0,0.0,0.385,3.78,5.27,8.63,3.3,0,1.5384615384615383,1722.5600000000002,4.0,0.0,0.49829999999999997
50,35.25,26,4,0.122,0.1135999999999999,1,1,0.0,0.508,5.0,5.67,8.95,3.6,0,1.52,916.5,4.0,0.01141708542713567,0.4392
28,74.03,15,77,0.466,0.0744,0,0,0.4,0.788,4.7,1.78,9.45,5.8,1,1.5357142857142856,1110.45,55.0,0.0,2.7028
22,23.02,17,6,0.256,0.0264,0,1,6.5,0.76,4.66,7.43,9.57,4.7,0,1.7727272727272727,391.34,0.8,0.0,1.2032
42,49.89,32,30,0.311,0.0304,0,1,2.4,0.522,4.56,5.37,9.46,4.9,0,1.7619047619047619,1596.48,8.823529411764707,0.0,1.5239
10,78.22,1,0,0.316,0.0392,0,0,1.2,0.576,5.0,5.43,9.87,4.7,0,1.1,78.22,0.0,0.0,1.4852
46,156.44,35,8,0.02,0.0152,0,1,3.5,0.598,4.06,6.93,9.01,2.2,0,1.7608695652173914,5475.4,1.7777777777777777,0.0,0.044000000000000004
28,143.4,8,18,0.279,0.0936,3,0,1.3,0.598,2.69,4.8,5.38,4.1,0,1.2857142857142856,1147.2,7.82608695652174,0.04401253918495298,1.1439
21,63.99,6,16,0.091,0.2296,0,0,3.7,0.097,5.0,5.63,9.23,3.3,0,1.2857142857142856,383.94,3.404255319148936,0.0,0.30029999999999996
5,25.93,1,5,0.279,0.008,0,0,4.6,0.313,4.75,6.32,9.72,4.8,0,1.2,25.93,0.8928571428571429,0.0,1.3392000000000002
4,74.43,2,35,0.32,0.0216,1,0,6.3,0.436,3.2,5.42,7.46,4.8,0,1.5,148.86,4.794520547945206,0.002553191489361702,1.536
11,116.78,9,18,0.321,0.0624,1,1,2.9,0.58,2.6,5.37,6.73,4.5,0,1.8181818181818183,1051.02,4.615384615384616,0.008072445019404914,1.4445000000000001
56,198.42,29,30,0.112,0.0024,0,1,2.6,0.626,5.0,5.33,9.99,2.6,0,1.5178571428571428,5754.179999999999,8.333333333333334,0.0,0.2912
21,43.44,11,11,0.078,0.0088,0,0,2.3,0.567,3.18,5.58,8.15,3.3,0,1.5238095238095237,477.84,3.3333333333333335,0.0,0.25739999999999996
57,60.53,29,18,0.185,0.1296,0,0,0.9,0.303,3.51,5.37,8.08,3.9,0,1.5087719298245614,1755.3700000000001,9.473684210526317,0.0,0.7215
20,108.55,11,24,0.333,0.0448,0,1,1.6,0.587,3.32,4.7,8.17,4.7,0,1.55,1194.05,9.23076923076923,0.0,1.5651000000000002
3,76.81,3,1,0.2,0.0856,2,1,4.8,0.636,3.21,6.65,6.59,3.9,0,2.0,230.43,0.1724137931034483,0.022555994729907772,0.78
58,109.02,1,19,0.109,0.0208,0,1,2.8,0.792,4.79,5.02,9.72,3.1,0,1.0172413793103448,109.02,5.0,0.0,0.33790000000000003
34,52.81,1,2,0.325,0.0144,0,0,1.5,0.531,4.27,5.43,9.22,5.0,0,1.0294117647058822,52.81,0.8,0.0,1.625
30,22.42,16,32,0.559,0.104,1,0,5.0,0.507,4.49,5.6,8.48,6.8,0,1.5333333333333332,358.72,5.333333333333333,0.010970464135021096,3.8012
32,26.68,1,15,0.113,0.0376,0,0,4.3,0.46,3.72,5.72,8.59,3.6,0,1.03125,26.68,2.8301886792452833,0.0,0.4068
60,168.22,31,25,0.402,0.0048,0,1,2.9,0.42,5.0,5.75,9.98,4.8,0,1.5166666666666666,5214.82,6.410256410256411,0.0,1.9296
26,46.43,7,1,0.135,0.1432,1,0,1.2,0.622,3.35,5.58,7.21,3.7,0,1.2692307692307692,325.01,0.45454545454545453,0.017442143727161994,0.49950000000000006
12,42.19,4,4,0.157,0.048,1,0,5.2,0.547,3.93,6.67,8.1,3.8,0,1.3333333333333333,168.76,0.6451612903225806,0.005274725274725275,0.5966
14,44.68,1,44,0.419,0.004,0,0,0.0,0.57,5.0,2.83,9.99,5.7,0,1.0714285714285714,44.68,44.0,0.0,2.3883
47,20.3,24,20,0.054,0.016,0,0,7.0,0.694,5.0,7.13,9.95,3.3,0,1.5106382978723403,487.20000000000005,2.5,0.0,0.1782
9,100.87,1,30,0.468,0.1448,2,0,0.6,0.513,3.5,3.73,6.68,5.7,1,1.1111111111111112,100.87,18.75,0.03770833333333334,2.6676
50,92.23,13,15,0.28,0.1032,0,1,0.0,0.836,4.15,4.68,8.81,4.4,0,1.26,1198.99,15.0,0.0,1.2320000000000002
30,161.78,8,35,0.109,0.1096,1,1,2.5,0.142,3.2,4.35,7.17,2.8,0,1.2666666666666666,1294.24,10.0,0.013414932680538557,0.30519999999999997
55,30.5,1,4,0.492,0.0048,0,0,3.7,0.664,3.75,6.07,8.73,6.3,0,1.018181818181818,30.5,0.851063829787234,0.0,3.0995999999999997
17,50.68,1,16,0.494,0.0696,1,0,3.4,0.633,2.91,5.37,7.01,6.2,0,1.0588235294117647,50.68,3.6363636363636362,0.008689138576779026,3.0628
44,108.71,1,200,0.152,0.1016,1,0,4.8,0.821,5.0,1.63,8.99,3.4,1,1.0227272727272727,108.71,34.48275862068966,0.010170170170170169,0.5167999999999999
46,141.26,35,2,0.142,0.1632,0,0,2.2,0.48,5.0,6.8,9.46,3.1,0,1.7608695652173914,4944.099999999999,0.625,0.0,0.4402
23,23.76,6,31,0.1,0.0128,0,0,1.3,0.689,3.76,4.08,8.72,3.6,0,1.2608695652173914,142.56,13.478260869565219,0.0,0.36000000000000004
47,78.37,24,119,0.387,0.0952,0,0,0.0,0.728,3.94,1.0,8.62,5.2,1,1.5106382978723403,1880.88,119.0,0.0,2.0124
18,73.89,1,74,0.17,0.0056,0,0,3.6,0.63,4.81,2.53,9.79,3.7,1,1.0555555555555556,73.89,16.086956521739133,0.0,0.6290000000000001
5,92.97,1,21,0.153,0.0656,1,0,4.1,0.624,5.0,5.35,9.11,3.5,0,1.2,92.97,4.11764705882353,0.006488625123639962,0.5355
12,84.69,4,61,0.263,0.088,1,0,0.0,0.363,4.77,2.08,8.81,4.3,1,1.3333333333333333,338.76,61.0,0.008970438328236493,1.1309
33,156.22,9,8,0.245,0.0344,0,1,1.1,0.326,3.9,5.27,8.79,3.8,0,1.2727272727272727,1405.98,3.8095238095238093,0.0,0.9309999999999999
24,50.44,1,8,0.345,0.0392,2,0,5.4,0.547,3.39,6.43,6.93,5.1,0,1.0416666666666667,50.44,1.25,0.009886506935687264,1.7594999999999998
38,41.63,1,4,0.523,0.0224,1,0,4.6,0.435,5.0,6.37,9.26,6.4,0,1.0263157894736843,41.63,0.7142857142857143,0.0021832358674463937,3.3472000000000004
26,75.42,14,12,0.093,0.2752,4,0,0.5,0.686,1.76,5.03,3.18,3.2,0,1.5384615384615383,1055.88,8.0,0.2633492822966507,0.29760000000000003
54,29.0,14,1,0.345,0.0632,1,0,0.4,0.407,4.03,5.55,8.15,5.2,0,1.2592592592592593,406.0,0.7142857142857143,0.006907103825136612,1.7939999999999998
5,83.72,2,38,0.266,0.0272,1,0,1.6,0.639,3.85,3.7,8.09,4.4,0,1.4,167.44,14.615384615384615,0.002992299229922992,1.1704
3,60.2,1,126,0.324,0.008,0,0,1.6,0.661,5.0,1.0,9.97,4.9,1,1.3333333333333333,60.2,48.46153846153846,0.0,1.5876000000000001
20,38.1,6,72,0.175,0.0176,0,1,7.6,0.518,4.13,4.13,9.07,4.0,0,1.3,228.60000000000002,8.372093023255815,0.0,0.7
36,108.18,19,31,0.157,0.0704,1,0,1.3,0.627,3.46,4.52,7.56,3.4,0,1.5277777777777777,2055.42,13.478260869565219,0.008224299065420562,0.5337999999999999
47,70.18,1,90,0.158,0.0776,2,0,2.9,0.549,4.07,1.5,7.48,3.7,1,1.0212765957446808,70.18,23.076923076923077,0.01830188679245283,0.5846
52,23.88,1,56,0.128,0.0032,2,0,0.7,0.389,3.55,2.47,7.21,3.8,1,1.0192307692307692,23.88,32.94117647058824,0.0007795371498172959,0.4864
58,51.47,1,8,0.29,0.0272,3,1,2.4,0.164,3.37,5.43,6.28,4.7,0,1.0172413793103448,51.47,2.3529411764705883,0.011208791208791207,1.363
44,52.48,1,116,0.201,0.0864,1,0,4.7,0.236,4.74,1.6,8.79,4.1,1,1.0227272727272727,52.48,20.350877192982455,0.008825331971399389,0.8240999999999999
30,89.91,23,28,0.156,0.0328,1,0,1.0,0.363,3.5,4.7,7.72,3.6,0,1.7666666666666666,2067.93,14.0,0.003761467889908258,0.5616
13,54.58,4,38,0.068,0.0552,2,0,0.0,0.658,3.65,3.23,7.13,3.1,1,1.3076923076923077,218.32,38.0,0.013579335793357935,0.21080000000000002
52,104.65,14,66,0.327,0.1176,3,1,1.7,0.739,2.94,2.73,5.55,4.7,1,1.2692307692307692,1465.1000000000001,24.444444444444443,0.05386259541984733,1.5369000000000002
60,72.76,16,17,0.184,0.024,1,1,5.4,0.57,5.0,6.48,9.25,3.9,0,1.2666666666666666,1164.16,2.65625,0.0023414634146341463,0.7176
27,26.69,1,48,0.358,0.0696,1,0,3.9,0.375,3.12,3.93,7.22,5.3,1,1.037037037037037,26.69,9.795918367346937,0.008467153284671533,1.8973999999999998
10,28.32,1,14,0.436,0.2136,2,0,3.2,0.856,4.79,5.4,7.74,5.9,0,1.1,28.32,3.333333333333333,0.04887871853546911,2.5724
54,27.3,14,24,0.445,0.064,0,0,5.2,0.54,3.85,6.0,8.64,6.0,0,1.2592592592592593,382.2,3.8709677419354835,0.0,2.67
49,128.76,1,38,0.255,0.0096,1,0,3.9,0.096,2.81,4.43,7.11,4.0,0,1.0204081632653061,128.76,7.755102040816326,0.0011837237977805179,1.02
40,100.42,31,32,0.047,0.2264,1,0,1.6,0.364,4.7,4.97,8.28,2.7,0,1.775,3113.02,12.307692307692307,0.024396551724137933,0.1269
60,40.78,16,1,0.255,0.1968,2,0,5.3,0.873,3.05,7.25,6.06,4.5,0,1.2666666666666666,652.48,0.15873015873015872,0.055750708215297456,1.1475
17,67.8,1,12,0.031,0.0232,2,0,4.3,0.743,3.55,5.87,7.14,2.8,0,1.0588235294117647,67.8,2.2641509433962264,0.0057002457002457,0.08679999999999999
40,82.88,1,59,0.499,0.1232,0,0,3.8,0.652,5.0,3.35,9.59,6.0,0,1.025,82.88,12.291666666666668,0.0,2.9939999999999998
46,32.26,12,10,0.233,0.0152,0,0,5.5,0.451,2.37,6.73,7.32,4.4,0,1.2608695652173914,387.12,1.5384615384615385,0.0,1.0252000000000001
55,46.78,28,1,0.54,0.0672,2,1,6.3,0.413,3.85,7.98,7.29,6.5,0,1.509090909090909,1309.8400000000001,0.136986301369863,0.01621230398069964,3.5100000000000002
25,43.91,19,41,0.264,0.004,3,1,5.3,0.563,2.45,5.35,5.44,4.6,0,1.76,834.29,6.507936507936508,0.0018633540372670807,1.2144
24,38.95,19,9,0.269,0.0184,0,0,3.6,0.619,4.42,6.38,9.36,4.6,0,1.7916666666666665,740.0500000000001,1.956521739130435,0.0,1.2374
30,79.72,16,6,0.055,0.0248,0,0,5.6,0.61,3.18,7.1,8.1,2.9,0,1.5333333333333332,1275.52,0.9090909090909092,0.0,0.1595
4,117.32,3,13,0.238,0.068,0,0,1.9,0.439,3.8,5.08,8.57,4.0,0,1.75,351.96,4.482758620689656,0.0,0.952
1,57.57,1,10,0.286,0.0272,0,0,2.5,0.926,4.87,5.37,9.78,4.7,0,2.0,57.57,2.857142857142857,0.0,1.3441999999999998
29,39.53,8,8,0.576,0.0144,0,0,2.1,0.708,2.92,5.57,7.87,6.8,0,1.2758620689655173,316.24,2.5806451612903225,0.0,3.9167999999999994
14,53.82,4,4,0.503,0.216,2,0,5.0,0.528,2.56,6.6,5.51,6.2,0,1.2857142857142856,215.28,0.6666666666666666,0.0663594470046083,3.1186000000000003
54,46.4,1,66,0.286,0.0328,0,0,5.3,0.946,2.89,3.5,7.78,4.7,1,1.0185185185185186,46.4,10.476190476190476,0.0,1.3441999999999998
43,92.93,1,10,0.522,0.1288,2,0,4.4,0.776,3.63,6.0,6.87,6.1,0,1.0232558139534884,92.93,1.8518518518518516,0.032731893265565436,3.1842
48,55.88,25,3,0.117,0.184,2,0,2.7,0.976,2.81,6.58,5.86,3.5,0,1.5208333333333335,1397.0,0.8108108108108107,0.05364431486880466,0.40950000000000003
42,37.45,1,11,0.366,0.1048,0,0,0.2,0.313,5.0,4.55,9.65,5.3,0,1.0238095238095237,37.45,9.166666666666668,0.0,1.9398
59,76.89,15,5,0.517,0.016,1,0,6.9,0.358,3.16,7.55,7.44,6.2,0,1.2542372881355932,1153.35,0.6329113924050632,0.001895734597156398,3.2054
53,24.27,14,114,0.423,0.1816,2,0,7.3,0.794,2.98,2.9,6.04,5.8,1,1.2641509433962264,339.78,13.734939759036143,0.0515909090909091,2.4534
24,244.65,19,12,0.259,0.1008,3,0,7.1,0.848,3.46,7.4,6.12,3.3,0,1.7916666666666665,4648.35,1.4814814814814816,0.04247191011235955,0.8547
11,32.19,3,9,0.129,0.0136,0,0,0.4,0.722,3.08,4.78,8.03,3.7,0,1.2727272727272727,96.57,6.428571428571429,0.0,0.47730000000000006
17,90.32,1,76,0.245,0.0416,1,0,0.6,0.543,3.75,1.43,7.94,4.2,1,1.0588235294117647,90.32,47.5,0.00465324384787472,1.029
30,73.12,8,17,0.177,0.0024,0,0,6.3,0.708,4.39,6.52,9.38,3.8,0,1.2666666666666666,584.96,2.328767123287671,0.0,0.6726
17,45.37,5,16,0.049,0.1144,1,0,2.1,0.451,2.37,5.07,6.32,3.1,0,1.2941176470588236,226.85,5.161290322580645,0.01562841530054645,0.1519
49,84.21,1,17,0.203,0.0232,0,0,0.0,0.367,4.43,4.18,9.35,3.9,0,1.0204081632653061,84.21,17.0,0.0,0.7917000000000001
8,51.78,1,34,0.503,0.0712,0,0,3.4,0.863,4.18,4.47,8.94,6.2,0,1.125,51.78,7.727272727272727,0.0,3.1186000000000003
47,137.98,12,31,0.326,0.1159999999999999,2,0,3.9,0.642,4.24,5.15,7.52,4.5,0,1.2553191489361701,1655.7599999999998,6.326530612244897,0.027230046948356783,1.467
59,111.25,45,14,0.573,0.0648,3,1,5.7,0.838,4.6,7.7,7.38,6.3,0,1.7627118644067796,5006.25,2.08955223880597,0.023198090692124106,3.6098999999999997
47,182.35,1,3,0.717,0.0848,1,0,6.5,0.864,4.22,7.05,8.27,6.9,0,1.0212765957446808,182.35,0.4,0.009147788565264294,4.9473
3,89.8,1,2,0.642,0.0567999999999999,3,0,4.6,0.766,3.55,6.47,6.36,7.0,0,1.3333333333333333,89.8,0.35714285714285715,0.023152173913043434,4.494
57,116.56,1,9,0.381,0.0224,1,0,2.8,0.461,3.41,5.52,7.67,5.0,0,1.0175438596491229,116.56,2.368421052631579,0.002583621683967705,1.905
39,75.2,10,14,0.161,0.032,0,0,5.9,0.613,3.7,6.6,8.59,3.7,0,1.2564102564102564,752.0,2.0289855072463765,0.0,0.5957
53,38.19,1,79,0.297,0.0144,1,0,0.8,0.322,3.47,1.35,7.76,4.8,1,1.0188679245283019,38.19,43.888888888888886,0.0016438356164383563,1.4256
14,24.35,1,92,0.1,0.0567999999999999,1,1,0.1,0.797,3.62,1.0,7.76,3.6,1,1.0714285714285714,24.35,83.63636363636363,0.006484018264840171,0.36000000000000004
39,66.7,10,7,0.386,0.1616,1,0,5.4,0.714,4.25,6.78,8.04,5.3,0,1.2564102564102564,667.0,1.09375,0.017876106194690267,2.0458
44,73.34,23,8,0.403,0.0792,1,0,1.9,0.819,3.86,6.0,7.93,5.4,0,1.5227272727272727,1686.8200000000002,2.7586206896551726,0.008868980963045914,2.1762
2,113.64,1,12,0.299,0.2648,1,0,0.4,0.291,4.33,4.57,7.78,4.4,0,1.5,113.64,8.571428571428571,0.03015945330296127,1.3156
37,241.29,10,58,0.385,0.0784,1,1,2.9,0.465,4.17,3.4,8.24,4.2,0,1.2702702702702702,2412.9,14.871794871794872,0.008484848484848484,1.6170000000000002
32,33.97,9,8,0.112,0.0672,3,0,2.8,0.239,3.16,5.83,5.94,3.6,0,1.28125,305.73,2.1052631578947367,0.02904899135446686,0.4032
32,71.72,1,27,0.239,0.1376,2,0,2.9,0.398,4.26,4.65,7.47,4.2,0,1.03125,71.72,6.923076923076923,0.03249114521841795,1.0038
33,85.48,17,73,0.361,0.0104,0,0,3.3,0.588,4.2,3.02,9.17,5.0,1,1.5151515151515151,1453.16,16.976744186046513,0.0,1.805
13,129.01,1,6,0.149,0.048,0,0,5.5,0.449,4.6,6.57,9.44,3.3,0,1.0769230769230769,129.01,0.9230769230769231,0.0,0.49169999999999997
54,98.65,14,24,0.128,0.0216,1,0,5.1,0.644,4.24,5.97,8.5,3.3,0,1.2592592592592593,1381.1000000000001,3.934426229508197,0.0022736842105263158,0.4224
31,158.4,16,27,0.417,0.0048,0,0,0.8,0.92,2.96,4.45,7.94,5.0,0,1.5161290322580645,2534.4,15.0,0.0,2.085
7,65.72,2,58,0.484,0.0616,0,0,2.2,0.876,3.66,2.9,8.45,6.0,0,1.2857142857142856,131.44,18.125,0.0,2.904
19,126.18,5,9,0.233,0.0216,2,0,2.9,0.771,3.27,5.68,6.86,3.9,0,1.263157894736842,630.9000000000001,2.307692307692308,0.00549618320610687,0.9087000000000001
20,104.72,1,25,0.407,0.0912,0,0,4.5,0.942,2.73,5.28,7.43,5.2,0,1.05,104.72,4.545454545454546,0.0,2.1164
60,44.25,16,5,0.282,0.032,0,0,0.1,0.43,3.64,5.32,8.53,4.7,0,1.2666666666666666,708.0,4.545454545454545,0.0,1.3254
34,64.94,1,1,0.351,0.0624,0,0,4.0,0.454,3.26,6.32,8.05,5.1,0,1.0294117647058822,64.94,0.2,0.0,1.7900999999999998
40,130.9,11,18,0.267,0.04,0,0,1.8,0.524,4.64,5.07,9.51,4.1,0,1.275,1439.9,6.428571428571429,0.0,1.0947
46,22.68,12,43,0.1,0.0,0,1,5.0,0.295,2.35,4.92,7.35,3.6,0,1.2608695652173914,272.15999999999997,7.166666666666667,0.0,0.36000000000000004
35,48.37,1,50,0.433,0.0008,1,0,2.9,0.846,3.26,3.5,7.59,5.7,0,1.0285714285714285,48.37,12.820512820512821,9.313154831199069e-05,2.4681
52,47.14,40,8,0.586,0.1568,0,0,5.3,0.9,3.91,7.7,8.39,6.8,0,1.7692307692307692,1885.6,1.2698412698412698,0.0,3.9847999999999995
20,116.99,11,18,0.289,0.0504,1,1,3.9,0.366,4.71,5.77,8.88,4.3,0,1.55,1286.8899999999999,3.6734693877551017,0.0051012145748987854,1.2427
2,118.67,1,14,0.192,0.0096,2,0,3.7,0.816,3.62,5.57,7.25,3.6,0,1.5,118.67,2.978723404255319,0.002327272727272727,0.6912
50,40.08,13,58,0.126,0.2744,1,0,4.1,0.624,4.2,3.9,7.62,3.6,1,1.26,521.04,11.372549019607844,0.03183294663573085,0.4536
21,42.7,1,38,0.105,0.0528,0,0,2.5,0.761,4.09,3.97,8.91,3.5,0,1.0476190476190477,42.7,10.857142857142858,0.0,0.3675
28,78.78,1,30,0.149,0.2096,0,0,0.0,0.543,3.01,3.53,7.31,3.6,0,1.0357142857142858,78.78,30.0,0.0,0.5364
59,86.09,1,79,0.229,0.0544,1,0,3.4,0.695,4.23,2.22,8.38,4.1,1,1.0169491525423728,86.09,17.954545454545453,0.00579957356076759,0.9389
21,36.29,6,17,0.167,0.0376,1,0,4.9,0.584,4.04,5.98,8.25,4.0,0,1.2857142857142856,217.74,2.8813559322033897,0.004064864864864865,0.668
25,15.94,19,15,0.224,0.128,2,0,2.0,0.492,4.08,5.55,7.32,4.5,0,1.76,302.86,5.0,0.030769230769230767,1.008
45,10.0,12,32,0.27,0.1072,0,0,5.5,0.745,2.03,5.63,6.67,4.8,0,1.2666666666666666,120.0,4.923076923076923,0.0,1.296
38,77.42,10,25,0.574,0.0008,0,0,4.9,0.859,4.22,5.72,9.22,6.6,0,1.263157894736842,774.2,4.23728813559322,0.0,3.7883999999999993
60,23.78,46,17,0.384,0.0304,1,1,3.7,0.645,5.0,6.92,9.23,5.5,0,1.7666666666666666,1093.88,3.6170212765957444,0.0029716520039100684,2.112
50,61.18,1,4,0.6,0.0272,0,0,2.7,0.833,4.81,5.73,9.72,6.8,0,1.02,61.18,1.081081081081081,0.0,4.08
43,139.5,11,32,0.276,0.104,0,0,3.9,0.858,4.13,5.07,8.78,4.1,0,1.255813953488372,1534.5,6.530612244897958,0.0,1.1316
48,76.54,13,30,0.204,0.0304,0,1,0.1,0.824,2.97,3.97,7.87,4.0,0,1.2708333333333333,995.0200000000001,27.27272727272727,0.0,0.816
8,39.24,9,38,0.117,0.0096,2,1,2.4,0.423,3.37,4.2,7.0,3.6,0,2.125,353.16,11.176470588235295,0.0024,0.4212
10,138.75,6,64,0.322,0.0736,0,0,2.8,0.897,5.0,2.93,9.75,4.4,1,1.6,832.5,16.842105263157894,0.0,1.4168
25,56.82,19,29,0.308,0.04,1,1,0.9,0.427,2.97,4.48,7.17,4.8,0,1.76,1079.58,15.263157894736842,0.004895960832313342,1.4784
17,142.6,1,13,0.538,0.056,3,1,0.8,0.855,3.74,4.65,6.55,5.9,0,1.0588235294117647,142.6,7.222222222222222,0.022251655629139076,3.1742000000000004
25,291.99,7,28,0.259,0.0384,1,0,5.6,0.315,2.05,5.7,6.26,3.1,0,1.28,2043.93,4.242424242424242,0.005289256198347107,0.8029000000000001
43,58.91,1,2,0.569,0.0752,0,0,3.1,0.773,3.99,5.97,8.74,6.6,0,1.0232558139534884,58.91,0.48780487804878053,0.0,3.7553999999999994
44,56.82,1,6,0.106,0.0744,0,0,3.0,0.722,3.9,5.73,8.65,3.4,0,1.0227272727272727,56.82,1.5,0.0,0.3604
20,60.92,6,21,0.185,0.024,1,0,3.8,0.286,5.0,5.42,9.25,3.9,0,1.3,365.52,4.375,0.0023414634146341463,0.7215
20,60.05,11,10,0.601,0.128,1,0,1.7,0.462,4.88,5.43,8.79,6.8,0,1.55,660.55,3.7037037037037033,0.01307456588355465,4.086799999999999
25,98.36,1,20,0.027,0.016,1,0,0.4,0.787,3.39,4.17,7.67,2.6,0,1.04,98.36,14.285714285714286,0.001845444059976932,0.0702
24,69.77,1,27,0.166,0.0024,2,0,3.9,0.572,3.64,4.98,7.3,3.7,0,1.0416666666666667,69.77,5.5102040816326525,0.0005783132530120481,0.6142000000000001
2,25.37,2,8,0.62,0.0472,1,0,4.1,0.739,3.59,6.03,7.77,7.2,0,2.0,50.74,1.5686274509803924,0.005381984036488027,4.464
34,184.04,9,31,0.21,0.0904,2,1,5.9,0.431,1.99,5.72,5.36,3.4,0,1.2647058823529411,1656.36,4.492753623188405,0.02842767295597484,0.714
5,32.73,2,10,0.376,0.0816,0,0,5.3,0.629,2.89,6.33,7.62,5.4,0,1.4,65.46,1.5873015873015874,0.0,2.0304
55,103.94,28,112,0.306,0.0096,0,0,2.9,0.619,5.0,1.9,9.97,4.5,1,1.509090909090909,2910.3199999999997,28.71794871794872,0.0,1.377
2,66.97,2,71,0.147,0.0832,0,0,6.6,0.379,2.76,3.72,7.48,3.6,1,2.0,133.94,9.342105263157896,0.0,0.5292
1,34.66,1,3,0.603,0.0,0,0,5.2,0.879,4.74,6.62,9.74,7.0,0,2.0,34.66,0.48387096774193544,0.0,4.221
53,63.07,27,7,0.046,0.0296,0,1,1.2,0.714,5.0,5.95,9.9,2.9,0,1.509433962264151,1702.89,3.1818181818181817,0.0,0.1334
15,63.27,8,31,0.32,0.0848,0,0,1.2,0.629,3.64,4.12,8.36,4.9,0,1.5333333333333332,506.16,14.09090909090909,0.0,1.568
13,144.73,4,14,0.44,0.0496,0,0,3.5,0.612,4.32,5.6,9.15,5.2,0,1.3076923076923077,578.92,3.111111111111111,0.0,2.2880000000000003
23,46.07,1,22,0.316,0.0376,1,0,2.1,0.623,4.98,4.63,9.19,4.9,0,1.0434782608695652,46.07,7.096774193548387,0.0036898920510304222,1.5484000000000002
23,62.14,6,27,0.36,0.012,0,0,1.7,0.825,3.32,4.42,8.28,5.1,0,1.2608695652173914,372.84000000000003,10.0,0.0,1.8359999999999999
5,51.91,1,8,0.523,0.088,0,0,2.8,0.336,3.43,5.57,8.14,6.3,0,1.2,51.91,2.1052631578947367,0.0,3.2949
42,96.47,11,15,0.219,0.0032,0,1,6.2,0.204,4.56,6.68,9.55,4.0,0,1.2619047619047619,1061.17,2.0833333333333335,0.0,0.876
4,77.56,1,6,0.401,0.18,2,1,5.9,0.461,3.77,6.7,6.84,5.3,0,1.25,77.56,0.8695652173913043,0.04591836734693878,2.1253
54,84.59,14,65,0.201,0.108,0,0,1.9,0.646,4.96,2.85,9.6,3.9,0,1.2592592592592593,1184.26,22.413793103448278,0.0,0.7839
3,141.59,1,109,0.308,0.0104,0,0,6.4,0.735,5.0,2.17,9.97,4.3,1,1.3333333333333333,141.59,14.72972972972973,0.0,1.3244
4,70.1,1,42,0.034,0.0144,0,0,3.5,0.903,4.73,4.1,9.68,2.8,0,1.25,70.1,9.333333333333334,0.0,0.0952
26,32.08,1,13,0.219,0.0712,1,0,5.8,0.648,5.0,6.32,9.1,4.3,0,1.0384615384615385,32.08,1.911764705882353,0.00704950495049505,0.9417
20,54.68,1,8,0.271,0.0672,0,0,4.6,0.631,4.54,6.17,9.32,4.6,0,1.05,54.68,1.4285714285714286,0.0,1.2466
8,51.13,5,85,0.265,0.2048,2,0,2.1,0.374,4.85,1.62,7.83,4.5,1,1.625,255.65,27.419354838709676,0.046387315968289926,1.1925000000000001
34,51.84,9,26,0.435,0.072,4,0,5.5,0.38,3.42,5.83,5.51,5.7,0,1.2647058823529411,466.56000000000006,4.0,0.04423963133640553,2.4795000000000003
9,62.46,3,32,0.694,0.1488,1,1,7.1,0.884,3.11,5.87,6.95,7.5,0,1.3333333333333333,187.38,3.9506172839506175,0.01871698113207547,5.205
5,81.52,4,3,0.375,0.0624,1,1,5.4,0.546,3.74,6.78,7.87,5.1,0,1.8,326.08,0.46875,0.007034949267192784,1.9124999999999999
31,89.75,1,26,0.183,0.0328,0,0,2.8,0.695,4.53,4.67,9.42,3.7,0,1.032258064516129,89.75,6.842105263157895,0.0,0.6771
47,82.7,1,4,0.12,0.036,4,0,3.3,0.469,2.59,5.93,4.8,3.3,0,1.0212765957446808,82.7,0.9302325581395349,0.02482758620689655,0.39599999999999996
35,26.14,27,19,0.295,0.0472,0,0,3.4,0.493,3.77,6.08,8.61,4.9,0,1.7714285714285714,705.78,4.3181818181818175,0.0,1.4455
36,30.2,1,8,0.38,0.0112,1,0,5.0,0.471,3.86,6.3,8.16,5.5,0,1.0277777777777777,30.2,1.3333333333333333,0.001222707423580786,2.09
56,40.4,43,10,0.055,0.0008,3,0,3.3,0.704,2.17,7.03,5.17,3.1,0,1.7678571428571428,1737.2,2.3255813953488373,0.0003889789303079417,0.1705
54,102.96,14,16,0.268,0.0776,1,0,1.6,0.889,3.59,5.2,7.66,4.3,0,1.2592592592592593,1441.4399999999998,6.153846153846153,0.008960739030023096,1.1524
44,141.14,12,8,0.193,0.0872,0,1,1.7,0.472,4.29,5.57,9.0,3.5,0,1.2727272727272727,1693.6799999999998,2.962962962962963,0.0,0.6755
36,161.75,10,2,0.368,0.0464,0,0,4.6,0.643,3.57,6.77,8.42,4.6,0,1.2777777777777777,1617.5,0.35714285714285715,0.0,1.6927999999999999
5,70.91,3,8,0.549,0.0224,0,0,2.4,0.624,3.43,5.5,8.36,6.4,0,1.6,212.73,2.3529411764705883,0.0,3.5136000000000003
11,60.21,1,8,0.079,0.0592,1,0,2.1,0.858,3.89,5.33,8.03,3.2,0,1.0909090909090908,60.21,2.5806451612903225,0.00655592469545958,0.2528
23,173.73,1,3,0.211,0.0088,1,0,0.2,0.493,3.98,4.95,8.28,3.4,0,1.0434782608695652,173.73,2.5,0.0009482758620689656,0.7173999999999999
44,286.26,34,42,0.255,0.1176,2,1,1.7,0.357,3.3,4.6,6.57,3.1,0,1.7727272727272727,9732.84,15.555555555555555,0.03107001321003963,0.7905000000000001
48,55.05,1,63,0.132,0.0392,1,0,1.9,0.584,3.48,2.52,7.68,3.6,1,1.0208333333333333,55.05,21.724137931034484,0.004516129032258065,0.4752
55,55.93,28,27,0.099,0.0944,1,0,3.2,0.671,4.03,5.65,8.05,3.4,0,1.509090909090909,1566.04,6.428571428571428,0.010430939226519336,0.3366
22,65.18,6,27,0.136,0.0392,1,0,5.3,0.451,4.04,5.62,8.24,3.6,0,1.2727272727272727,391.08000000000004,4.285714285714286,0.004242424242424242,0.48960000000000004
33,43.46,9,24,0.05,0.092,1,0,5.0,0.625,3.23,5.77,7.26,3.1,0,1.2727272727272727,391.14,4.0,0.011138014527845037,0.15500000000000003
59,96.79,15,50,0.252,0.0408,0,0,2.8,0.678,3.25,3.93,8.11,4.2,0,1.2542372881355932,1451.8500000000001,13.157894736842106,0.0,1.0584
30,30.73,8,6,0.431,0.0168,1,0,4.2,0.892,4.71,6.37,8.99,5.8,0,1.2666666666666666,245.84,1.1538461538461537,0.0016816816816816816,2.4998
49,132.97,13,24,0.372,0.1904,1,0,2.0,0.172,3.98,4.9,7.68,4.8,0,1.2653061224489797,1728.61,8.0,0.021935483870967745,1.7855999999999999
60,71.08,61,60,0.173,0.0552,2,0,3.6,0.346,3.6,4.87,7.08,3.8,0,2.0166666666666666,4335.88,13.043478260869566,0.013663366336633663,0.6573999999999999
49,214.69,13,120,0.469,0.0176,0,0,0.0,0.809,1.34,1.0,6.28,5.0,1,1.2653061224489797,2790.97,120.0,0.0,2.3449999999999998
52,45.04,14,21,0.179,0.0008,1,0,0.0,0.475,3.91,4.42,8.24,4.0,0,1.2692307692307692,630.56,21.0,8.658008658008658e-05,0.716
37,47.09,1,23,0.032,0.068,0,0,1.6,0.505,4.65,4.42,9.42,2.9,0,1.027027027027027,47.09,8.846153846153847,0.0,0.0928
43,42.16,22,3,0.257,0.04,1,0,3.4,0.694,3.8,6.72,8.0,4.5,0,1.5116279069767442,927.52,0.6818181818181818,0.0044444444444444444,1.1565
10,136.3,3,1,0.297,0.0168,0,0,1.6,0.46,5.0,5.58,9.94,4.3,0,1.3,408.90000000000003,0.3846153846153846,0.0,1.2771
37,40.07,10,4,0.313,0.084,2,0,2.0,0.346,2.92,5.8,6.31,5.0,0,1.2702702702702702,400.7,1.3333333333333333,0.022982216142270865,1.565
34,85.87,1,22,0.409,0.0936,0,0,0.4,0.625,4.47,4.07,9.16,5.3,0,1.0294117647058822,85.87,15.714285714285715,0.0,2.1677
50,26.94,13,35,0.247,0.12,1,0,1.3,0.909,4.14,4.12,8.07,4.6,0,1.26,350.22,15.217391304347828,0.01323042998897464,1.1361999999999999
25,103.03,7,69,0.303,0.0296,0,0,4.8,0.637,3.64,3.38,8.54,4.5,0,1.28,721.21,11.89655172413793,0.0,1.3635
22,90.54,6,1,0.293,0.0656,0,0,1.3,0.632,4.26,5.58,9.04,4.5,0,1.2727272727272727,543.24,0.4347826086956522,0.0,1.3185
54,117.57,1,50,0.46,0.1368,0,0,2.3,0.649,5.0,3.3,9.54,5.5,0,1.0185185185185186,117.57,15.151515151515152,0.0,2.5300000000000002
7,72.85,2,95,0.678,0.0336,0,1,3.2,0.747,4.44,1.38,9.33,7.3,1,1.2857142857142856,145.7,22.619047619047617,0.0,4.9494
53,63.81,1,5,0.119,0.0552,1,0,2.6,0.543,3.79,5.65,7.94,3.5,0,1.0188679245283019,63.81,1.3888888888888888,0.006174496644295301,0.4165
30,49.31,31,23,0.437,0.0072,0,1,3.4,0.749,3.59,6.02,8.57,5.8,0,2.033333333333333,1528.6100000000001,5.227272727272727,0.0,2.5345999999999997
51,41.91,1,13,0.2,0.004,1,0,3.3,0.879,5.0,5.48,9.32,4.1,0,1.0196078431372548,41.91,3.0232558139534884,0.0003875968992248062,0.82
10,213.18,3,10,0.372,0.0152,1,0,3.7,0.958,3.8,5.83,8.08,4.3,0,1.3,639.54,2.127659574468085,0.0016740088105726871,1.5996
3,218.82,1,15,0.521,0.1264,1,0,0.0,0.35,4.09,4.28,8.0,5.3,0,1.3333333333333333,218.82,15.0,0.014044444444444446,2.7613
17,82.18,5,62,0.228,0.0336,0,0,2.5,0.82,3.02,2.9,7.91,4.1,1,1.2941176470588236,410.90000000000003,17.714285714285715,0.0,0.9348
36,15.07,1,11,0.495,0.0752,0,1,3.7,0.622,4.38,5.72,9.13,6.4,0,1.0277777777777777,15.07,2.3404255319148937,0.0,3.168
10,52.94,1,30,0.42,0.0464,2,0,3.2,0.453,4.54,4.6,8.05,5.6,0,1.1,52.94,7.142857142857142,0.010254143646408838,2.352
22,43.88,1,7,0.19,0.004,1,0,4.1,0.613,3.71,6.05,8.03,4.1,0,1.0454545454545454,43.88,1.3725490196078431,0.00044296788482834997,0.7789999999999999
4,40.21,1,13,0.4,0.04,1,0,2.7,0.326,4.56,5.28,8.76,5.6,0,1.25,40.21,3.513513513513513,0.004098360655737705,2.2399999999999998
41,116.47,1,11,0.298,0.0352,1,0,7.6,0.769,4.67,7.02,8.89,4.4,0,1.024390243902439,116.47,1.2790697674418605,0.003559150657229525,1.3112000000000001
5,97.34,2,17,0.183,0.1128,2,0,4.9,0.362,4.76,5.85,8.05,3.7,0,1.4,194.68,2.8813559322033897,0.02492817679558011,0.6771
23,39.72,1,84,0.46,0.1808,3,0,0.0,0.611,2.57,1.0,4.97,6.0,1,1.0434782608695652,39.72,84.0,0.09085427135678392,2.7600000000000002
43,21.21,33,46,0.566,0.0096,0,0,1.7,0.971,3.74,4.37,8.71,6.8,0,1.7674418604651163,699.9300000000001,17.037037037037035,0.0,3.8487999999999993
2,50.74,2,1,0.312,0.0488,1,0,2.1,0.765,4.74,5.72,8.91,4.9,0,2.0,101.48,0.3225806451612903,0.004924318869828456,1.5288000000000002
14,135.99,4,3,0.314,0.1656,1,0,2.9,0.59,3.38,5.95,7.16,4.4,0,1.2857142857142856,543.96,0.7692307692307693,0.020294117647058824,1.3816000000000002
54,148.83,1,15,0.601,0.028,0,0,0.8,0.717,3.48,4.55,8.39,6.3,0,1.0185185185185186,148.83,8.333333333333334,0.0,3.7862999999999998
2,89.32,2,8,0.275,0.1399999999999999,4,0,6.7,0.355,3.27,6.9,5.14,4.4,0,2.0,178.64,1.0389610389610389,0.09120521172638431,1.2100000000000002
55,109.07,1,62,0.34,0.2048,2,0,2.9,0.673,3.55,2.9,6.53,4.7,1,1.018181818181818,109.07,15.897435897435898,0.05439575033200531,1.598
40,102.47,21,1,0.056,0.0232,2,0,4.9,0.582,3.57,7.28,7.16,2.8,0,1.525,2151.87,0.1694915254237288,0.005686274509803921,0.1568
29,230.58,1,15,0.423,0.0176,2,0,1.4,0.72,4.26,4.75,7.87,4.6,0,1.0344827586206897,230.58,6.25,0.003968432919954904,1.9457999999999998
56,52.03,15,2,0.545,0.0368,3,0,0.4,0.696,4.11,5.53,6.99,6.5,0,1.2678571428571428,780.45,1.4285714285714286,0.013817271589486858,3.5425000000000004
8,71.32,1,140,0.672,0.1056,0,0,2.7,0.814,4.02,1.0,8.67,7.3,1,1.125,71.32,37.83783783783784,0.0,4.905600000000001
16,21.99,5,14,0.375,0.2319999999999999,1,0,2.7,0.616,3.63,5.37,7.19,5.5,0,1.3125,109.94999999999999,3.7837837837837838,0.02832722832722831,2.0625
28,86.17,8,9,0.514,0.1144,0,0,4.5,0.462,4.07,6.32,8.69,6.1,0,1.2857142857142856,689.36,1.6363636363636365,0.0,3.1353999999999997
28,94.58,1,30,0.276,0.1976,1,0,4.9,0.155,3.51,5.17,7.18,4.4,0,1.0357142857142858,94.58,5.084745762711864,0.024156479217603912,1.2144000000000001
3,39.11,1,1,0.36,0.1192,0,0,3.5,0.801,4.28,6.15,8.88,5.3,0,1.3333333333333333,39.11,0.2222222222222222,0.0,1.908
35,37.1,1,9,0.3,0.0624,0,0,1.6,0.32,3.18,5.12,7.97,4.9,0,1.0285714285714285,37.1,3.4615384615384612,0.0,1.47
28,17.44,8,28,0.343,0.0024,0,1,1.7,0.121,3.74,4.43,8.73,5.3,0,1.2857142857142856,139.52,10.37037037037037,0.0,1.8179
41,79.08,52,30,0.32,0.0408,0,1,6.1,0.684,4.82,7.2,9.68,4.8,0,2.2682926829268295,4112.16,4.225352112676057,0.0,1.536
48,48.69,13,1,0.076,0.0512,1,1,3.0,0.492,4.42,6.38,8.58,3.2,0,1.2708333333333333,632.97,0.25,0.005344467640918581,0.2432
26,82.95,1,4,0.587,0.0064,0,0,1.4,0.373,5.0,5.3,9.98,6.6,0,1.0384615384615385,82.95,1.6666666666666667,0.0,3.8741999999999996
26,78.76,7,80,0.051,0.0712,0,0,2.5,0.765,4.77,2.07,9.53,2.9,1,1.2692307692307692,551.32,22.857142857142858,0.0,0.14789999999999998
21,41.5,11,27,0.45,0.0016,0,0,2.1,0.803,4.7,4.72,9.69,5.9,0,1.5238095238095237,456.5,8.709677419354838,0.0,2.6550000000000002
21,102.26,11,20,0.021,0.0184,1,0,0.5,0.51,3.74,4.53,8.01,2.5,0,1.5238095238095237,1124.8600000000001,13.333333333333334,0.002042175360710322,0.052500000000000005
47,126.33,24,102,0.441,0.0216,1,0,2.3,0.59,4.96,1.57,9.22,5.3,1,1.5106382978723403,3031.92,30.90909090909091,0.0021135029354207436,2.3373
57,124.99,15,75,0.284,0.1128,2,0,2.3,0.58,3.98,2.52,7.27,4.2,1,1.263157894736842,1874.85,22.72727272727273,0.027279322853688028,1.1927999999999999
42,61.38,11,31,0.132,0.176,1,0,4.1,0.831,4.35,5.18,8.1,3.6,0,1.2619047619047619,675.1800000000001,6.07843137254902,0.01934065934065934,0.4752
53,56.93,14,73,0.602,0.2,1,0,4.2,0.263,3.57,3.22,7.24,6.9,1,1.2641509433962264,797.02,14.038461538461538,0.024271844660194174,4.1538
45,95.1,46,19,0.341,0.0536,0,1,2.2,0.465,5.0,6.32,9.82,4.8,0,2.022222222222222,4374.599999999999,5.9375,0.0,1.6368
25,44.26,1,2,0.265,0.016,0,0,1.3,0.802,4.33,5.37,9.28,4.6,0,1.04,44.26,0.8695652173913044,0.0,1.2189999999999999
16,70.01,1,45,0.333,0.0232,2,0,3.4,0.457,2.94,3.92,6.53,4.9,0,1.0625,70.01,10.227272727272727,0.006162018592297476,1.6317000000000002
42,37.02,11,21,0.525,0.0152,1,0,3.2,0.818,3.14,5.38,7.42,6.5,0,1.2619047619047619,407.22,5.0,0.0018052256532066508,3.4125
8,55.3,3,23,0.185,0.1024,2,0,2.3,0.801,2.48,4.72,5.81,4.0,0,1.375,165.89999999999998,6.96969696969697,0.030073421439060208,0.74
33,234.78,34,31,0.173,0.1104,2,1,6.9,0.816,3.27,6.88,6.57,2.8,0,2.0303030303030303,7982.52,3.9240506329113924,0.029167767503302508,0.48439999999999994
58,85.32,30,2,0.198,0.0448,1,0,2.4,0.717,3.55,6.7,7.73,3.9,0,1.5172413793103448,2559.6,0.5882352941176471,0.005131729667812141,0.7722
26,87.24,1,62,0.121,0.0328,1,0,0.0,0.327,4.61,1.93,8.83,3.3,1,1.0384615384615385,87.24,62.0,0.0033367243133265514,0.3993
5,70.46,2,48,0.154,0.0328,1,0,2.9,0.171,3.81,3.63,8.03,3.7,1,1.4,140.92,12.307692307692308,0.00363233665559247,0.5698
24,89.22,1,15,0.373,0.0224,2,0,3.3,0.591,2.89,5.38,6.48,5.1,0,1.0416666666666667,89.22,3.488372093023256,0.005989304812834224,1.9022999999999999
54,33.83,1,23,0.292,0.0104,0,0,1.5,0.509,3.69,4.38,8.66,4.8,0,1.0185185185185186,33.83,9.2,0.0,1.4016
39,63.33,10,157,0.773,0.0552,1,1,4.5,0.399,5.0,1.83,9.15,8.0,1,1.2564102564102564,633.3,28.545454545454547,0.005438423645320197,6.184
53,38.02,1,14,0.385,0.0064,1,0,0.8,0.402,4.01,4.6,8.32,5.5,0,1.0188679245283019,38.02,7.777777777777778,0.0006866952789699571,2.1175
3,165.14,1,105,0.16,0.1264,0,0,2.0,0.7,4.08,1.0,8.66,3.1,1,1.3333333333333333,165.14,35.0,0.0,0.49600000000000005
49,39.13,1,41,0.38,0.0192,1,0,5.7,0.816,4.16,4.88,8.43,5.4,0,1.0204081632653061,39.13,6.119402985074626,0.002036055143160127,2.052
60,32.52,1,56,0.256,0.1152,0,0,4.2,0.467,5.0,3.63,9.62,4.6,0,1.0166666666666666,32.52,10.769230769230768,0.0,1.1776
23,86.56,6,124,0.095,0.088,0,1,2.7,0.437,5.0,1.1,9.71,3.1,1,1.2608695652173914,519.36,33.51351351351351,0.0,0.29450000000000004
44,35.4,12,12,0.486,0.032,2,0,4.5,0.655,2.51,6.3,6.07,6.2,0,1.2727272727272727,424.79999999999995,2.1818181818181817,0.009052333804809052,3.0132
43,113.77,22,20,0.174,0.0752,0,1,2.0,0.75,3.69,5.4,8.44,3.5,0,1.5116279069767442,2502.94,6.666666666666667,0.0,0.609
41,30.35,21,19,0.53,0.1135999999999999,2,0,6.4,0.412,4.1,6.88,7.39,6.5,0,1.5121951219512195,637.35,2.5675675675675675,0.027079856972586386,3.4450000000000003
30,49.55,1,88,0.132,0.0448,0,1,0.2,0.432,3.56,1.0,8.41,3.6,1,1.0333333333333334,49.55,73.33333333333334,0.0,0.4752
10,76.75,1,17,0.47,0.0304,0,0,7.6,0.595,4.41,6.72,9.31,5.8,0,1.1,76.75,1.9767441860465118,0.0,2.726
5,42.98,3,12,0.231,0.0552,0,0,6.1,0.531,4.81,6.53,9.63,4.4,0,1.6,128.94,1.6901408450704227,0.0,1.0164000000000002
9,29.52,3,10,0.142,0.0696,0,1,2.8,0.487,3.67,5.53,8.44,3.8,0,1.3333333333333333,88.56,2.6315789473684212,0.0,0.5396
40,80.1,21,2,0.276,0.0328,4,0,6.4,0.671,2.42,7.73,4.64,4.5,0,1.525,1682.1,0.27027027027027023,0.023262411347517734,1.242
37,66.44,10,42,0.266,0.0344,0,0,1.5,0.444,3.29,3.73,8.18,4.5,0,1.2702702702702702,664.4,16.8,0.0,1.197
42,38.73,11,38,0.351,0.2592,4,0,0.0,0.793,3.86,3.47,5.33,5.2,1,1.2619047619047619,426.03,38.0,0.16379146919431278,1.8252
36,117.36,10,79,0.25,0.0608,0,0,4.3,0.202,4.73,2.82,9.53,4.0,1,1.2777777777777777,1173.6,14.90566037735849,0.0,1.0
25,81.44,1,0,0.155,0.2232,0,1,2.5,0.802,4.53,5.87,8.79,3.6,0,1.04,81.44,0.0,0.0,0.558
45,45.82,12,40,0.364,0.188,2,0,3.0,0.75,4.96,4.4,8.0,5.3,0,1.2666666666666666,549.84,10.0,0.041777777777777775,1.9291999999999998
27,177.46,1,53,0.262,0.0552,1,0,1.9,0.833,3.59,3.02,7.74,3.8,1,1.037037037037037,177.46,18.27586206896552,0.00631578947368421,0.9956
9,97.65,3,5,0.08,0.0624,1,0,1.3,0.907,4.33,5.28,8.46,3.0,0,1.3333333333333333,292.95000000000005,2.173913043478261,0.0065961945031712465,0.24
52,63.58,14,18,0.08,0.0312,0,0,4.6,0.846,3.83,6.1,8.73,3.2,0,1.2692307692307692,890.12,3.2142857142857144,0.0,0.256
44,59.04,12,3,0.362,0.0456,0,0,3.6,0.112,3.44,6.45,8.29,5.2,0,1.2727272727272727,708.48,0.6521739130434783,0.0,1.8824
28,110.69,8,52,0.133,0.0016,0,0,1.2,0.472,4.7,3.07,9.69,3.3,0,1.2857142857142856,885.52,23.636363636363633,0.0,0.4389
41,138.25,1,1,0.073,0.0552,1,0,2.2,0.394,4.78,5.72,8.93,2.7,0,1.024390243902439,138.25,0.3125,0.005558912386706949,0.1971
38,64.69,1,49,0.44,0.0688,0,0,2.9,0.939,4.55,3.55,9.32,5.7,0,1.0263157894736843,64.69,12.564102564102564,0.0,2.508
45,52.17,23,51,0.492,0.2152,1,0,1.4,0.908,4.01,3.68,7.63,6.1,1,1.511111111111111,1199.91,21.25,0.024936268829663967,3.0012
6,124.14,1,37,0.487,0.0608,0,1,3.6,0.548,4.92,4.38,9.72,5.7,0,1.1666666666666667,124.14,8.043478260869566,0.0,2.7759
45,34.89,1,7,0.297,0.1528,0,0,1.1,0.17,4.19,5.05,8.68,4.9,0,1.0222222222222221,34.89,3.333333333333333,0.0,1.4553
56,172.45,43,2,0.388,0.2264,1,0,1.1,0.674,5.0,6.7,8.58,4.7,0,1.7678571428571428,7415.349999999999,0.9523809523809523,0.023632567849686845,1.8236
51,74.09,13,8,0.716,0.0352,0,0,2.7,0.563,4.14,5.93,9.02,7.6,0,1.2549019607843137,963.1700000000001,2.162162162162162,0.0,5.441599999999999
22,27.11,12,71,0.101,0.1752,2,0,3.4,0.245,4.5,2.98,7.58,3.5,1,1.5454545454545454,325.32,16.136363636363637,0.04083916083916084,0.35350000000000004
47,73.28,1,34,0.485,0.0448,0,0,1.8,0.565,5.0,3.93,9.85,6.0,0,1.0212765957446808,73.28,12.142857142857144,0.0,2.91
48,110.56,13,13,0.737,0.0784,0,1,7.8,0.953,4.09,7.38,8.83,7.5,0,1.2708333333333333,1437.28,1.477272727272727,0.0,5.5275
26,57.03,1,1,0.274,0.08,0,0,3.1,0.829,3.78,6.02,8.51,4.6,0,1.0384615384615385,57.03,0.24390243902439027,0.0,1.2604
46,45.86,24,1,0.38,0.0304,2,1,3.7,0.597,3.56,6.98,7.13,5.4,0,1.5217391304347827,1100.6399999999999,0.2127659574468085,0.007478474784747848,2.052
8,84.62,3,39,0.014,0.0328,0,0,5.1,0.849,4.09,4.85,8.98,2.6,0,1.375,253.86,6.39344262295082,0.0,0.0364
27,33.49,7,10,0.35,0.0184,1,0,5.8,0.453,4.28,6.67,8.55,5.2,0,1.2592592592592593,234.43,1.4705882352941178,0.001926701570680628,1.8199999999999998
33,66.88,17,80,0.208,0.0184,0,0,3.9,0.443,2.82,2.87,7.76,4.1,1,1.5151515151515151,1136.96,16.3265306122449,0.0,0.8527999999999999
6,54.28,1,90,0.032,0.164,0,0,0.1,0.776,4.16,1.0,8.61,2.9,1,1.1666666666666667,54.28,81.81818181818181,0.0,0.0928
39,105.54,1,25,0.14,0.0072,0,0,2.3,0.501,4.94,4.55,9.92,3.3,0,1.0256410256410255,105.54,7.575757575757576,0.0,0.462
19,62.33,5,35,0.094,0.068,0,0,4.1,0.654,5.0,4.78,9.77,3.3,0,1.263157894736842,311.65,6.862745098039216,0.0,0.3102
53,131.15,27,48,0.67,0.1296,2,0,5.2,0.827,3.26,5.23,6.49,6.9,0,1.509433962264151,3541.05,7.741935483870967,0.03460614152202937,4.623
14,23.62,11,5,0.228,0.0768,2,0,3.4,0.733,3.65,6.25,7.06,4.5,0,1.7857142857142856,259.82,1.1363636363636362,0.019057071960297767,1.026
13,47.63,17,38,0.328,0.0456,0,0,1.3,0.674,4.69,4.1,9.54,5.0,0,2.3076923076923075,809.71,16.521739130434785,0.0,1.6400000000000001
57,47.05,43,7,0.313,0.0168,0,1,4.7,0.53,4.23,7.65,9.17,4.9,0,1.7543859649122808,2023.1499999999999,1.2280701754385965,0.0,1.5337
5,34.15,4,25,0.033,0.0048,1,1,0.0,0.701,3.09,3.88,7.41,3.0,0,1.8,136.6,25.0,0.0005707491082045183,0.099
42,172.56,1,34,0.073,0.0088,0,0,5.2,0.848,2.5,5.07,7.47,2.5,0,1.0238095238095237,172.56,5.483870967741935,0.0,0.1825
6,64.23,5,52,0.276,0.0328,0,1,1.7,0.845,3.88,3.13,8.77,4.5,0,1.8333333333333335,321.15000000000003,19.25925925925926,0.0,1.242
28,72.74,22,48,0.146,0.0072,1,0,4.3,0.48,2.91,4.77,7.22,3.6,0,1.7857142857142856,1600.28,9.056603773584905,0.0008759124087591242,0.5256
23,100.67,12,24,0.233,0.0888,2,0,4.1,0.332,3.57,5.57,6.94,4.0,0,1.5217391304347827,1208.04,4.705882352941177,0.022367758186397985,0.932
23,61.97,18,12,0.272,0.1432,1,0,5.3,0.43,4.7,6.77,8.56,4.5,0,1.7826086956521738,1115.46,1.9047619047619049,0.014979079497907949,1.2240000000000002
51,40.7,13,117,0.418,0.0736,3,0,2.3,0.614,2.18,1.2,4.93,5.7,1,1.2549019607843137,529.1,35.45454545454545,0.037234401349072514,2.3826
33,107.96,1,22,0.052,0.0336,2,0,2.2,0.555,5.0,4.67,8.55,2.7,0,1.0303030303030303,107.96,6.875,0.007036649214659685,0.1404
59,20.37,30,39,0.646,0.1672,2,1,3.8,0.892,2.66,5.32,5.77,7.4,0,1.5084745762711864,611.1,8.125,0.0493943870014771,4.7804
39,68.6,10,36,0.11,0.1432,1,0,0.0,0.581,1.85,3.53,5.71,3.4,1,1.2564102564102564,686.0,36.0,0.02134128166915052,0.374
60,61.15,16,28,0.255,0.0744,0,0,1.2,0.5,4.68,4.53,9.43,4.4,0,1.2666666666666666,978.4,12.727272727272727,0.0,1.122
14,32.53,4,130,0.398,0.1376,0,1,0.0,0.563,4.98,1.0,9.52,5.6,1,1.2857142857142856,130.12,130.0,0.0,2.2288
33,125.44,9,32,0.086,0.0152,1,0,0.4,0.46,3.92,3.83,8.2,2.8,0,1.2727272727272727,1128.96,22.857142857142858,0.0016521739130434783,0.24079999999999996
48,87.47,25,107,0.232,0.056,0,0,5.5,0.747,3.4,2.67,8.21,4.1,1,1.5208333333333335,2186.75,16.46153846153846,0.0,0.9511999999999999
40,55.51,11,1,0.17,0.0224,0,0,5.1,0.486,5.0,7.02,9.93,3.9,0,1.275,610.61,0.1639344262295082,0.0,0.663
53,35.59,14,87,0.195,0.0552,2,0,5.8,0.396,5.0,3.05,8.48,4.2,1,1.2641509433962264,498.26000000000005,12.794117647058824,0.011645569620253165,0.8190000000000001
44,105.41,1,33,0.368,0.0976,3,0,2.7,0.666,3.83,4.28,6.5,4.9,1,1.0227272727272727,105.41,8.91891891891892,0.03904,1.8032000000000001
45,90.94,23,12,0.089,0.004,1,1,2.4,0.521,4.91,5.97,9.23,3.1,0,1.511111111111111,2091.62,3.5294117647058822,0.00039100684261974585,0.2759
37,93.84,10,2,0.35,0.088,0,0,5.3,0.327,4.57,7.0,9.28,4.9,0,1.2702702702702702,938.4000000000001,0.31746031746031744,0.0,1.715
39,105.21,1,6,0.269,0.0664,1,0,3.5,0.675,2.85,5.9,6.96,4.3,0,1.0256410256410255,105.21,1.3333333333333333,0.008341708542713568,1.1567
16,51.61,1,43,0.273,0.0168,0,0,5.3,0.731,4.5,4.65,9.44,4.6,0,1.0625,51.61,6.825396825396826,0.0,1.2558
51,171.61,13,3,0.232,0.008,1,0,0.6,0.748,4.26,5.48,8.57,3.6,0,1.2549019607843137,2230.9300000000003,1.875,0.0008359456635318704,0.8352
56,59.23,29,6,0.401,0.0464,0,0,5.0,0.95,3.72,7.33,8.57,5.5,0,1.5178571428571428,1717.6699999999998,1.0,0.0,2.2055000000000002
34,81.53,1,46,0.134,0.0264,2,0,1.7,0.836,4.62,3.3,8.2,3.4,0,1.0294117647058822,81.53,17.037037037037035,0.0057391304347826095,0.4556
6,90.12,1,4,0.718,0.0088,0,0,0.0,0.59,4.5,4.83,9.47,7.5,0,1.1666666666666667,90.12,4.0,0.0,5.385
52,57.09,27,35,0.261,0.0064,1,0,4.2,0.483,3.92,5.55,8.23,4.5,0,1.5192307692307692,1541.43,6.730769230769231,0.0006933911159263271,1.1745
5,43.18,1,2,0.367,0.04,0,0,2.4,0.567,5.0,5.73,9.87,5.3,0,1.2,43.18,0.5882352941176471,0.0,1.9450999999999998
29,51.96,8,24,0.079,0.0264,0,1,5.3,0.359,4.37,5.83,9.28,3.2,0,1.2758620689655173,415.68,3.8095238095238098,0.0,0.2528
25,125.94,7,12,0.42,0.0664,1,0,1.0,0.384,3.65,4.97,7.76,5.2,0,1.28,881.5799999999999,6.0,0.007579908675799087,2.184
26,98.29,14,28,0.027,0.1488,2,1,3.7,0.357,3.18,5.3,6.35,2.6,0,1.5384615384615383,1376.0600000000002,5.957446808510638,0.04048979591836734,0.0702
44,79.46,45,6,0.37,0.0456,0,0,1.8,0.293,4.44,6.8,9.29,5.1,0,2.0227272727272725,3575.7,2.142857142857143,0.0,1.8869999999999998
37,87.44,1,74,0.157,0.0064,1,0,4.5,0.612,3.52,2.83,7.83,3.6,1,1.027027027027027,87.44,13.454545454545455,0.0007248018120045301,0.5652
56,59.32,29,7,0.184,0.0496,0,0,4.5,0.55,3.56,7.12,8.39,3.9,0,1.5178571428571428,1720.28,1.2727272727272727,0.0,0.7176
9,73.78,1,6,0.007,0.0784,0,0,2.3,0.514,5.0,5.5,9.74,2.6,0,1.1111111111111112,73.78,1.8181818181818183,0.0,0.0182
8,49.84,1,3,0.179,0.2016,1,0,1.6,0.446,4.38,5.42,8.04,4.0,0,1.125,49.84,1.1538461538461537,0.022300884955752213,0.716
38,33.34,1,30,0.384,0.104,1,0,1.4,0.534,2.2,4.0,6.19,5.5,0,1.0263157894736843,33.34,12.5,0.01446453407510431,2.112
22,36.22,6,54,0.18,0.0064,2,0,3.6,0.364,4.31,3.7,7.96,4.0,1,1.2727272727272727,217.32,11.73913043478261,0.0014285714285714286,0.72
57,15.46,29,35,0.427,0.0128,0,1,1.1,0.49,5.0,4.58,9.96,5.9,0,1.5087719298245614,448.34000000000003,16.666666666666664,0.0,2.5193000000000003
40,40.17,21,2,0.071,0.0344,1,1,4.6,0.812,3.21,7.13,7.43,3.3,0,1.525,843.57,0.35714285714285715,0.004080664294187426,0.23429999999999995
35,58.46,1,10,0.387,0.1632,2,1,7.3,0.912,4.02,6.97,7.14,5.4,0,1.0285714285714285,58.46,1.2048192771084336,0.0400982800982801,2.0898000000000003
12,18.39,1,39,0.328,0.0072,2,0,4.1,0.33,2.21,4.45,5.85,5.2,0,1.0833333333333333,18.39,7.647058823529412,0.0021021897810218977,1.7056000000000002
37,85.25,10,14,0.258,0.1936,1,0,3.0,0.732,3.99,5.63,7.68,4.3,0,1.2702702702702702,852.5,3.5,0.02230414746543779,1.1094
54,39.66,14,32,0.433,0.0088,1,0,1.4,0.815,3.38,4.33,7.68,5.8,0,1.2592592592592593,555.24,13.333333333333334,0.0010138248847926267,2.5114
24,21.72,7,32,0.431,0.196,1,0,1.8,0.589,4.64,4.23,8.32,5.9,0,1.2916666666666667,152.04,11.428571428571429,0.021030042918454936,2.5429
21,52.12,6,6,0.327,0.032,0,1,2.2,0.936,2.69,5.63,7.58,5.0,0,1.2857142857142856,312.71999999999997,1.875,0.0,1.635
44,64.0,12,26,0.135,0.1312,3,0,3.9,0.853,2.26,5.4,4.82,3.6,0,1.2727272727272727,768.0,5.3061224489795915,0.06762886597938145,0.48600000000000004
7,50.85,2,40,0.429,0.044,0,1,4.4,0.624,4.07,4.53,8.92,5.7,0,1.2857142857142856,101.7,7.4074074074074066,0.0,2.4453
40,89.99,1,13,0.079,0.0424,0,0,2.4,0.882,4.2,5.18,9.06,3.0,0,1.025,89.99,3.823529411764706,0.0,0.237
8,17.08,1,50,0.391,0.1464,2,1,2.6,0.694,2.89,3.4,6.07,5.6,0,1.125,17.08,13.88888888888889,0.041414427157001416,2.1896
54,27.84,1,4,0.161,0.0208,0,0,6.0,0.81,4.75,6.83,9.68,4.0,0,1.0185185185185186,27.84,0.5714285714285714,0.0,0.644
2,64.98,2,12,0.054,0.0104,0,0,2.8,0.368,4.26,5.4,9.23,3.0,0,2.0,129.96,3.1578947368421053,0.0,0.162
20,49.42,21,54,0.203,0.404,3,0,2.9,0.56,4.66,3.97,6.31,4.1,0,2.05,1037.82,13.846153846153847,0.16580027359781124,0.8323
22,63.04,12,2,0.258,0.0512,0,0,4.9,0.897,4.32,6.93,9.15,4.4,0,1.5454545454545454,756.48,0.3389830508474576,0.0,1.1352000000000002
31,100.92,16,83,0.375,0.0528,2,1,1.8,0.381,3.02,1.98,6.51,5.0,1,1.5161290322580645,1614.72,29.642857142857146,0.014061251664447404,1.875
24,244.39,13,30,0.541,0.0336,0,1,0.0,0.733,4.43,3.93,9.32,5.3,0,1.5416666666666665,3177.0699999999997,30.0,0.0,2.8673
3,32.41,1,4,0.448,0.0008,0,1,0.7,0.534,3.82,5.07,8.82,5.9,0,1.3333333333333333,32.41,2.3529411764705883,0.0,2.6432
11,193.6,3,2,0.313,0.0528,1,1,0.0,0.295,4.85,5.0,9.01,4.0,0,1.2727272727272727,580.8,2.0,0.005274725274725275,1.252
43,156.1,11,0,0.26,0.0528,0,0,3.6,0.19,3.64,6.57,8.46,3.9,0,1.255813953488372,1717.1,0.0,0.0,1.014
48,55.46,13,32,0.471,0.0536,0,1,6.7,0.457,3.29,6.07,8.11,6.0,0,1.2708333333333333,720.98,4.1558441558441555,0.0,2.8259999999999996
59,57.7,30,132,0.263,0.1032,0,0,2.7,0.795,3.26,1.9,7.92,4.5,1,1.5084745762711864,1731.0,35.67567567567568,0.0,1.1835
37,59.95,1,5,0.43,0.0296,3,0,6.1,0.756,2.06,6.82,4.96,5.7,0,1.027027027027027,59.95,0.7042253521126761,0.014899328859060404,2.451
51,95.69,39,8,0.231,0.052,2,1,1.5,0.587,4.01,6.4,7.5,4.0,0,1.7647058823529411,3731.91,3.2,0.012235294117647058,0.924
17,153.52,1,51,0.449,0.0344,1,0,1.0,0.316,5.0,2.82,9.22,5.2,1,1.0588235294117647,153.52,25.5,0.0033659491193737765,2.3348
28,35.73,22,84,0.298,0.088,1,0,5.4,0.16,4.22,3.33,8.26,4.9,1,1.7857142857142856,786.06,13.125,0.009503239740820735,1.4602
45,162.63,12,17,0.357,0.0112,0,0,5.8,0.973,3.71,6.48,8.67,4.5,0,1.2666666666666666,1951.56,2.5,0.0,1.6065
43,24.54,1,56,0.465,0.0408,1,0,1.3,0.622,3.53,2.67,7.73,6.1,1,1.0232558139534884,24.54,24.347826086956523,0.004673539518900344,2.8365
45,62.6,23,30,0.15,0.02,0,0,4.0,0.598,5.0,5.6,9.93,3.7,0,1.511111111111111,1439.8,6.0,0.0,0.555
49,78.2,13,33,0.372,0.048,1,0,4.2,0.566,4.21,5.18,8.38,5.1,0,1.2653061224489797,1016.6,6.346153846153846,0.0051172707889125795,1.8971999999999998
29,32.7,1,9,0.041,0.0192,0,1,1.2,0.867,3.56,4.98,8.5,3.1,0,1.0344827586206897,32.7,4.090909090909091,0.0,0.12710000000000002
28,40.8,15,6,0.336,0.016,1,0,4.2,0.734,4.43,6.6,8.71,5.1,0,1.5357142857142856,612.0,1.1538461538461537,0.0016477857878475796,1.7136
12,65.24,1,57,0.653,0.0024,0,1,1.2,0.272,4.45,2.58,9.44,7.2,0,1.0833333333333333,65.24,25.909090909090907,0.0,4.7016
17,36.24,5,18,0.207,0.1056,3,0,5.1,0.614,3.73,5.97,6.38,4.2,0,1.2941176470588236,181.20000000000002,2.9508196721311477,0.04292682926829268,0.8694
10,48.48,3,70,0.321,0.196,1,0,4.5,0.817,4.72,3.1,8.4,5.0,1,1.3,145.44,12.727272727272727,0.020851063829787235,1.605
24,44.85,7,7,0.047,0.0016,0,0,1.7,0.861,4.03,5.45,9.02,3.1,0,1.2916666666666667,313.95,2.5925925925925926,0.0,0.1457
7,91.52,1,8,0.098,0.084,1,0,4.0,0.777,3.34,5.97,7.39,3.1,0,1.1428571428571428,91.52,1.6,0.0100119189511323,0.3038
19,268.01,1,7,0.014,0.148,3,0,2.6,0.364,5.0,5.55,7.51,1.5,0,1.0526315789473684,268.01,1.9444444444444444,0.05217391304347826,0.021
46,142.9,1,31,0.193,0.0024,0,0,2.7,0.583,3.95,4.38,8.94,3.5,0,1.0217391304347827,142.9,8.378378378378377,0.0,0.6755
38,63.56,20,8,0.49,0.0472,1,0,0.2,0.682,2.63,5.33,6.81,6.0,0,1.526315789473684,1271.2,6.666666666666667,0.0060435339308578745,2.94
42,73.13,11,11,0.103,0.0464,0,0,1.8,0.948,4.13,5.42,8.98,3.3,0,1.2619047619047619,804.43,3.928571428571429,0.0,0.3399
1,164.22,1,86,0.33,0.0616,2,0,1.1,0.936,3.49,1.1,6.95,4.3,1,2.0,164.22,40.95238095238095,0.01549685534591195,1.419
22,77.71,6,23,0.386,0.0024,0,0,5.8,0.82,4.37,5.98,9.36,5.2,0,1.2727272727272727,466.26,3.3823529411764706,0.0,2.0072
17,69.83,5,1,0.425,0.1376,0,0,4.6,0.242,5.0,6.65,9.54,5.6,0,1.2941176470588236,349.15,0.17857142857142858,0.0,2.38
37,50.27,1,17,0.105,0.064,2,0,2.6,0.302,4.31,5.05,7.76,3.4,0,1.027027027027027,50.27,4.722222222222222,0.014611872146118723,0.357
37,66.42,10,22,0.312,0.0024,0,0,4.9,0.865,4.4,5.87,9.39,4.8,0,1.2702702702702702,664.2,3.7288135593220337,0.0,1.4976
50,36.56,1,5,0.501,0.0136,1,0,8.3,0.569,4.36,7.55,8.65,6.3,0,1.02,36.56,0.5376344086021505,0.001409326424870466,3.1563
53,74.1,14,40,0.559,0.0008,1,0,4.6,0.414,4.43,5.0,8.76,6.5,0,1.2641509433962264,1037.3999999999999,7.142857142857143,8.19672131147541e-05,3.6335
52,36.51,40,99,0.333,0.0672,1,1,4.1,0.407,4.53,2.75,8.64,5.1,1,1.7692307692307692,1460.3999999999999,19.411764705882355,0.006970954356846472,1.6983
26,68.9,1,20,0.383,0.0208,0,0,1.5,0.637,5.0,4.53,9.93,5.3,0,1.0384615384615385,68.9,8.0,0.0,2.0299
45,72.31,23,3,0.136,0.0232,0,0,4.5,0.505,3.74,7.12,8.66,3.5,0,1.511111111111111,1663.13,0.5454545454545454,0.0,0.47600000000000003
36,134.67,19,6,0.176,0.0808,0,1,3.3,0.53,3.71,6.43,8.44,3.4,0,1.5277777777777777,2558.7299999999996,1.3953488372093024,0.0,0.5983999999999999
39,43.95,1,63,0.151,0.044,0,0,1.5,0.78,4.56,2.38,9.41,3.8,0,1.0256410256410255,43.95,25.2,0.0,0.5738
16,34.13,5,5,0.377,0.0536,2,0,2.8,0.875,3.6,5.85,7.09,5.4,0,1.3125,170.65,1.3157894736842106,0.013250927070457356,2.0358
8,49.85,3,65,0.342,0.0048,1,0,2.1,0.765,3.77,2.55,8.09,5.1,1,1.375,149.55,20.967741935483872,0.000528052805280528,1.7442
55,34.36,1,73,0.287,0.0416,0,0,2.0,0.881,4.13,2.05,8.99,4.8,1,1.018181818181818,34.36,24.333333333333332,0.0,1.3776
11,115.21,12,66,0.315,0.0648,1,0,0.0,0.578,5.0,2.1,9.12,4.5,1,2.090909090909091,1382.52,66.0,0.006403162055335969,1.4175
34,39.56,1,29,0.406,0.0304,0,0,2.7,0.889,5.0,4.48,9.9,5.6,0,1.0294117647058822,39.56,7.837837837837838,0.0,2.2736
22,33.14,6,20,0.184,0.0192,3,0,4.4,0.836,2.41,5.67,5.35,4.1,0,1.2727272727272727,198.84,3.7037037037037033,0.009070866141732284,0.7544
60,25.8,31,12,0.368,0.028,1,0,6.0,0.806,4.11,7.43,8.35,5.4,0,1.5166666666666666,799.8000000000001,1.7142857142857142,0.0029946524064171126,1.9872
18,102.63,1,20,0.247,0.0632,0,0,0.0,0.55,3.7,4.03,8.49,4.1,0,1.0555555555555556,102.63,20.0,0.0,1.0127
15,140.96,8,7,0.171,0.0168,1,1,6.9,0.935,3.93,7.22,8.21,3.4,0,1.5333333333333332,1127.68,0.8860759493670886,0.001824104234527687,0.5814
18,34.67,10,6,0.411,0.0776,0,0,1.5,0.734,4.27,5.53,9.01,5.7,0,1.5555555555555556,346.70000000000005,2.4,0.0,2.3427
52,68.58,66,94,0.126,0.0368,0,1,4.0,0.481,4.25,3.3,9.13,3.5,0,2.269230769230769,4526.28,18.8,0.0,0.441
47,125.89,48,39,0.337,0.0216,0,0,1.8,0.329,5.0,5.25,9.93,4.6,0,2.0212765957446805,6042.72,13.928571428571429,0.0,1.5502
33,113.31,1,37,0.454,0.1448,3,0,1.7,0.521,3.73,3.75,6.25,5.5,1,1.0303030303030303,113.31,13.703703703703702,0.05991724137931034,2.497
3,43.98,1,80,0.345,0.0008,1,0,1.8,0.117,3.52,1.63,7.85,5.2,1,1.3333333333333333,43.98,28.571428571428573,9.039548022598871e-05,1.7939999999999998
15,68.05,4,59,0.428,0.0784,0,0,4.0,0.448,3.83,3.52,8.57,5.6,1,1.2666666666666666,272.2,11.8,0.0,2.3968
17,35.93,1,17,0.282,0.0864,0,0,2.1,0.672,3.75,4.88,8.46,4.8,0,1.0588235294117647,35.93,5.483870967741935,0.0,1.3536
60,50.53,16,6,0.247,0.0096,0,0,3.2,0.389,1.81,6.3,6.78,4.4,0,1.2666666666666666,808.48,1.4285714285714286,0.0,1.0868
37,201.83,10,36,0.353,0.2888,2,1,0.5,0.493,4.29,3.7,6.99,4.3,0,1.2702702702702702,2018.3000000000002,24.0,0.07229036295369211,1.5178999999999998
15,73.75,4,64,0.254,0.0368,1,1,0.0,0.322,3.86,1.93,8.07,4.3,0,1.2666666666666666,295.0,64.0,0.004057331863285557,1.0922
48,66.07,13,104,0.37,0.1088,1,0,3.0,0.771,4.62,1.43,8.59,5.2,1,1.2708333333333333,858.9099999999999,26.0,0.011345151199165798,1.924
58,106.73,30,15,0.338,0.0848,2,1,5.1,0.64,4.38,6.95,7.76,4.7,0,1.5172413793103448,3201.9,2.459016393442623,0.019360730593607305,1.5886000000000002
18,48.37,10,28,0.06,0.0744,0,0,0.8,0.49,2.71,4.2,7.46,3.1,0,1.5555555555555556,483.7,15.555555555555555,0.0,0.186
54,66.84,1,121,0.057,0.1336,2,0,3.3,0.587,3.9,1.13,7.12,3.0,1,1.0185185185185186,66.84,28.13953488372093,0.032906403940886696,0.171
28,30.6,8,24,0.346,0.0816,1,1,2.9,0.624,4.3,5.03,8.36,5.2,0,1.2857142857142856,244.8,6.153846153846154,0.00871794871794872,1.7992
54,83.94,1,8,0.232,0.016,1,0,4.3,0.594,4.49,6.07,8.77,4.1,0,1.0185185185185186,83.94,1.509433962264151,0.0016376663254861824,0.9511999999999999
36,107.89,10,4,0.424,0.1208,2,0,6.1,0.9,5.0,7.17,8.26,5.3,0,1.2777777777777777,1078.9,0.5633802816901409,0.026090712742980565,2.2472
60,156.84,31,58,0.174,0.1504,2,0,1.0,0.494,4.66,3.47,7.83,3.3,0,1.5166666666666666,4862.04,29.0,0.03406568516421291,0.5741999999999999
20,42.23,6,9,0.135,0.024,0,0,4.9,0.657,5.0,6.38,9.92,3.7,0,1.3,253.38,1.5254237288135593,0.0,0.49950000000000006
42,52.19,1,128,0.171,0.1232,0,0,3.8,0.667,1.98,1.3,6.57,3.9,1,1.0238095238095237,52.19,26.666666666666668,0.0,0.6669
19,130.74,10,11,0.288,0.0224,0,0,4.9,0.531,3.66,6.42,8.59,4.2,0,1.526315789473684,1307.4,1.8644067796610169,0.0,1.2096
44,153.25,12,21,0.154,0.0552,0,0,4.1,0.791,3.56,5.72,8.38,3.2,0,1.2727272727272727,1839.0,4.11764705882353,0.0,0.4928
9,73.65,1,19,0.073,0.0072,1,0,0.1,0.449,4.73,4.12,9.04,3.1,0,1.1111111111111112,73.65,17.27272727272727,0.0007171314741035857,0.2263
7,90.35,1,19,0.18,0.0944,2,0,0.2,0.854,2.94,4.15,6.29,3.7,0,1.1428571428571428,90.35,15.833333333333334,0.025898491083676266,0.666
28,70.84,1,8,0.25,0.1,2,1,2.2,0.669,2.34,5.37,5.67,4.3,0,1.0357142857142858,70.84,2.5,0.029985007496251877,1.075
50,60.87,1,2,0.053,0.0008,0,0,2.9,0.955,2.46,5.9,7.46,3.0,0,1.02,60.87,0.5128205128205129,0.0,0.159
12,50.91,4,9,0.193,0.04,0,0,5.4,0.761,5.0,6.48,9.87,4.0,0,1.3333333333333333,203.64,1.40625,0.0,0.772
59,10.09,15,176,0.451,0.0016,1,0,4.9,0.402,3.66,2.13,7.99,6.1,1,1.2542372881355932,151.35,29.83050847457627,0.00017797552836484984,2.7511
18,358.25,14,17,0.478,0.0256,0,1,2.0,0.706,3.1,5.28,8.01,4.2,0,1.7777777777777777,5015.5,5.666666666666667,0.0,2.0076
53,202.66,14,14,0.518,0.0496,1,0,3.6,0.472,3.27,5.97,7.44,5.4,0,1.2641509433962264,2837.24,3.0434782608695654,0.005876777251184833,2.7972
46,56.47,12,9,0.236,0.024,0,0,2.2,0.668,3.68,5.68,8.6,4.3,0,1.2608695652173914,677.64,2.8125,0.0,1.0148
42,101.72,11,40,0.38,0.1792,1,0,2.1,0.721,4.88,4.07,8.62,5.0,0,1.2619047619047619,1118.92,12.903225806451612,0.01862785862785863,1.9
47,55.59,12,0,0.279,0.3512,4,0,0.1,0.771,3.48,5.43,4.64,4.6,0,1.2553191489361701,667.08,0.0,0.24907801418439718,1.2834
46,25.41,1,59,0.144,0.136,1,0,0.3,0.769,3.31,2.18,7.19,3.9,1,1.0217391304347827,25.41,45.38461538461538,0.016605616605616606,0.5616
25,139.17,1,74,0.156,0.188,2,0,6.5,0.676,5.0,3.5,8.04,3.3,1,1.04,139.17,9.866666666666667,0.04159292035398231,0.5147999999999999
16,111.4,5,36,0.611,0.104,2,0,2.2,0.836,3.32,4.1,6.64,6.6,0,1.3125,557.0,11.25,0.027225130890052355,4.0325999999999995
31,28.99,8,33,0.24,0.0648,1,0,8.1,0.928,4.38,6.32,8.5,4.5,0,1.2580645161290323,231.92,3.6263736263736264,0.006821052631578947,1.08
39,49.23,1,83,0.358,0.1616,1,0,4.0,0.759,4.01,2.22,7.8,5.2,1,1.0256410256410255,49.23,16.6,0.01836363636363636,1.8616
57,39.47,1,32,0.181,0.0112,0,0,0.0,0.82,3.41,3.43,8.37,4.0,0,1.0175438596491229,39.47,32.0,0.0,0.724
53,39.73,1,12,0.226,0.0104,1,0,3.1,0.812,4.19,5.47,8.49,4.3,0,1.0188679245283019,39.73,2.9268292682926833,0.001095890410958904,0.9718
25,246.36,1,95,0.294,0.056,0,0,3.2,0.41,3.44,1.35,8.25,3.6,1,1.04,246.36,22.619047619047617,0.0,1.0584
8,87.67,1,9,0.502,0.0552,1,0,1.1,0.843,5.0,4.95,9.15,6.0,0,1.125,87.67,4.285714285714286,0.005438423645320197,3.012
35,122.11,9,8,0.152,0.0064,0,0,7.1,0.685,4.28,7.27,9.26,3.3,0,1.2571428571428571,1098.99,0.9876543209876544,0.0,0.5015999999999999
21,22.67,6,37,0.606,0.0464,0,0,0.1,0.907,4.92,3.38,9.77,7.1,0,1.2857142857142856,136.02,33.63636363636363,0.0,4.3026
13,37.05,4,10,0.238,0.108,0,0,3.6,0.336,3.8,5.83,8.44,4.4,0,1.3076923076923077,148.2,2.173913043478261,0.0,1.0472000000000001
21,81.04,11,16,0.832,0.0464,0,0,3.3,0.847,3.61,5.67,8.46,8.3,0,1.5238095238095237,891.44,3.7209302325581395,0.0,6.905600000000001
49,33.9,1,61,0.339,0.216,0,0,4.9,0.737,4.46,3.62,8.74,5.2,0,1.0204081632653061,33.9,10.338983050847457,0.0,1.7628000000000001
22,36.92,6,17,0.354,0.0784,1,0,3.5,0.665,4.14,5.52,8.21,5.3,0,1.2727272727272727,221.52,3.7777777777777777,0.008512486427795873,1.8761999999999999
40,77.0,11,2,0.134,0.06,1,0,1.3,0.651,4.07,5.7,8.2,3.5,0,1.275,847.0,0.8695652173913044,0.006521739130434783,0.46900000000000003
6,82.46,4,113,0.35,0.0328,1,0,1.4,0.237,4.08,1.0,8.3,5.0,1,1.6666666666666665,329.84,47.083333333333336,0.0035268817204301074,1.75
45,83.38,1,38,0.217,0.0904,0,0,5.5,0.478,4.47,4.97,9.17,4.0,0,1.0222222222222221,83.38,5.846153846153846,0.0,0.868
46,46.86,1,34,0.206,0.0144,0,0,0.0,0.649,2.92,3.33,7.87,4.2,0,1.0217391304347827,46.86,34.0,0.0,0.8652
47,279.56,1,34,0.152,0.0104,1,0,4.1,0.377,3.9,4.7,8.2,2.4,0,1.0212765957446808,279.56,6.666666666666667,0.0011304347826086958,0.36479999999999996
21,70.75,11,115,0.224,0.1512,1,0,2.6,0.901,4.69,1.23,8.52,4.1,1,1.5238095238095237,778.25,31.944444444444443,0.015882352941176472,0.9184
6,87.22,1,12,0.723,0.0256,0,0,1.8,0.825,3.58,5.03,8.49,7.5,0,1.1666666666666667,87.22,4.285714285714286,0.0,5.422499999999999
41,143.01,1,91,0.232,0.012,0,0,3.7,0.707,5.0,1.72,9.96,3.8,1,1.024390243902439,143.01,19.361702127659573,0.0,0.8816
43,86.62,33,15,0.431,0.1344,0,1,0.9,0.528,4.58,5.65,9.13,5.5,0,1.7674418604651163,2858.46,7.894736842105264,0.0,2.3705
26,30.04,14,17,0.26,0.0128,1,0,5.3,0.684,3.69,6.38,7.98,4.6,0,1.5384615384615383,420.56,2.6984126984126986,0.0014253897550111359,1.196
5,86.48,1,37,0.11,0.0144,3,1,4.7,0.469,1.61,4.75,4.56,3.3,0,1.2,86.48,6.491228070175438,0.007769784172661872,0.363
39,164.16,10,43,0.24,0.072,1,0,3.2,0.891,3.12,4.25,7.21,3.7,0,1.2564102564102564,1641.6,10.238095238095237,0.008769792935444578,0.888
33,49.75,1,7,0.105,0.0968,0,1,2.9,0.496,3.85,5.65,8.53,3.4,0,1.0303030303030303,49.75,1.794871794871795,0.0,0.357
40,25.42,11,3,0.11,0.0408,0,0,4.5,0.727,5.0,6.72,9.86,3.6,0,1.275,279.62,0.5454545454545454,0.0,0.396
20,58.42,6,4,0.198,0.0792,2,0,4.4,0.83,2.5,6.47,5.9,4.0,0,1.3,350.52,0.7407407407407407,0.022956521739130435,0.792
35,205.31,1,9,0.051,0.1088,0,0,3.3,0.384,5.0,5.68,9.64,2.1,0,1.0285714285714285,205.31,2.0930232558139537,0.0,0.1071
45,71.25,34,42,0.033,0.0264,0,1,1.5,0.904,3.15,4.53,8.06,2.8,0,1.7555555555555555,2422.5,16.8,0.0,0.0924
29,29.74,1,92,0.379,0.1368,2,0,0.9,0.972,4.3,1.0,7.51,5.5,1,1.0344827586206897,29.74,48.42105263157895,0.032150411280846065,2.0845000000000002
46,15.71,1,26,0.159,0.0088,0,0,3.0,0.889,4.54,4.73,9.51,4.0,0,1.0217391304347827,15.71,6.5,0.0,0.636
4,103.14,2,10,0.098,0.0504,1,0,3.9,0.939,4.33,5.87,8.5,3.1,0,1.5,206.28,2.0408163265306123,0.0053052631578947365,0.3038
52,89.92,27,24,0.537,0.0232,0,1,3.5,0.37,4.24,5.87,9.16,6.2,0,1.5192307692307692,2427.84,5.333333333333333,0.0,3.3294
47,73.57,12,23,0.196,0.1112,3,0,9.0,0.504,4.12,7.25,6.75,3.9,0,1.2553191489361701,882.8399999999999,2.3,0.043045161290322584,0.7644
47,55.26,12,62,0.151,0.128,3,0,4.4,0.644,3.05,3.77,5.62,3.7,1,1.2553191489361701,663.12,11.481481481481481,0.05800604229607251,0.5587
39,118.87,20,5,0.223,0.0664,1,0,5.3,0.341,3.22,7.18,7.33,3.8,0,1.5128205128205128,2377.4,0.7936507936507937,0.007971188475390157,0.8473999999999999
6,56.78,1,192,0.369,0.004,0,0,3.1,0.815,2.96,1.07,7.95,5.2,1,1.1666666666666667,56.78,46.82926829268293,0.0,1.9188
54,159.4,55,59,0.703,0.012,0,0,3.5,0.458,4.77,4.88,9.73,7.0,0,2.0185185185185186,8767.0,13.11111111111111,0.0,4.920999999999999
48,129.22,1,17,0.164,0.0192,1,0,3.8,0.862,3.17,5.45,7.44,3.4,0,1.0208333333333333,129.22,3.541666666666667,0.002274881516587677,0.5576
43,110.34,1,28,0.233,0.1304,0,0,4.0,0.585,4.86,4.97,9.43,4.0,0,1.0232558139534884,110.34,5.6,0.0,0.932
2,66.92,1,40,0.29,0.0424,0,0,3.2,0.586,4.75,4.1,9.61,4.6,0,1.5,66.92,9.523809523809524,0.0,1.3339999999999999
12,95.04,1,67,0.265,0.0296,2,0,5.1,0.358,3.73,3.38,7.3,4.3,1,1.0833333333333333,95.04,10.98360655737705,0.007132530120481927,1.1395
13,50.39,1,26,0.233,0.1416,1,0,1.7,0.613,3.3,4.3,7.16,4.3,0,1.0769230769230769,50.39,9.62962962962963,0.01735294117647059,1.0019
23,69.39,1,56,0.361,0.1728,4,0,0.5,0.653,2.34,2.4,4.1,5.1,1,1.0434782608695652,69.39,37.333333333333336,0.1355294117647059,1.8410999999999997
55,57.78,14,100,0.306,0.0592,1,0,3.4,0.735,3.65,1.6,7.79,4.8,1,1.2545454545454544,808.9200000000001,22.727272727272727,0.006734926052332196,1.4687999999999999
25,94.13,19,33,0.575,0.0,1,0,2.4,0.406,4.61,4.78,8.94,6.5,0,1.76,1788.4699999999998,9.705882352941178,0.0,3.7375
37,101.12,19,41,0.364,0.2752,2,0,1.0,0.716,4.54,3.92,7.29,4.9,1,1.5135135135135136,1921.2800000000002,20.5,0.06639324487334138,1.7836
5,108.36,3,10,0.393,0.0672,0,0,2.2,0.161,4.37,5.33,9.15,5.1,0,1.6,325.08,3.125,0.0,2.0042999999999997
27,116.28,14,4,0.057,0.0536,0,1,1.5,0.864,3.42,5.77,8.24,2.7,0,1.5185185185185186,1627.92,1.6,0.0,0.1539
42,153.32,22,14,0.151,0.1152,0,1,2.9,0.628,3.85,6.0,8.47,3.1,0,1.5238095238095237,3373.04,3.58974358974359,0.0,0.4681
6,99.92,2,66,0.247,0.012,0,0,5.1,0.331,4.23,3.47,9.19,4.1,1,1.3333333333333333,199.84,10.819672131147541,0.0,1.0127
52,43.08,27,10,0.223,0.0832,2,1,2.4,0.476,2.75,6.2,6.14,4.3,0,1.5192307692307692,1163.1599999999999,2.9411764705882355,0.02330532212885154,0.9589
48,120.51,13,3,0.151,0.0232,1,0,2.1,0.63,3.4,5.98,7.66,3.3,0,1.2708333333333333,1566.63,0.9677419354838709,0.0026789838337182444,0.49829999999999997
24,62.04,13,56,0.171,0.0928,1,0,4.5,0.326,5.0,4.13,9.02,3.8,0,1.5416666666666665,806.52,10.181818181818182,0.009261477045908184,0.6498
49,71.68,1,8,0.171,0.0176,0,0,0.7,0.735,4.86,4.87,9.8,3.8,0,1.0204081632653061,71.68,4.705882352941177,0.0,0.6498
27,139.87,7,15,0.595,0.0256,0,0,5.3,0.658,5.0,6.25,9.91,6.3,0,1.2592592592592593,979.09,2.380952380952381,0.0,3.7485
51,60.74,13,68,0.378,0.0728,0,0,4.1,0.627,3.72,3.4,8.48,5.3,1,1.2549019607843137,789.62,13.333333333333334,0.0,2.0034
31,43.88,8,2,0.075,0.0392,1,0,7.0,0.934,3.05,7.5,7.25,3.3,0,1.2580645161290323,351.04,0.25,0.0047515151515151515,0.24749999999999997
46,70.66,1,1,0.149,0.0952,0,0,5.8,0.664,4.12,6.92,8.8,3.6,0,1.0217391304347827,70.66,0.14705882352941177,0.0,0.5364
22,70.09,12,9,0.476,0.112,2,0,5.8,0.971,5.0,6.88,8.29,5.9,0,1.5454545454545454,841.08,1.3235294117647058,0.024111948331539294,2.8084000000000002
40,98.94,21,3,0.264,0.1256,0,1,1.5,0.381,2.4,6.05,6.98,4.3,0,1.525,2077.74,1.2,0.0,1.1352
19,44.86,1,29,0.352,0.076,3,0,3.6,0.691,4.14,4.78,6.89,5.2,0,1.0526315789473684,44.86,6.304347826086957,0.028897338403041824,1.8304
40,123.19,11,61,0.282,0.0408,0,0,4.9,0.684,5.0,3.95,9.86,4.2,0,1.275,1355.09,10.338983050847457,0.0,1.1844
3,80.79,1,5,0.231,0.1256,1,0,3.9,0.496,4.8,6.08,8.71,4.1,0,1.3333333333333333,80.79,1.0204081632653061,0.0129351184346035,0.9470999999999999
3,137.27,1,2,0.257,0.0512,0,0,5.4,0.662,3.72,6.73,8.55,4.0,0,1.3333333333333333,137.27,0.3125,0.0,1.028
14,74.92,8,19,0.255,0.0832,0,0,4.8,0.775,3.69,5.92,8.41,4.3,0,1.5714285714285714,599.36,3.2758620689655173,0.0,1.0965
22,92.66,23,28,0.233,0.0744,0,1,4.2,0.78,4.28,5.77,9.03,4.1,0,2.0454545454545454,2131.18,5.384615384615384,0.0,0.9552999999999999
6,184.07,1,13,0.177,0.0184,0,0,5.4,0.944,3.68,6.18,8.62,3.1,0,1.1666666666666667,184.07,2.03125,0.0,0.5487
23,53.07,1,12,0.273,0.0504,3,0,7.6,0.542,4.4,6.97,7.23,4.6,0,1.0434782608695652,53.07,1.3953488372093024,0.018371810449574727,1.2558
38,163.63,10,20,0.367,0.0232,2,0,2.2,0.638,4.89,5.07,8.48,4.6,0,1.263157894736842,1636.3,6.25,0.004894514767932489,1.6882
35,121.14,9,59,0.043,0.0024,2,0,3.3,0.45,3.28,3.45,6.94,2.6,1,1.2571428571428571,1090.26,13.72093023255814,0.0006045340050377833,0.1118
58,73.82,1,26,0.062,0.0144,2,0,3.4,0.509,3.72,4.87,7.34,3.0,0,1.0172413793103448,73.82,5.909090909090908,0.0034532374100719426,0.186
10,120.91,3,11,0.189,0.0424,0,0,5.7,0.545,3.99,6.45,8.85,3.6,0,1.3,362.73,1.6417910447761193,0.0,0.6804
41,72.29,21,3,0.456,0.0192,0,0,2.6,0.868,4.03,6.42,8.97,5.8,0,1.5121951219512195,1518.0900000000001,0.8333333333333333,0.0,2.6448
19,81.14,10,85,0.564,0.16,4,1,2.9,0.68,3.85,2.05,5.65,6.5,1,1.526315789473684,811.4,21.794871794871796,0.09624060150375939,3.6659999999999995
20,19.1,1,72,0.231,0.0528,0,0,4.5,0.252,5.0,2.93,9.82,4.5,0,1.05,19.1,13.090909090909092,0.0,1.0395
59,44.33,45,12,0.138,0.0008,0,0,3.7,0.781,4.17,7.13,9.17,3.7,0,1.7627118644067796,1994.85,2.553191489361702,0.0,0.5106
41,54.04,11,8,0.33,0.0792,0,0,3.9,0.725,4.36,6.27,9.1,5.0,0,1.2682926829268293,594.4399999999999,1.6326530612244896,0.0,1.6500000000000001
46,58.06,1,30,0.496,0.0376,0,0,3.0,0.873,4.79,4.53,9.66,6.1,0,1.0217391304347827,58.06,7.5,0.0,3.0256
57,61.54,29,1,0.153,0.0264,0,1,3.5,0.419,4.12,7.08,9.03,3.7,0,1.5087719298245614,1784.66,0.2222222222222222,0.0,0.5661
57,103.73,1,25,0.047,0.0248,1,0,5.6,0.359,2.92,5.65,7.17,2.7,0,1.0175438596491229,103.73,3.787878787878788,0.003035495716034272,0.1269
47,68.39,1,41,0.284,0.008,2,0,0.0,0.487,5.0,2.98,8.64,4.6,0,1.0212765957446808,68.39,41.0,0.0016597510373443983,1.3063999999999998
1,75.3,1,5,0.73,0.0072,0,0,3.4,0.437,3.97,5.92,8.95,7.7,0,2.0,75.3,1.1363636363636362,0.0,5.6209999999999996
30,131.52,16,48,0.11,0.0624,1,1,1.3,0.798,2.49,3.57,6.62,3.0,0,1.5333333333333332,2104.32,20.869565217391305,0.008188976377952755,0.33
4,62.51,1,29,0.641,0.0192,0,0,5.1,0.907,5.0,5.28,9.94,7.1,0,1.25,62.51,4.754098360655738,0.0,4.5511
55,39.67,28,3,0.07,0.0696,1,1,4.7,0.509,4.83,7.35,8.93,3.3,0,1.509090909090909,1110.76,0.5263157894736842,0.007009063444108761,0.231
45,31.47,1,48,0.303,0.164,4,0,1.7,0.704,2.15,3.2,3.94,4.9,1,1.0222222222222221,31.47,17.777777777777775,0.1327935222672065,1.4847000000000001
42,30.42,1,48,0.106,0.1232,2,0,2.3,0.743,4.09,3.4,7.35,3.6,1,1.0238095238095237,30.42,14.545454545454547,0.029508982035928145,0.3816
33,56.56,9,9,0.054,0.0624,2,0,4.0,0.405,3.67,6.18,7.13,3.0,0,1.2727272727272727,509.04,1.8,0.015350553505535056,0.162
40,33.26,1,63,0.335,0.0712,2,0,5.0,0.296,3.56,3.55,6.99,5.1,1,1.025,33.26,10.5,0.017822277847309137,1.7085
4,120.74,3,15,0.157,0.0496,1,0,5.6,0.952,3.34,6.22,7.51,3.4,0,1.75,362.21999999999997,2.272727272727273,0.005828437132784959,0.5337999999999999
10,192.18,1,2,0.464,0.056,1,0,0.0,0.408,5.0,4.93,9.15,5.1,0,1.1,192.18,2.0,0.005517241379310344,2.3664
25,31.31,13,2,0.312,0.0216,2,1,2.3,0.7,2.38,6.1,5.97,5.0,0,1.52,407.03,0.6060606060606061,0.0061979913916786235,1.56
39,72.93,1,32,0.19,0.0384,0,0,0.1,0.737,5.0,3.47,9.87,3.9,0,1.0256410256410255,72.93,29.09090909090909,0.0,0.741
22,54.18,12,8,0.214,0.0112,0,0,0.3,0.39,5.0,5.1,9.96,4.2,0,1.5454545454545454,650.16,6.153846153846153,0.0,0.8988
27,51.33,7,45,0.075,0.0776,0,0,4.8,0.745,4.13,4.58,8.87,3.2,0,1.2592592592592593,359.31,7.758620689655173,0.0,0.24
30,69.08,1,60,0.584,0.1032,4,0,0.0,0.652,3.89,2.03,5.88,6.7,1,1.0333333333333334,69.08,60.0,0.06,3.9128
25,94.28,1,23,0.167,0.0744,1,0,4.0,0.31,3.5,5.22,7.59,3.6,0,1.04,94.28,4.6,0.008661233993015133,0.6012000000000001
11,124.25,6,21,0.487,0.1368,2,1,0.6,0.395,3.36,4.35,6.57,5.7,0,1.5454545454545454,745.5,13.125,0.03614266842800529,2.7759
57,39.08,29,37,0.275,0.004,0,0,1.8,0.815,3.52,4.72,8.51,4.7,0,1.5087719298245614,1133.32,13.214285714285715,0.0,1.2925000000000002
10,141.69,3,51,0.36,0.088,0,0,1.9,0.91,5.0,3.18,9.71,4.7,0,1.3,425.07,17.586206896551726,0.0,1.692
31,24.49,1,68,0.204,0.0432,1,0,6.5,0.253,4.31,3.8,8.5,4.3,0,1.032258064516129,24.49,9.066666666666666,0.0045473684210526315,0.8771999999999999
53,38.7,1,13,0.287,0.0888,0,0,2.2,0.706,4.89,5.12,9.59,4.8,0,1.0188679245283019,38.7,4.0625,0.0,1.3776
56,95.48,15,13,0.466,0.1144,1,0,2.0,0.576,4.83,5.52,8.78,5.7,0,1.2678571428571428,1432.2,4.333333333333333,0.011697341513292435,2.6562
20,51.44,11,54,0.348,0.0056,0,0,0.0,0.828,2.92,2.67,7.9,5.1,1,1.55,565.8399999999999,54.0,0.0,1.7747999999999997
3,83.67,3,1,0.325,0.0608,1,0,1.7,0.808,2.89,5.62,7.02,4.8,0,2.0,251.01,0.37037037037037035,0.0075810473815461354,1.56
53,113.42,27,39,0.12,0.108,2,0,4.9,0.772,4.63,5.58,7.94,3.2,0,1.509433962264151,3062.34,6.610169491525423,0.02416107382550335,0.384
20,225.98,11,15,0.385,0.0424,0,1,0.0,0.781,2.85,4.62,7.71,4.3,0,1.55,2485.7799999999997,15.0,0.0,1.6555
8,35.35,1,35,0.218,0.008,0,0,1.2,0.578,5.0,3.68,9.97,4.3,0,1.125,35.35,15.909090909090908,0.0,0.9374
40,77.79,21,55,0.222,0.012,1,0,2.2,0.901,3.28,3.68,7.57,4.1,1,1.525,1633.5900000000001,17.1875,0.0014002333722287048,0.9101999999999999
35,57.48,18,5,0.312,0.056,2,0,2.8,0.709,4.49,6.28,7.97,4.8,0,1.5142857142857142,1034.6399999999999,1.3157894736842106,0.012486064659977706,1.4976
36,51.08,19,35,0.066,0.0456,0,0,3.6,0.797,2.87,5.08,7.72,3.2,0,1.5277777777777777,970.52,7.608695652173914,0.0,0.21120000000000003
8,29.31,5,38,0.181,0.0288,1,0,4.4,0.843,4.19,4.73,8.43,4.1,0,1.625,146.54999999999998,7.037037037037036,0.0030540827147401907,0.7420999999999999
27,34.33,7,1,0.318,0.0152,1,0,2.5,0.456,4.91,6.02,9.19,5.0,0,1.2592592592592593,240.31,0.2857142857142857,0.001491658488714426,1.59
32,22.96,9,2,0.099,0.1304,1,0,0.0,0.826,5.0,5.2,8.9,3.6,0,1.28125,206.64000000000001,2.0,0.01317171717171717,0.35640000000000005
6,81.14,1,98,0.115,0.0464,0,0,4.0,0.66,4.84,1.47,9.69,3.3,1,1.1666666666666667,81.14,19.6,0.0,0.3795
60,109.69,61,10,0.223,0.032,0,0,2.1,0.688,4.38,6.87,9.27,3.9,0,2.0166666666666666,6691.09,3.225806451612903,0.0,0.8697
33,84.06,25,53,0.157,0.064,2,0,5.7,0.484,3.87,5.08,7.32,3.6,0,1.7575757575757576,2101.5,7.91044776119403,0.015384615384615384,0.5652
40,44.84,1,40,0.176,0.0528,0,0,3.9,0.711,5.0,4.33,9.82,4.0,0,1.025,44.84,8.16326530612245,0.0,0.704
4,109.67,1,26,0.286,0.064,0,1,0.0,0.692,5.0,3.73,9.79,4.3,0,1.25,109.67,26.0,0.0,1.2297999999999998
18,37.07,1,31,0.63,0.1032,2,0,0.0,0.885,3.62,3.48,6.94,7.2,0,1.0555555555555556,37.07,31.0,0.025994962216624683,4.5360000000000005
31,45.01,8,54,0.09,0.0136,0,0,2.5,0.524,3.13,3.4,8.08,3.4,1,1.2580645161290323,360.08,15.428571428571429,0.0,0.306
41,35.86,21,39,0.517,0.0024,0,0,4.5,0.709,5.0,5.25,9.99,6.4,0,1.5121951219512195,753.06,7.090909090909091,0.0,3.3088
51,179.86,13,7,0.499,0.2024,3,0,6.0,0.324,4.17,7.08,6.5,5.4,0,1.2549019607843137,2338.1800000000003,1.0,0.08095999999999999,2.6946000000000003
22,160.65,1,19,0.646,0.024,0,0,6.1,0.665,3.07,6.12,7.99,6.6,0,1.0454545454545454,160.65,2.676056338028169,0.0,4.2636
38,96.47,10,24,0.571,0.4048,1,0,7.7,0.97,1.64,6.7,4.62,6.4,0,1.263157894736842,964.7,2.7586206896551726,0.07202846975088968,3.6544
36,103.84,1,31,0.285,0.0328,0,0,3.1,0.35,4.79,4.52,9.68,4.4,0,1.0277777777777777,103.84,7.560975609756098,0.0,1.254
8,14.65,1,100,0.443,0.008,0,0,3.5,0.548,5.0,1.2,9.97,6.0,1,1.125,14.65,22.22222222222222,0.0,2.658
55,41.97,28,33,0.149,0.096,0,1,4.9,0.651,4.36,5.92,9.04,3.8,0,1.509090909090909,1175.1599999999999,5.59322033898305,0.0,0.5661999999999999
54,88.48,14,5,0.289,0.012,0,0,1.9,0.227,2.18,5.85,7.14,4.5,0,1.2592592592592593,1238.72,1.7241379310344829,0.0,1.3005
47,268.35,12,5,0.417,0.2232,2,0,6.4,0.756,3.47,7.28,6.39,4.3,0,1.2553191489361701,3220.2000000000003,0.6756756756756757,0.06040595399188092,1.7931
53,68.37,1,45,0.117,0.0816,3,0,0.5,0.509,3.74,2.95,6.47,3.4,1,1.0188679245283019,68.37,30.0,0.032771084337349404,0.3978
1,78.85,1,20,0.404,0.004,1,1,0.0,0.353,5.0,4.03,9.32,5.4,0,2.0,78.85,20.0,0.0003875968992248062,2.1816000000000004
4,84.94,3,48,0.217,0.0224,1,1,0.7,0.799,3.85,2.93,8.11,4.0,0,1.75,254.82,28.235294117647058,0.002458836443468716,0.868
33,95.42,1,92,0.472,0.016,0,0,7.8,0.689,4.95,3.03,9.9,5.7,1,1.0303030303030303,95.42,10.454545454545453,0.0,2.6904
10,46.81,6,28,0.234,0.0496,0,0,2.8,0.499,4.34,4.73,9.17,4.4,0,1.6,280.86,7.36842105263158,0.0,1.0296
60,89.37,16,49,0.597,0.0536,0,0,8.1,0.339,4.38,5.78,9.2,6.6,0,1.2666666666666666,1429.92,5.384615384615385,0.0,3.9401999999999995
30,31.5,8,7,0.205,0.1432,3,0,4.7,0.423,2.71,6.48,5.23,4.2,0,1.2666666666666666,252.0,1.2280701754385965,0.06895666131621186,0.861
6,33.29,2,69,0.287,0.08,2,0,4.6,0.337,3.25,3.15,6.65,4.8,1,1.3333333333333333,66.58,12.321428571428573,0.02091503267973856,1.3776
13,28.04,10,47,0.271,0.0432,1,0,4.0,0.306,2.85,4.32,7.04,4.7,0,1.7692307692307692,280.4,9.4,0.0053731343283582094,1.2737
43,45.93,11,9,0.309,0.0072,0,0,1.4,0.776,4.59,5.38,9.57,4.9,0,1.255813953488372,505.23,3.75,0.0,1.5141
32,51.19,1,16,0.418,0.1296,2,0,0.0,0.648,3.56,4.23,6.79,5.6,0,1.03125,51.19,16.0,0.033273427471116813,2.3407999999999998
25,68.79,13,54,0.33,0.0008,0,1,3.9,0.646,5.0,4.03,10.0,4.9,0,1.52,894.2700000000001,11.020408163265305,0.0,1.6170000000000002
47,162.59,24,35,0.374,0.16,1,0,4.7,0.91,4.01,5.62,7.81,4.6,0,1.5106382978723403,3902.16,6.140350877192982,0.01816118047673099,1.7204
2,16.7,2,7,0.417,0.208,5,0,6.4,0.394,3.72,6.85,4.69,5.8,0,2.0,33.4,0.9459459459459459,0.18277680140597538,2.4185999999999996
41,54.4,11,15,0.12,0.0632,1,0,5.4,0.938,5.0,6.42,9.12,3.5,0,1.2682926829268293,598.4,2.34375,0.0062450592885375505,0.42
21,15.33,6,8,0.554,0.0584,1,0,3.7,0.852,4.11,6.03,8.25,6.8,0,1.2857142857142856,91.98,1.702127659574468,0.006313513513513514,3.7672000000000003
21,111.54,1,25,0.106,0.1904,2,0,4.5,0.749,3.13,5.28,6.16,3.1,0,1.0476190476190477,111.54,4.545454545454546,0.053184357541899444,0.3286
20,137.47,16,57,0.137,0.0952,1,1,3.0,0.607,4.3,3.68,8.32,3.1,0,1.8,2199.52,14.25,0.010214592274678112,0.4247
5,76.51,3,3,0.537,0.2504,0,0,1.2,0.277,4.75,5.35,8.92,6.3,0,1.6,229.53000000000003,1.3636363636363635,0.0,3.3831
57,36.3,15,12,0.384,0.052,0,1,4.5,0.617,4.06,6.4,8.89,5.5,0,1.263157894736842,544.5,2.1818181818181817,0.0,2.112
57,46.12,15,4,0.183,0.1448,1,0,3.0,0.305,4.87,6.3,8.72,4.0,0,1.263157894736842,691.8,1.0,0.014897119341563786,0.732
32,59.19,1,22,0.135,0.1536,1,0,2.9,0.767,3.5,4.9,7.32,3.6,0,1.03125,59.19,5.641025641025641,0.01846153846153846,0.48600000000000004
12,46.56,1,16,0.448,0.0192,0,0,2.1,0.156,5.0,4.93,9.94,5.9,0,1.0833333333333333,46.56,5.161290322580645,0.0,2.6432
50,504.89,1,37,0.367,0.0992,1,0,3.8,0.602,3.12,4.45,7.12,2.6,0,1.02,504.89,7.708333333333334,0.012216748768472905,0.9542
38,114.87,10,16,0.237,0.156,0,0,2.2,0.782,4.48,5.27,8.96,4.0,0,1.263157894736842,1148.7,5.0,0.0,0.948
50,60.21,26,13,0.371,0.0488,0,0,3.9,0.902,4.37,6.52,9.21,5.2,0,1.52,1565.46,2.6530612244897958,0.0,1.9292
37,226.56,19,35,0.393,0.1032,0,0,4.2,0.49,4.04,5.28,8.7,4.4,0,1.5135135135135136,4304.64,6.730769230769231,0.0,1.7292000000000003
46,303.93,1,16,0.195,0.0144,1,0,2.3,0.584,4.72,5.0,9.01,2.5,0,1.0217391304347827,303.93,4.848484848484849,0.0014385614385614386,0.48750000000000004
48,63.43,13,7,0.537,0.0344,0,0,4.2,0.556,3.84,6.48,8.73,6.4,0,1.2708333333333333,824.59,1.346153846153846,0.0,3.4368000000000003
27,361.67,7,29,0.112,0.016,1,0,4.8,0.313,5.0,5.38,9.28,1.6,0,1.2592592592592593,2531.69,5.0,0.0015564202334630351,0.17920000000000003
10,176.91,1,57,0.359,0.0832,0,0,3.9,0.244,4.06,3.48,8.78,4.5,0,1.1,176.91,11.63265306122449,0.0,1.6155
27,118.68,7,0,0.106,0.0456,0,0,6.3,0.49,3.43,7.33,8.28,3.0,0,1.2592592592592593,830.76,0.0,0.0,0.318
55,48.59,14,33,0.039,0.0,2,1,3.1,0.45,4.55,4.85,8.22,3.0,0,1.2545454545454544,680.26,8.048780487804878,0.0,0.11699999999999999
54,115.27,14,59,0.223,0.0392,1,0,2.6,0.832,3.52,3.38,7.72,3.9,1,1.2592592592592593,1613.78,16.38888888888889,0.004495412844036698,0.8697
50,98.23,26,16,0.34,0.2888,5,0,3.9,0.519,1.94,6.37,2.64,4.8,0,1.52,2553.98,3.265306122448979,0.3967032967032967,1.6320000000000001
55,83.72,14,90,0.291,0.0592,2,0,0.5,0.909,3.26,1.13,6.73,4.5,1,1.2545454545454544,1172.08,60.0,0.015316946959896507,1.3094999999999999
23,81.7,6,47,0.16,0.1488,1,0,1.5,0.748,4.77,3.35,8.61,3.6,1,1.2608695652173914,490.20000000000005,18.8,0.015483870967741935,0.5760000000000001
35,64.91,1,185,0.324,0.0424,0,0,5.1,0.743,3.68,1.73,8.54,4.9,1,1.0285714285714285,64.91,30.32786885245902,0.0,1.5876000000000001
31,213.4,8,70,0.439,0.0072,1,1,0.8,0.951,4.63,2.03,8.94,4.8,1,1.2580645161290323,1707.2,38.888888888888886,0.0007243460764587526,2.1071999999999997
49,15.87,1,54,0.151,0.0248,0,0,5.8,0.526,4.69,4.27,9.61,4.0,0,1.0204081632653061,15.87,7.9411764705882355,0.0,0.604
40,133.27,51,30,0.322,0.0848,1,0,6.2,0.265,3.95,7.23,8.0,4.5,0,2.275,6796.77,4.166666666666667,0.009422222222222222,1.449
24,120.37,1,17,0.014,0.0968,1,0,5.6,0.561,3.76,6.05,7.77,2.4,0,1.0416666666666667,120.37,2.5757575757575757,0.011037628278221209,0.0336
29,92.99,15,53,0.409,0.0984,0,0,3.5,0.474,4.07,4.02,8.74,5.3,0,1.5172413793103448,1394.85,11.777777777777779,0.0,2.1677
35,79.63,9,36,0.152,0.0128,3,0,0.3,0.483,3.41,3.6,6.37,3.6,1,1.2571428571428571,716.67,27.69230769230769,0.005210312075983718,0.5472
16,46.82,1,13,0.448,0.1112,1,0,2.9,0.57,4.5,5.35,8.46,5.9,0,1.0625,46.82,3.3333333333333335,0.01175475687103594,2.6432
23,110.9,6,46,0.225,0.008,0,0,2.8,0.448,2.96,3.83,7.93,3.9,0,1.2608695652173914,665.4000000000001,12.105263157894738,0.0,0.8775
13,51.17,1,25,0.503,0.0984,2,0,5.8,0.728,4.95,5.72,8.29,6.2,0,1.0769230769230769,51.17,3.6764705882352944,0.02118406889128095,3.1186000000000003
26,167.11,1,5,0.42,0.0864,1,0,3.4,0.829,3.96,5.92,8.01,4.9,0,1.0384615384615385,167.11,1.1363636363636362,0.009589345172031078,2.0580000000000003
54,89.44,14,135,0.086,0.0064,1,1,2.2,0.6,3.46,1.2,7.77,3.1,1,1.2592592592592593,1252.1599999999999,42.1875,0.0007297605473204105,0.2666
2,77.48,1,22,0.066,0.0056,1,0,7.6,0.773,4.55,6.47,8.86,3.0,0,1.5,77.48,2.558139534883721,0.0005679513184584179,0.198
52,49.06,27,23,0.135,0.0224,0,0,1.1,0.863,5.0,5.12,9.93,3.7,0,1.5192307692307692,1324.6200000000001,10.952380952380953,0.0,0.49950000000000006
8,66.12,1,14,0.127,0.0352,0,0,1.5,0.732,3.23,4.83,8.11,3.5,0,1.125,66.12,5.6,0.0,0.4445
4,103.95,3,1,0.231,0.0288,0,0,1.7,0.509,5.0,5.62,9.9,4.0,0,1.75,311.85,0.37037037037037035,0.0,0.924
9,35.17,1,24,0.664,0.0968,1,0,1.3,0.935,4.17,4.27,8.18,7.4,0,1.1111111111111112,35.17,10.434782608695652,0.010544662309368192,4.913600000000001
